Order_ID,Order_Date,Product,Category,Region,Quantity,Unit_Price,Discount,Revenue,Profit
1001,2023-01-02,Wireless Mouse,Electronics,North,5,45,0.05,213.75,
1002,2023-01-02,Standing Desk,Furniture,South,2,550,0.2,880.0,
1003,2023-01-02,Wireless Mouse,Electronics,West,1,45,0.0,45.0,
1004,2023-01-03,Standing Desk,Furniture,South,1,550,0.2,440.0,
1005,2023-01-04,Smart Speaker,Electronics,West,4,95,0.15,323.0,
1006,2023-01-05,Notebook Set,Office Supplies,North,3,18,0.15,45.9,
1007,2023-01-05,Inkjet Printer,Office Supplies,East,3,180,0.05,513.0,
1008,2023-01-05,Inkjet Printer,Office Supplies,North,2,180,0.15,306.0,
1009,2023-01-06,Inkjet Printer,Office Supplies,East,5,180,0.0,900.0,
1010,2023-01-09,Plant Pot,Home Decor,North,7,30,0.0,210.0,
1011,2023-01-09,,Electronics,East,6,95,0.2,456.0,
1012,2023-01-09,Standing Desk,Furniture,North,1,550,0.05,522.5,
1013,2023-01-10,Wireless Mouse,Electronics,South,2,45,0.15,76.5,
1014,2023-01-10,Notebook Set,Office Supplies,West,6,18,0.05,102.6,
1015,2023-01-11,Inkjet Printer,Office Supplies,South,5,180,0.0,900.0,
1016,2023-01-11,Storage Cabinet,Furniture,South,4,280,0.05,1064.0,
1017,2023-01-12,Desk Lamp,Home Decor,East,4,60,0.1,216.0,
1018,2023-01-12,Laptop Pro 14,Electronics,South,1,1200,0.1,1080.0,
1019,2023-01-13,Notebook Set,Office Supplies,North,4,18,0.2,57.6,
1020,2023-01-13,Inkjet Printer,Office Supplies,South,8,180,0.15,1224.0,
1021,2023-01-16,Plant Pot,Home Decor,South,5,30,0.05,142.5,
1022,2023-01-16,Standing Desk,Furniture,East,7,550,0.2,3080.0,
1023,2023-01-16,Desk Lamp,Home Decor,East,4,60,0.05,228.0,
1024,2023-01-17,Plant Pot,Home Decor,North,1,30,0.0,30.0,
1025,2023-01-17,Office Chair,Furniture,South,7,220,0.2,1232.0,
1026,2023-01-17,Wireless Mouse,Electronics,West,7,45,,252.0,
1027,2023-01-18,Smart Speaker,Electronics,East,1,95,0.0,95.0,
1028,2023-01-18,Smart Speaker,Electronics,East,6,95,0.0,570.0,
1029,2023-01-19,Desk Lamp,Home Decor,South,8,60,0.0,480.0,
1030,2023-01-19,Notebook Set,Office Supplies,South,2,18,0.1,32.4,
1031,2023-01-20,Smart Speaker,Electronics,South,3,95,0.1,256.5,
1032,2023-01-20,Office Chair,Furniture,North,6,220,0.15,1122.0,
1033,2023-01-20,Laptop Pro 14,Electronics,North,6,1200,0.1,6480.0,
1034,2023-01-23,Laptop Pro 14,Electronics,South,2,1200,0.0,2400.0,
1035,2023-01-24,Plant Pot,Home Decor,North,3,30,0.05,85.5,
1036,2023-01-24,Plant Pot,Home Decor,South,5,30,0.2,120.0,
1037,2023-01-24,Storage Cabinet,Furniture,West,4,280,0.2,896.0,
1038,2023-01-25,Standing Desk,Furniture,East,7,550,0.1,3465.0,
1039,2023-01-25,Plant Pot,Home Decor,West,2,30,0.05,57.0,
1040,2023-01-25,Standing Desk,Furniture,North,6,550,0.0,3300.0,
1041,2023-01-26,Smart Speaker,Electronics,South,4,95,0.0,380.0,
1042,2023-01-26,Wireless Mouse,Electronics,North,4,45,0.0,180.0,
1043,2023-01-26,Laptop Pro 14,Electronics,East,2,1200,0.2,1920.0,
1044,2023-01-27,Notebook Set,Office Supplies,West,4,18,0.2,57.6,
1045,2023-01-30,Storage Cabinet,Furniture,West,4,280,0.15,952.0,
1046,2023-01-31,Standing Desk,Furniture,North,2,550,0.15,935.0,
1047,2023-01-31,Inkjet Printer,Office Supplies,West,7,180,0.15,1071.0,
1048,2023-02-01,Laptop Pro 14,Electronics,North,1,1200,0.15,1020.0,
1049,2023-02-01,Inkjet Printer,Office Supplies,North,4,180,0.05,684.0,
1050,2023-02-01,Standing Desk,Furniture,West,3,550,0.15,1402.5,
1051,2023-02-02,Notebook Set,Office Supplies,West,4,18,0.0,72.0,
1052,2023-02-03,Smart Speaker,Electronics,North,1,95,0.2,76.0,
1053,2023-02-03,Laptop Pro 14,Electronics,North,4,1200,0.05,4560.0,
1054,2023-02-06,Plant Pot,Home Decor,West,4,30,0.15,102.0,
1055,2023-02-06,Laptop Pro 14,Electronics,South,7,1200,0.0,8400.0,
1056,2023-02-07,Notebook Set,Office Supplies,West,5,18,0.15,76.5,
1057,2023-02-07,Smart Speaker,Electronics,West,3,95,0.05,270.75,
1058,2023-02-08,Standing Desk,Furniture,North,1,550,0.1,495.0,
1059,2023-02-08,Laptop Pro 14,Electronics,North,8,1200,0.2,7680.0,
1060,2023-02-09,Office Chair,Furniture,North,2,220,0.05,418.0,
1011,2023-01-09,,Electronics,East,6,95,0.2,456.0,
1062,2023-02-09,Wireless Mouse,Electronics,South,1,45,0.2,36.0,
1063,2023-02-10,Desk Lamp,Home Decor,East,5,60,0.05,285.0,
1064,2023-02-13,Inkjet Printer,Office Supplies,South,5,180,0.15,765.0,
1065,2023-02-13,Office Chair,Furniture,East,8,220,0.1,1584.0,
1066,2023-02-13,Wireless Mouse,Electronics,North,8,45,0.2,288.0,
1067,2023-02-14,Wireless Mouse,Electronics,North,4,45,0.2,144.0,
1068,2023-02-14,Notebook Set,Office Supplies,South,6,18,0.0,108.0,
1069,2023-02-14,Standing Desk,Furniture,East,5,550,0.05,2612.5,
1070,2023-02-15,Smart Speaker,Electronics,East,1,95,0.2,76.0,
1071,2023-02-15,Notebook Set,Office Supplies,North,3,18,0.1,48.6,
1072,2023-02-16,Wireless Mouse,Electronics,South,5,45,0.1,202.5,
1073,2023-02-17,Standing Desk,Furniture,East,4,550,0.1,1980.0,
1074,2023-02-17,Smart Speaker,Electronics,West,5,95,0.0,475.0,
1075,2023-02-17,Wireless Mouse,Electronics,West,5,45,0.0,225.0,
1076,2023-02-20,Inkjet Printer,Office Supplies,South,5,180,0.05,855.0,
1077,2023-02-21,Plant Pot,Home Decor,West,1,30,0.0,30.0,
1078,2023-02-21,Wireless Mouse,Electronics,South,1,45,0.1,40.5,
1079,2023-02-21,Storage Cabinet,Furniture,South,7,280,0.05,1862.0,
1080,2023-02-22,Notebook Set,Office Supplies,East,1,18,0.1,16.2,
1081,2023-02-23,Standing Desk,Furniture,North,6,550,0.2,2640.0,
1082,2023-02-24,Storage Cabinet,Furniture,South,4,280,0.05,1064.0,
1083,2023-02-24,Office Chair,Furniture,West,1,220,0.05,209.0,
1084,2023-02-27,Inkjet Printer,Office Supplies,West,4,180,0.1,648.0,
1085,2023-02-27,Office Chair,Furniture,North,7,220,0.0,1540.0,
1086,2023-02-27,Plant Pot,Home Decor,South,4,30,0.15,102.0,
1087,2023-02-28,Notebook Set,Office Supplies,South,4,18,0.0,72.0,
1088,2023-02-28,Standing Desk,Furniture,West,6,550,0.1,2970.0,
1089,2023-03-01,Notebook Set,Office Supplies,East,7,18,0.2,100.8,
1090,2023-03-02,Laptop Pro 14,Electronics,North,5,1200,0.05,5700.0,
1091,2023-03-02,Storage Cabinet,Furniture,East,1,280,0.0,280.0,
1092,2023-03-03,Desk Lamp,Home Decor,East,6,60,0.15,306.0,
1093,2023-03-03,Storage Cabinet,Furniture,North,7,280,0.2,1568.0,
1094,2023-03-03,Standing Desk,Furniture,East,1,550,0.15,467.5,
1095,2023-03-06,Smart Speaker,Electronics,South,6,95,0.15,484.5,
1096,2023-03-07,Inkjet Printer,Office Supplies,East,2,180,0.1,324.0,
1097,2023-03-08,Notebook Set,Office Supplies,West,6,18,0.15,91.8,
1098,2023-03-08,Notebook Set,Office Supplies,South,4,18,0.15,61.2,
1099,2023-03-08,Desk Lamp,Home Decor,South,5,60,0.15,255.0,
1100,2023-03-09,Laptop Pro 14,Electronics,East,5,1200,0.05,5700.0,
1101,2023-03-09,Desk Lamp,Home Decor,East,8,60,0.15,408.0,
1102,2023-03-09,Plant Pot,Home Decor,South,8,30,0.05,228.0,
1103,2023-03-10,Wireless Mouse,Electronics,East,6,45,0.0,270.0,
1104,2023-03-10,Standing Desk,Furniture,East,4,550,0.05,2090.0,
1105,2023-03-10,Office Chair,Furniture,North,1,220,0.05,209.0,
1106,2023-03-13,Storage Cabinet,Furniture,North,8,280,0.15,1904.0,
1107,2023-03-13,Storage Cabinet,Furniture,South,7,280,0.15,1666.0,
1108,2023-03-14,Standing Desk,Furniture,South,1,550,0.0,550.0,
1109,2023-03-14,Desk Lamp,Home Decor,South,3,60,0.2,144.0,
1110,2023-03-15,Laptop Pro 14,Electronics,South,2,1200,0.15,2040.0,
1111,2023-03-15,Office Chair,Furniture,West,6,220,0.15,1122.0,
1112,2023-03-16,Smart Speaker,Electronics,West,8,95,0.05,722.0,
1113,2023-03-16,Plant Pot,Home Decor,West,5,30,0.05,142.5,
1114,2023-03-16,Notebook Set,Office Supplies,West,4,18,0.1,64.8,
1115,2023-03-17,Wireless Mouse,Electronics,East,4,45,0.1,162.0,
1116,2023-03-17,Inkjet Printer,Office Supplies,East,2,180,0.05,342.0,
1117,2023-03-20,Standing Desk,Furniture,West,3,550,0.05,1567.5,
1118,2023-03-21,Desk Lamp,Home Decor,West,6,60,0.2,288.0,
1119,2023-03-22,Desk Lamp,Home Decor,North,4,60,0.15,204.0,
1120,2023-03-22,Desk Lamp,Home Decor,North,7,60,0.15,357.0,
1121,2023-03-23,Inkjet Printer,Office Supplies,East,7,180,0.15,1071.0,
1122,2023-03-24,Smart Speaker,Electronics,South,8,95,0.05,722.0,
1123,2023-03-24,Notebook Set,Office Supplies,West,8,18,0.0,144.0,
1124,2023-03-24,Desk Lamp,Home Decor,East,7,60,0.05,399.0,
1125,2023-03-27,Office Chair,Furniture,North,7,220,0.2,1232.0,
1126,2023-03-27,Storage Cabinet,Furniture,North,2,280,0.15,476.0,
1127,2023-03-28,Plant Pot,Home Decor,South,1,30,0.1,27.0,
1128,2023-03-29,Inkjet Printer,Office Supplies,South,8,180,0.1,1296.0,
1129,2023-03-29,Inkjet Printer,Office Supplies,West,5,180,0.15,765.0,
1130,2023-03-30,Wireless Mouse,Electronics,West,1,45,0.2,36.0,
1131,2023-03-30,Laptop Pro 14,Electronics,East,4,1200,0.0,4800.0,
1132,2023-03-31,Laptop Pro 14,Electronics,North,4,1200,0.05,4560.0,
1133,2023-03-31,Laptop Pro 14,Electronics,South,4,1200,0.05,4560.0,
1134,2023-03-31,Plant Pot,Home Decor,North,4,30,0.15,102.0,
1135,2023-04-03,Notebook Set,Office Supplies,East,3,18,0.2,43.2,
1136,2023-04-03,Storage Cabinet,Furniture,North,3,280,0.1,756.0,
1137,2023-04-03,Wireless Mouse,Electronics,North,5,45,0.2,180.0,
1138,2023-04-04,Desk Lamp,Home Decor,West,4,60,0.0,240.0,
1139,2023-04-04,Storage Cabinet,Furniture,South,2,280,0.1,504.0,
1140,2023-04-04,Storage Cabinet,Furniture,North,1,280,0.1,252.0,
1141,2023-04-05,Desk Lamp,Home Decor,East,2,60,0.2,96.0,
1142,2023-04-05,Inkjet Printer,Office Supplies,North,7,180,0.15,1071.0,
1143,2023-04-05,Wireless Mouse,Electronics,West,6,45,0.15,229.5,
1144,2023-04-06,Office Chair,Furniture,West,3,220,0.2,528.0,
1145,2023-04-06,Notebook Set,Office Supplies,West,8,18,0.15,122.4,
1146,2023-04-06,Storage Cabinet,Furniture,East,6,280,0.05,1596.0,
1147,2023-04-07,Notebook Set,Office Supplies,West,4,18,0.15,61.2,
1148,2023-04-10,Storage Cabinet,Furniture,West,6,280,0.0,1680.0,
1149,2023-04-10,Plant Pot,Home Decor,East,3,30,0.15,76.5,
1150,2023-04-10,Standing Desk,Furniture,East,5,550,0.1,2475.0,
1151,2023-04-11,Storage Cabinet,Furniture,East,1,280,0.2,224.0,
1152,2023-04-11,Standing Desk,Furniture,North,4,550,0.15,1870.0,
1153,2023-04-12,Smart Speaker,Electronics,South,8,95,0.15,646.0,
1154,2023-04-12,Plant Pot,Home Decor,North,2,30,0.1,54.0,
1155,2023-04-13,Desk Lamp,Home Decor,South,5,60,0.2,240.0,
1156,2023-04-14,Plant Pot,Home Decor,East,7,30,0.2,168.0,
1157,2023-04-14,Inkjet Printer,Office Supplies,East,8,180,0.1,1296.0,
1158,2023-04-17,Notebook Set,Office Supplies,South,2,18,0.05,34.2,
1159,2023-04-17,Inkjet Printer,Office Supplies,North,3,180,0.05,513.0,
1160,2023-04-18,Plant Pot,Home Decor,East,5,30,0.0,150.0,
1161,2023-04-19,Notebook Set,Office Supplies,South,6,18,0.05,102.6,
1162,2023-04-20,Laptop Pro 14,Electronics,South,5,1200,0.0,6000.0,
1163,2023-04-20,Laptop Pro 14,Electronics,East,3,1200,0.15,3060.0,
1164,2023-04-21,Laptop Pro 14,Electronics,East,8,1200,0.15,8160.0,
1165,2023-04-24,Inkjet Printer,Office Supplies,South,1,180,0.1,162.0,
1166,2023-04-24,Plant Pot,Home Decor,North,2,30,0.15,51.0,
1167,2023-04-25,Wireless Mouse,Electronics,North,3,45,0.05,128.25,
1168,2023-04-25,Storage Cabinet,Furniture,East,2,280,0.05,532.0,
1169,2023-04-26,Smart Speaker,Electronics,West,4,95,0.2,304.0,
1170,2023-04-27,Plant Pot,Home Decor,West,5,30,0.2,120.0,
1171,2023-04-27,Desk Lamp,Home Decor,East,1,60,0.2,48.0,
1172,2023-04-28,Wireless Mouse,Electronics,South,4,45,0.1,162.0,
1173,2023-04-28,Wireless Mouse,Electronics,South,4,45,0.05,171.0,
1174,2023-04-28,Smart Speaker,Electronics,North,3,95,0.0,285.0,
1175,2023-05-01,Plant Pot,Home Decor,West,5,30,0.0,150.0,
1176,2023-05-01,Standing Desk,Furniture,East,5,550,0.15,2337.5,
1177,2023-05-02,Standing Desk,Furniture,East,4,550,0.15,1870.0,
1178,2023-05-03,Smart Speaker,Electronics,South,3,95,0.1,256.5,
1179,2023-05-04,Wireless Mouse,Electronics,North,3,45,0.1,121.5,
1180,2023-05-05,Storage Cabinet,Furniture,East,8,280,0.0,2240.0,
1181,2023-05-05,Plant Pot,Home Decor,East,7,30,0.1,189.0,
1182,2023-05-05,Smart Speaker,Electronics,West,8,95,0.0,760.0,
1183,2023-05-08,Laptop Pro 14,Electronics,West,6,1200,0.2,5760.0,
1184,2023-05-08,Notebook Set,Office Supplies,North,2,18,0.05,34.2,
1185,2023-05-08,Storage Cabinet,Furniture,North,5,280,0.2,1120.0,
1186,2023-05-09,Office Chair,Furniture,West,8,220,0.1,1584.0,
1187,2023-05-10,Storage Cabinet,Furniture,West,8,280,0.0,2240.0,
1188,2023-05-11,Inkjet Printer,Office Supplies,West,6,180,0.1,972.0,
1189,2023-05-11,Wireless Mouse,Electronics,South,6,45,0.15,229.5,
1190,2023-05-12,Plant Pot,Home Decor,East,7,30,0.2,168.0,
1191,2023-05-12,Laptop Pro 14,Electronics,West,2,1200,0.1,2160.0,
1192,2023-05-12,Notebook Set,Office Supplies,East,2,18,0.15,30.6,
1193,2023-05-15,Laptop Pro 14,Electronics,West,7,1200,0.0,8400.0,
1194,2023-05-15,Standing Desk,Furniture,East,8,550,0.15,3740.0,
1195,2023-05-15,Laptop Pro 14,Electronics,South,5,1200,0.2,4800.0,
1196,2023-05-16,Notebook Set,Office Supplies,West,8,18,0.0,144.0,
1197,2023-05-17,Storage Cabinet,Furniture,South,3,280,0.1,756.0,
1198,2023-05-18,Laptop Pro 14,Electronics,West,2,1200,0.05,2280.0,
1199,2023-05-18,Wireless Mouse,Electronics,West,2,45,0.05,85.5,
1200,2023-05-18,Plant Pot,Home Decor,East,5,30,0.15,127.5,
1201,2023-05-19,Plant Pot,Home Decor,South,8,30,0.2,192.0,
1202,2023-05-19,Office Chair,Furniture,West,4,220,0.2,704.0,
1203,2023-05-22,Office Chair,Furniture,North,5,220,0.15,935.0,
1204,2023-05-22,Inkjet Printer,Office Supplies,East,1,180,0.1,162.0,
1205,2023-05-22,Notebook Set,Office Supplies,West,3,18,0.15,45.9,
1206,2023-05-23,Plant Pot,Home Decor,East,6,30,0.2,144.0,
1207,2023-05-23,Smart Speaker,Electronics,West,8,95,0.1,684.0,
1208,2023-05-23,Standing Desk,Furniture,South,7,550,0.05,3657.5,
1209,2023-05-24,Laptop Pro 14,Electronics,East,8,1200,0.15,8160.0,
1210,2023-05-24,Desk Lamp,Home Decor,South,8,60,0.0,480.0,
1211,2023-05-25,Smart Speaker,Electronics,East,2,95,0.15,161.5,
1212,2023-05-26,Smart Speaker,Electronics,West,1,95,0.05,90.25,
1213,2023-05-29,Office Chair,Furniture,North,8,220,0.1,1584.0,
1214,2023-05-29,Inkjet Printer,Office Supplies,West,2,180,0.1,324.0,
1215,2023-05-30,Smart Speaker,Electronics,West,6,95,0.15,484.5,
1216,2023-05-30,Smart Speaker,Electronics,North,2,95,0.05,180.5,
1217,2023-05-30,Notebook Set,Office Supplies,South,2,18,0.15,30.6,
1218,2023-05-31,Wireless Mouse,Electronics,West,3,45,0.1,121.5,
1219,2023-06-01,Laptop Pro 14,Electronics,East,1,1200,0.1,1080.0,
1220,2023-06-02,Inkjet Printer,Office Supplies,West,3,180,0.05,513.0,
1221,2023-06-02,Smart Speaker,Electronics,West,3,95,0.05,270.75,
1222,2023-06-05,Wireless Mouse,Electronics,West,4,45,0.15,153.0,
1223,2023-06-06,Office Chair,Furniture,South,8,220,0.1,1584.0,
1224,2023-06-06,Plant Pot,Home Decor,East,1,30,0.15,25.5,
1225,2023-06-06,Notebook Set,Office Supplies,South,2,18,0.15,30.6,
1226,2023-06-07,Storage Cabinet,Furniture,East,7,280,0.1,1764.0,
1227,2023-06-07,Plant Pot,Home Decor,East,4,30,0.15,102.0,
1228,2023-06-08,Wireless Mouse,Electronics,South,7,45,0.2,252.0,
1229,2023-06-08,Inkjet Printer,Office Supplies,East,5,180,0.0,900.0,
1230,2023-06-09,Desk Lamp,Home Decor,East,1,60,0.2,48.0,
1231,2023-06-09,Laptop Pro 14,Electronics,West,5,1200,0.05,5700.0,
1232,2023-06-09,Storage Cabinet,Furniture,East,4,280,0.05,1064.0,
1233,2023-06-12,Notebook Set,Office Supplies,South,2,18,0.0,36.0,
1234,2023-06-12,Notebook Set,Office Supplies,West,1,18,0.2,14.4,
1235,2023-06-12,Inkjet Printer,Office Supplies,South,2,180,0.1,324.0,
1236,2023-06-13,Desk Lamp,Home Decor,South,4,60,0.05,228.0,
1237,2023-06-13,Smart Speaker,Electronics,East,5,95,0.05,451.25,
1238,2023-06-14,Plant Pot,Home Decor,East,6,30,0.0,180.0,
1239,2023-06-14,Plant Pot,Home Decor,North,3,30,0.05,85.5,
1240,2023-06-15,Desk Lamp,Home Decor,East,2,60,0.15,102.0,
1241,2023-06-15,Laptop Pro 14,Electronics,East,2,1200,0.15,2040.0,
1242,2023-06-15,Inkjet Printer,Office Supplies,East,7,180,0.1,1134.0,
1243,2023-06-16,Standing Desk,Furniture,West,1,550,0.2,440.0,
1244,2023-06-19,Inkjet Printer,Office Supplies,South,2,180,0.15,306.0,
1245,2023-06-19,Notebook Set,Office Supplies,West,2,18,0.05,34.2,
1246,2023-06-19,Laptop Pro 14,Electronics,North,5,1200,0.15,5100.0,
1247,2023-06-20,Wireless Mouse,Electronics,South,3,45,0.15,114.75,
1248,2023-06-21,Inkjet Printer,Office Supplies,West,3,180,0.15,459.0,
1249,2023-06-21,Wireless Mouse,Electronics,West,7,45,0.1,283.5,
1250,2023-06-22,Inkjet Printer,Office Supplies,South,8,180,0.15,1224.0,
1251,2023-06-23,Inkjet Printer,Office Supplies,North,6,180,0.2,864.0,
1252,2023-06-26,Inkjet Printer,Office Supplies,North,7,180,0.1,1134.0,
1253,2023-06-26,Standing Desk,Furniture,North,8,550,0.0,4400.0,
1254,2023-06-26,Standing Desk,Furniture,North,1,550,0.1,495.0,
1255,2023-06-27,Office Chair,Furniture,South,2,220,0.2,352.0,
1256,2023-06-28,Storage Cabinet,Furniture,South,4,280,0.1,1008.0,
1257,2023-06-29,Storage Cabinet,Furniture,North,5,280,0.05,1330.0,
1258,2023-06-30,Smart Speaker,Electronics,East,3,95,0.0,285.0,
1259,2023-07-03,Laptop Pro 14,Electronics,South,1,1200,0.1,1080.0,
1260,2023-07-03,Standing Desk,Furniture,East,1,550,0.05,522.5,
1261,2023-07-03,Notebook Set,Office Supplies,North,3,18,0.15,45.9,
1262,2023-07-04,Wireless Mouse,Electronics,North,8,45,0.15,306.0,
1263,2023-07-04,Inkjet Printer,Office Supplies,North,8,180,0.2,1152.0,
1264,2023-07-04,Standing Desk,Furniture,North,5,550,0.15,2337.5,
1265,2023-07-05,Laptop Pro 14,Electronics,North,8,1200,0.15,8160.0,
1266,2023-07-05,Desk Lamp,Home Decor,North,8,60,0.15,408.0,
1267,2023-07-05,Wireless Mouse,Electronics,North,6,45,0.2,216.0,
1268,2023-07-06,Wireless Mouse,Electronics,South,5,45,0.2,180.0,
1269,2023-07-07,Storage Cabinet,Furniture,East,7,280,0.2,1568.0,
1270,2023-07-07,Smart Speaker,Electronics,East,8,95,0.2,608.0,
1271,2023-07-07,Storage Cabinet,Furniture,West,2,280,0.0,560.0,
1272,2023-07-10,Smart Speaker,Electronics,South,7,95,0.15,565.25,
1273,2023-07-10,Standing Desk,Furniture,West,6,550,0.15,2805.0,
1274,2023-07-10,Desk Lamp,Home Decor,West,2,60,0.1,108.0,
1275,2023-07-11,Inkjet Printer,Office Supplies,East,6,180,0.05,1026.0,
1276,2023-07-11,Plant Pot,Home Decor,North,2,30,0.0,60.0,
1277,2023-07-12,Desk Lamp,Home Decor,North,6,60,0.05,342.0,
1278,2023-07-13,Laptop Pro 14,Electronics,East,2,1200,0.15,2040.0,
1279,2023-07-13,Inkjet Printer,Office Supplies,West,1,180,0.1,162.0,
1280,2023-07-13,Storage Cabinet,Furniture,East,6,280,0.0,1680.0,
1281,2023-07-14,Smart Speaker,Electronics,South,3,95,0.15,242.25,
1282,2023-07-14,Standing Desk,Furniture,North,6,550,0.2,2640.0,
1283,2023-07-14,Inkjet Printer,Office Supplies,North,5,180,0.2,720.0,
1284,2023-07-17,Desk Lamp,Home Decor,North,5,60,0.0,300.0,
1285,2023-07-18,Notebook Set,Office Supplies,East,6,18,0.1,97.2,
1286,2023-07-19,Office Chair,Furniture,South,7,220,0.0,1540.0,
1287,2023-07-20,Laptop Pro 14,Electronics,North,4,1200,0.15,4080.0,
1288,2023-07-21,Plant Pot,Home Decor,East,3,30,0.1,81.0,
1289,2023-07-21,Notebook Set,Office Supplies,East,2,18,0.0,36.0,
1290,2023-07-24,Office Chair,Furniture,North,2,220,0.1,396.0,
1291,2023-07-25,Desk Lamp,Home Decor,West,8,60,0.15,408.0,
1292,2023-07-25,Notebook Set,Office Supplies,South,2,18,0.1,32.4,
1293,2023-07-26,Wireless Mouse,Electronics,East,8,45,0.2,288.0,
1294,2023-07-26,Notebook Set,Office Supplies,North,4,18,0.15,61.2,
1295,2023-07-27,Laptop Pro 14,Electronics,North,4,1200,0.1,4320.0,
1296,2023-07-27,Standing Desk,Furniture,South,5,550,0.1,2475.0,
1297,2023-07-27,Inkjet Printer,Office Supplies,North,1,180,0.15,153.0,
1298,2023-07-28,Desk Lamp,Home Decor,South,3,60,0.15,153.0,
1299,2023-07-28,Smart Speaker,Electronics,South,6,95,0.0,570.0,
1300,2023-07-28,Desk Lamp,Home Decor,North,7,60,0.0,420.0,
1301,2023-07-31,Wireless Mouse,Electronics,East,7,45,0.2,252.0,
1302,2023-07-31,Desk Lamp,Home Decor,West,5,60,0.0,300.0,
1303,2023-08-01,Laptop Pro 14,Electronics,East,3,1200,0.2,2880.0,
1304,2023-08-01,Plant Pot,Home Decor,East,2,30,0.15,51.0,
1305,2023-08-02,Standing Desk,Furniture,West,7,550,0.2,3080.0,
1306,2023-08-03,Desk Lamp,Home Decor,East,6,60,0.05,342.0,
1307,2023-08-04,Office Chair,Furniture,North,2,220,0.2,352.0,
1308,2023-08-04,Smart Speaker,Electronics,South,6,95,0.1,513.0,
1309,2023-08-07,Office Chair,Furniture,South,2,220,0.05,418.0,
1310,2023-08-07,Notebook Set,Office Supplies,South,3,18,0.2,43.2,
1311,2023-08-07,Office Chair,Furniture,North,3,220,0.15,561.0,
1312,2023-08-08,Storage Cabinet,Furniture,West,6,280,0.1,1512.0,
1313,2023-08-08,Office Chair,Furniture,West,2,220,0.15,374.0,
1314,2023-08-09,Notebook Set,Office Supplies,East,1,18,0.1,16.2,
1315,2023-08-09,Smart Speaker,Electronics,North,5,95,0.15,403.75,
1316,2023-08-10,Laptop Pro 14,Electronics,North,6,1200,0.1,6480.0,
1317,2023-08-10,Wireless Mouse,Electronics,North,7,45,0.15,267.75,
1318,2023-08-11,Smart Speaker,Electronics,North,8,95,0.2,608.0,
1319,2023-08-11,Standing Desk,Furniture,East,8,550,0.2,3520.0,
1320,2023-08-11,Office Chair,Furniture,North,8,220,0.0,1760.0,
1321,2023-08-14,Wireless Mouse,Electronics,South,1,45,0.05,42.75,
1322,2023-08-14,Plant Pot,Home Decor,West,3,30,0.1,81.0,
1323,2023-08-15,Notebook Set,Office Supplies,West,7,18,0.1,113.4,
1324,2023-08-15,Storage Cabinet,Furniture,North,6,280,0.0,1680.0,
1325,2023-08-16,Wireless Mouse,Electronics,West,5,45,0.1,202.5,
1326,2023-08-16,Storage Cabinet,Furniture,South,6,280,0.0,1680.0,
1327,2023-08-17,Office Chair,Furniture,East,5,220,0.15,935.0,
1328,2023-08-17,Office Chair,Furniture,North,5,220,0.2,880.0,
1329,2023-08-17,Desk Lamp,Home Decor,East,3,60,0.2,144.0,
1330,2023-08-18,Desk Lamp,Home Decor,East,1,60,0.1,54.0,
1331,2023-08-21,Office Chair,Furniture,South,6,220,0.15,1122.0,
1332,2023-08-21,Standing Desk,Furniture,South,3,550,0.05,1567.5,
1333,2023-08-22,Notebook Set,Office Supplies,North,1,18,0.1,16.2,
1334,2023-08-23,Office Chair,Furniture,West,3,220,0.05,627.0,
1335,2023-08-23,Office Chair,Furniture,South,8,220,0.0,1760.0,
1336,2023-08-23,Desk Lamp,Home Decor,East,4,60,0.15,204.0,
1337,2023-08-24,Notebook Set,Office Supplies,West,4,18,0.2,57.6,
1338,2023-08-24,Standing Desk,Furniture,East,8,550,0.05,4180.0,
1339,2023-08-24,Inkjet Printer,Office Supplies,West,8,180,0.1,1296.0,
1340,2023-08-25,Smart Speaker,Electronics,West,3,95,0.05,270.75,
1341,2023-08-25,Storage Cabinet,Furniture,South,5,280,0.0,1400.0,
1342,2023-08-28,Plant Pot,Home Decor,East,2,30,0.2,48.0,
1343,2023-08-28,Wireless Mouse,Electronics,East,2,45,0.05,85.5,
1344,2023-08-28,Notebook Set,Office Supplies,West,3,18,0.15,45.9,
1345,2023-08-29,Standing Desk,Furniture,West,6,550,0.0,3300.0,
1346,2023-08-30,Laptop Pro 14,Electronics,West,6,1200,0.05,6840.0,
1347,2023-08-30,Desk Lamp,Home Decor,North,6,60,0.05,342.0,
1348,2023-08-31,Inkjet Printer,Office Supplies,North,6,180,0.05,1026.0,
1349,2023-09-01,Laptop Pro 14,Electronics,East,8,1200,0.05,9120.0,
1350,2023-09-04,Plant Pot,Home Decor,West,1,30,0.0,30.0,
1351,2023-09-04,Laptop Pro 14,Electronics,East,4,1200,0.05,4560.0,
1352,2023-09-04,Smart Speaker,Electronics,West,2,95,0.1,171.0,
1353,2023-09-05,Notebook Set,Office Supplies,North,1,18,0.05,17.1,
1354,2023-09-06,Storage Cabinet,Furniture,West,2,280,0.0,560.0,
1355,2023-09-06,Plant Pot,Home Decor,North,4,30,0.05,114.0,
1356,2023-09-07,Desk Lamp,Home Decor,North,6,60,0.05,342.0,
1357,2023-09-07,Storage Cabinet,Furniture,West,3,280,0.0,840.0,
1358,2023-09-08,Inkjet Printer,Office Supplies,North,1,180,0.15,153.0,
1359,2023-09-08,Plant Pot,Home Decor,North,7,30,0.1,189.0,
1360,2023-09-08,Notebook Set,Office Supplies,North,6,18,0.0,108.0,
1361,2023-09-11,Standing Desk,Furniture,North,6,550,0.05,3135.0,
1362,2023-09-11,Laptop Pro 14,Electronics,East,6,1200,0.05,6840.0,
1363,2023-09-12,Plant Pot,Home Decor,West,3,30,0.05,85.5,
1364,2023-09-12,Wireless Mouse,Electronics,West,1,45,0.1,40.5,
1365,2023-09-12,Standing Desk,Furniture,North,4,550,0.0,2200.0,
1366,2023-09-13,Notebook Set,Office Supplies,West,8,18,0.1,129.6,
1367,2023-09-13,Laptop Pro 14,Electronics,South,5,1200,0.1,5400.0,
1368,2023-09-14,Inkjet Printer,Office Supplies,East,2,180,0.1,324.0,
1369,2023-09-15,Desk Lamp,Home Decor,West,7,60,0.1,378.0,
1370,2023-09-15,Office Chair,Furniture,West,8,220,0.1,1584.0,
1371,2023-09-18,Notebook Set,Office Supplies,North,7,18,0.0,126.0,
1372,2023-09-18,Desk Lamp,Home Decor,South,5,60,0.1,270.0,
1373,2023-09-18,Wireless Mouse,Electronics,North,6,45,0.1,243.0,
1374,2023-09-19,Plant Pot,Home Decor,West,3,30,0.15,76.5,
1375,2023-09-19,Inkjet Printer,Office Supplies,West,1,180,0.1,162.0,
1376,2023-09-20,Desk Lamp,Home Decor,East,1,60,0.0,60.0,
1377,2023-09-20,Desk Lamp,Home Decor,East,3,60,0.0,180.0,
1378,2023-09-20,Office Chair,Furniture,West,1,220,0.05,209.0,
1379,2023-09-21,Standing Desk,Furniture,East,6,550,0.15,2805.0,
1380,2023-09-22,Laptop Pro 14,Electronics,South,8,1200,0.1,8640.0,
1381,2023-09-22,Inkjet Printer,Office Supplies,West,2,180,0.2,288.0,
1382,2023-09-22,Office Chair,Furniture,East,7,220,0.1,1386.0,
1383,2023-09-25,Notebook Set,Office Supplies,South,2,18,0.0,36.0,
1384,2023-09-25,Office Chair,Furniture,West,7,220,0.2,1232.0,
1385,2023-09-25,Wireless Mouse,Electronics,East,5,45,0.15,191.25,
1386,2023-09-26,Storage Cabinet,Furniture,East,8,280,0.05,2128.0,
1387,2023-09-27,Office Chair,Furniture,North,8,220,0.05,1672.0,
1388,2023-09-28,Plant Pot,Home Decor,North,6,30,0.1,162.0,
1389,2023-09-28,Wireless Mouse,Electronics,East,5,45,0.05,213.75,
1390,2023-09-28,Office Chair,Furniture,East,4,220,0.0,880.0,
1391,2023-09-29,Office Chair,Furniture,South,8,220,0.0,1760.0,
1392,2023-10-02,Smart Speaker,Electronics,East,8,95,0.2,608.0,
1393,2023-10-02,Office Chair,Furniture,North,2,220,0.1,396.0,
1394,2023-10-03,Plant Pot,Home Decor,West,7,30,0.2,168.0,
1395,2023-10-03,Wireless Mouse,Electronics,South,6,45,0.0,270.0,
1396,2023-10-04,Plant Pot,Home Decor,East,3,30,0.2,72.0,
1397,2023-10-04,Storage Cabinet,Furniture,South,3,280,0.15,714.0,
1398,2023-10-05,Laptop Pro 14,Electronics,North,3,1200,0.1,3240.0,
1399,2023-10-05,Office Chair,Furniture,South,6,220,0.05,1254.0,
1400,2023-10-05,Inkjet Printer,Office Supplies,East,2,180,0.1,324.0,
1401,2023-10-06,Smart Speaker,Electronics,East,3,95,0.1,256.5,
1402,2023-10-09,Smart Speaker,Electronics,North,3,95,0.2,228.0,
1403,2023-10-09,Storage Cabinet,Furniture,South,3,280,0.2,672.0,
1404,2023-10-09,Storage Cabinet,Furniture,East,1,280,0.0,280.0,
1405,2023-10-10,Laptop Pro 14,Electronics,East,4,1200,0.2,3840.0,
1406,2023-10-11,Storage Cabinet,Furniture,North,8,280,0.2,1792.0,
1407,2023-10-11,Notebook Set,Office Supplies,East,8,18,0.05,136.8,
1408,2023-10-12,Desk Lamp,Home Decor,East,8,60,0.0,480.0,
1409,2023-10-12,Laptop Pro 14,Electronics,South,8,1200,0.15,8160.0,
1410,2023-10-12,Plant Pot,Home Decor,West,4,30,0.1,108.0,
1411,2023-10-13,Office Chair,Furniture,East,6,220,0.1,1188.0,
1412,2023-10-13,Desk Lamp,Home Decor,South,6,60,0.2,288.0,
1413,2023-10-13,Smart Speaker,Electronics,North,6,95,0.05,541.5,
1414,2023-10-16,Wireless Mouse,Electronics,East,8,45,0.05,342.0,
1415,2023-10-16,Office Chair,Furniture,North,1,220,0.1,198.0,
1416,2023-10-17,Storage Cabinet,Furniture,West,4,280,0.05,1064.0,
1417,2023-10-17,Inkjet Printer,Office Supplies,East,4,180,0.05,684.0,
1418,2023-10-18,Smart Speaker,Electronics,West,8,95,0.1,684.0,
1419,2023-10-18,Plant Pot,Home Decor,North,2,30,0.15,51.0,
1420,2023-10-19,Plant Pot,Home Decor,South,4,30,0.2,96.0,
1421,2023-10-19,Inkjet Printer,Office Supplies,North,1,180,0.1,162.0,
1422,2023-10-19,Plant Pot,Home Decor,West,5,30,0.2,120.0,
1423,2023-10-20,Wireless Mouse,Electronics,West,3,45,0.1,121.5,
1424,2023-10-23,Inkjet Printer,Office Supplies,West,6,180,0.0,1080.0,
1425,2023-10-23,Desk Lamp,Home Decor,North,4,60,0.1,216.0,
1426,2023-10-23,Smart Speaker,Electronics,East,2,95,0.15,161.5,
1427,2023-10-24,Plant Pot,Home Decor,East,2,30,0.05,57.0,
1428,2023-10-24,Wireless Mouse,Electronics,West,6,45,0.1,243.0,
1429,2023-10-24,Smart Speaker,Electronics,East,3,95,0.05,270.75,
1430,2023-10-25,Smart Speaker,Electronics,West,1,95,0.0,95.0,
1431,2023-10-25,Laptop Pro 14,Electronics,South,6,1200,0.15,6120.0,
1432,2023-10-25,Smart Speaker,Electronics,West,3,95,0.2,228.0,
1433,2023-10-26,Office Chair,Furniture,East,6,220,0.05,1254.0,
1434,2023-10-26,Desk Lamp,Home Decor,East,6,60,0.2,288.0,
1435,2023-10-26,Smart Speaker,Electronics,West,5,95,0.15,403.75,
1436,2023-10-27,Inkjet Printer,Office Supplies,East,2,180,0.15,306.0,
1437,2023-10-30,Notebook Set,Office Supplies,North,8,18,0.1,129.6,
1438,2023-10-30,Storage Cabinet,Furniture,South,1,280,0.2,224.0,
1439,2023-10-30,Plant Pot,Home Decor,South,7,30,0.05,199.5,
1440,2023-10-31,Standing Desk,Furniture,North,2,550,0.05,1045.0,
1441,2023-10-31,Laptop Pro 14,Electronics,West,6,1200,0.15,6120.0,
1442,2023-10-31,Office Chair,Furniture,West,4,220,0.15,748.0,
1443,2023-11-01,Storage Cabinet,Furniture,West,1,280,0.05,266.0,
1444,2023-11-01,Smart Speaker,Electronics,South,6,95,0.15,484.5,
1445,2023-11-01,Smart Speaker,Electronics,West,6,95,0.05,541.5,
1446,2023-11-02,Smart Speaker,Electronics,East,6,95,0.1,513.0,
1447,2023-11-02,Storage Cabinet,Furniture,West,4,280,0.05,1064.0,
1448,2023-11-03,Smart Speaker,Electronics,East,4,95,0.1,342.0,
1449,2023-11-03,Notebook Set,Office Supplies,South,8,18,0.1,129.6,
1450,2023-11-06,Inkjet Printer,Office Supplies,East,5,180,0.0,900.0,
1451,2023-11-06,Storage Cabinet,Furniture,West,7,280,0.1,1764.0,
1452,2023-11-07,Notebook Set,Office Supplies,North,5,18,0.0,90.0,
1453,2023-11-08,Plant Pot,Home Decor,East,8,30,0.05,228.0,
1454,2023-11-08,Standing Desk,Furniture,East,5,550,0.05,2612.5,
1455,2023-11-09,Storage Cabinet,Furniture,South,4,280,0.0,1120.0,
1456,2023-11-10,Smart Speaker,Electronics,South,4,95,0.0,380.0,
1457,2023-11-10,Wireless Mouse,Electronics,West,6,45,0.15,229.5,
1458,2023-11-10,Wireless Mouse,Electronics,South,1,45,0.2,36.0,
1459,2023-11-13,Desk Lamp,Home Decor,West,8,60,0.05,456.0,
1460,2023-11-14,Inkjet Printer,Office Supplies,East,1,180,0.0,180.0,
1461,2023-11-14,Storage Cabinet,Furniture,South,1,280,0.05,266.0,
1462,2023-11-15,Office Chair,Furniture,North,7,220,0.15,1309.0,
1463,2023-11-15,Office Chair,Furniture,East,1,220,0.0,220.0,
1464,2023-11-16,Storage Cabinet,Furniture,North,6,280,0.1,1512.0,
1465,2023-11-16,Plant Pot,Home Decor,West,3,30,0.2,72.0,
1466,2023-11-17,Notebook Set,Office Supplies,South,2,18,0.1,32.4,
1467,2023-11-17,Office Chair,Furniture,West,5,220,0.05,1045.0,
1468,2023-11-20,Inkjet Printer,Office Supplies,East,4,180,0.05,684.0,
1469,2023-11-21,Desk Lamp,Home Decor,West,6,60,0.0,360.0,
1470,2023-11-21,Desk Lamp,Home Decor,North,3,60,0.05,171.0,
1471,2023-11-21,Plant Pot,Home Decor,East,4,30,0.0,120.0,
1472,2023-11-22,Desk Lamp,Home Decor,South,8,60,0.1,432.0,
1473,2023-11-22,Inkjet Printer,Office Supplies,East,1,180,0.1,162.0,
1474,2023-11-23,Inkjet Printer,Office Supplies,South,1,180,0.0,180.0,
1475,2023-11-23,Plant Pot,Home Decor,East,3,30,0.15,76.5,
1476,2023-11-23,Smart Speaker,Electronics,East,2,95,0.1,171.0,
1477,2023-11-24,Storage Cabinet,Furniture,South,4,280,0.05,1064.0,
1478,2023-11-24,Plant Pot,Home Decor,South,8,30,0.2,192.0,
1479,2023-11-27,Desk Lamp,Home Decor,West,4,60,0.05,228.0,
1480,2023-11-27,Storage Cabinet,Furniture,North,8,280,0.2,1792.0,
1481,2023-11-28,Inkjet Printer,Office Supplies,North,2,180,0.0,360.0,
1482,2023-11-28,Smart Speaker,Electronics,South,3,95,0.05,270.75,
1483,2023-11-28,Inkjet Printer,Office Supplies,West,2,180,0.05,342.0,
1484,2023-11-29,Storage Cabinet,Furniture,West,2,280,0.2,448.0,
1485,2023-11-29,Plant Pot,Home Decor,North,8,30,0.05,228.0,
1486,2023-11-29,Smart Speaker,Electronics,West,8,95,0.2,608.0,
1487,2023-11-30,Smart Speaker,Electronics,West,5,95,0.0,475.0,
1488,2023-12-01,Notebook Set,Office Supplies,North,4,18,0.2,57.6,
1489,2023-12-01,Wireless Mouse,Electronics,North,7,45,0.1,283.5,
1490,2023-12-04,Wireless Mouse,Electronics,North,2,45,0.15,76.5,
1491,2023-12-04,Laptop Pro 14,Electronics,East,7,1200,0.05,7980.0,
1492,2023-12-04,Office Chair,Furniture,West,6,220,0.15,1122.0,
1493,2023-12-05,Desk Lamp,Home Decor,West,2,60,0.2,96.0,
1494,2023-12-05,Office Chair,Furniture,East,2,220,0.05,418.0,
1495,2023-12-06,Desk Lamp,Home Decor,South,4,60,0.0,240.0,
1496,2023-12-06,Laptop Pro 14,Electronics,East,8,1200,0.2,7680.0,
1497,2023-12-06,Desk Lamp,Home Decor,West,4,60,0.05,228.0,
1498,2023-12-07,Inkjet Printer,Office Supplies,South,5,180,0.05,855.0,
1499,2023-12-07,Wireless Mouse,Electronics,North,7,45,0.2,252.0,
1500,2023-12-08,Standing Desk,Furniture,South,2,550,0.0,1100.0,
1501,2023-12-11,Laptop Pro 14,Electronics,West,1,1200,0.05,1140.0,
1502,2023-12-11,Laptop Pro 14,Electronics,West,8,1200,0.05,9120.0,
1503,2023-12-11,Smart Speaker,Electronics,South,1,95,0.05,90.25,
1504,2023-12-12,Notebook Set,Office Supplies,South,6,18,0.2,86.4,
1505,2023-12-12,Storage Cabinet,Furniture,East,4,280,0.1,1008.0,
1506,2023-12-12,Office Chair,Furniture,South,7,220,0.1,1386.0,
1507,2023-12-13,Laptop Pro 14,Electronics,South,7,1200,0.2,6720.0,
1508,2023-12-13,Plant Pot,Home Decor,North,6,30,0.15,153.0,
1509,2023-12-14,Inkjet Printer,Office Supplies,West,7,180,0.05,1197.0,
1510,2023-12-14,Notebook Set,Office Supplies,West,3,18,0.2,43.2,
1511,2023-12-14,Plant Pot,Home Decor,South,4,30,0.1,108.0,
1512,2023-12-15,Office Chair,Furniture,West,1,220,0.2,176.0,
1513,2023-12-15,Desk Lamp,Home Decor,West,3,60,0.15,153.0,
1514,2023-12-15,Standing Desk,Furniture,East,4,550,0.1,1980.0,
1515,2023-12-18,Wireless Mouse,Electronics,West,6,45,0.0,270.0,
1516,2023-12-18,Smart Speaker,Electronics,South,1,95,0.1,85.5,
1517,2023-12-18,Desk Lamp,Home Decor,North,2,60,0.05,114.0,
1518,2023-12-19,Smart Speaker,Electronics,South,8,95,0.05,722.0,
1519,2023-12-19,Inkjet Printer,Office Supplies,East,1,180,0.05,171.0,
1520,2023-12-19,Standing Desk,Furniture,North,8,550,0.05,4180.0,
1521,2023-12-20,Storage Cabinet,Furniture,South,7,280,0.05,1862.0,
1522,2023-12-20,Smart Speaker,Electronics,East,5,95,0.15,403.75,
1523,2023-12-20,Plant Pot,Home Decor,East,5,30,0.1,135.0,
1524,2023-12-21,Smart Speaker,Electronics,West,8,95,0.0,760.0,
1525,2023-12-21,Plant Pot,Home Decor,East,4,30,0.1,108.0,
1526,2023-12-22,Desk Lamp,Home Decor,North,4,60,0.05,228.0,
1527,2023-12-22,Laptop Pro 14,Electronics,East,7,1200,0.1,7560.0,
1528,2023-12-25,Standing Desk,Furniture,East,4,550,0.15,1870.0,
1529,2023-12-26,Standing Desk,Furniture,West,6,550,0.1,2970.0,
1530,2023-12-26,Plant Pot,Home Decor,West,8,30,0.05,228.0,
1531,2023-12-26,Inkjet Printer,Office Supplies,South,3,180,0.2,432.0,
1532,2023-12-27,Office Chair,Furniture,North,1,220,0.0,220.0,
1533,2023-12-27,Laptop Pro 14,Electronics,North,7,1200,0.05,7980.0,
1534,2023-12-28,Standing Desk,Furniture,North,3,550,0.0,1650.0,
1535,2023-12-28,Standing Desk,Furniture,West,6,550,0.0,3300.0,
1536,2023-12-28,Storage Cabinet,Furniture,West,8,280,0.0,2240.0,
1537,2023-12-29,Smart Speaker,Electronics,West,1,95,0.0,95.0,
1538,2024-01-01,Notebook Set,Office Supplies,East,1,18,0.2,14.4,
1539,2024-01-01,Desk Lamp,Home Decor,South,2,60,0.0,120.0,
1540,2024-01-01,Smart Speaker,Electronics,South,4,95,0.05,361.0,
1541,2024-01-02,Smart Speaker,Electronics,East,6,95,0.1,513.0,
1542,2024-01-02,Desk Lamp,Home Decor,North,6,60,0.15,306.0,
1543,2024-01-02,Plant Pot,Home Decor,South,4,30,0.1,108.0,
1544,2024-01-03,Wireless Mouse,Electronics,North,2,45,0.15,76.5,
1545,2024-01-03,Desk Lamp,Home Decor,West,8,60,0.0,480.0,
1546,2024-01-03,Laptop Pro 14,Electronics,South,2,1200,0.15,2040.0,
1547,2024-01-04,Inkjet Printer,Office Supplies,North,1,180,0.05,171.0,
1548,2024-01-04,Standing Desk,Furniture,West,5,550,0.0,2750.0,
1549,2024-01-05,Notebook Set,Office Supplies,North,3,18,0.1,48.6,
1550,2024-01-08,Standing Desk,Furniture,South,7,550,0.0,3850.0,
1551,2024-01-09,Office Chair,Furniture,South,7,220,0.2,1232.0,
1552,2024-01-09,Inkjet Printer,Office Supplies,West,3,180,0.0,540.0,
1553,2024-01-10,Inkjet Printer,Office Supplies,North,2,180,0.15,306.0,
1554,2024-01-10,Standing Desk,Furniture,North,6,550,0.2,2640.0,
1555,2024-01-10,Storage Cabinet,Furniture,West,6,280,0.0,1680.0,
1556,2024-01-11,Notebook Set,Office Supplies,West,8,18,0.05,136.8,
1557,2024-01-11,Inkjet Printer,Office Supplies,West,7,180,0.05,1197.0,
1558,2024-01-11,Storage Cabinet,Furniture,West,2,280,0.2,448.0,
1559,2024-01-12,Standing Desk,Furniture,North,2,550,0.1,990.0,
1560,2024-01-12,Office Chair,Furniture,West,3,220,0.15,561.0,
1561,2024-01-15,Inkjet Printer,Office Supplies,North,2,180,0.0,360.0,
1562,2024-01-15,Notebook Set,Office Supplies,West,6,18,0.1,97.2,
1563,2024-01-16,Office Chair,Furniture,North,3,220,0.15,561.0,
1564,2024-01-17,Smart Speaker,Electronics,West,2,95,0.0,190.0,
1565,2024-01-17,Wireless Mouse,Electronics,East,2,45,0.2,72.0,
1566,2024-01-18,Inkjet Printer,Office Supplies,West,1,180,0.1,162.0,
1567,2024-01-18,Desk Lamp,Home Decor,West,2,60,0.2,96.0,
1568,2024-01-18,Standing Desk,Furniture,South,7,550,0.05,3657.5,
1569,2024-01-19,Notebook Set,Office Supplies,East,5,18,0.15,76.5,
1570,2024-01-22,Wireless Mouse,Electronics,South,7,45,0.1,283.5,
1571,2024-01-23,Notebook Set,Office Supplies,West,2,18,0.1,32.4,
1572,2024-01-23,Notebook Set,Office Supplies,South,8,18,0.2,115.2,
1573,2024-01-24,Standing Desk,Furniture,West,2,550,0.05,1045.0,
1574,2024-01-24,Notebook Set,Office Supplies,North,7,18,0.1,113.4,
1575,2024-01-24,Storage Cabinet,Furniture,West,6,280,0.15,1428.0,
1576,2024-01-25,Desk Lamp,Home Decor,South,5,60,0.1,270.0,
1577,2024-01-25,Storage Cabinet,Furniture,South,8,280,0.1,2016.0,
1578,2024-01-26,Desk Lamp,Home Decor,East,5,60,0.15,255.0,
1579,2024-01-29,Standing Desk,Furniture,East,7,550,0.1,3465.0,
1580,2024-01-29,Desk Lamp,Home Decor,East,2,60,0.2,96.0,
1581,2024-01-29,Standing Desk,Furniture,South,1,550,0.15,467.5,
1582,2024-01-30,Standing Desk,Furniture,West,5,550,0.0,2750.0,
1583,2024-01-30,Desk Lamp,Home Decor,West,3,60,0.1,162.0,
1584,2024-01-30,Standing Desk,Furniture,East,3,550,0.15,1402.5,
1585,2024-01-31,Wireless Mouse,Electronics,West,8,45,0.2,288.0,
1586,2024-01-31,Desk Lamp,Home Decor,West,1,60,0.1,54.0,
1587,2024-02-01,Smart Speaker,Electronics,North,2,95,0.05,180.5,
1588,2024-02-01,Inkjet Printer,Office Supplies,South,1,180,0.2,144.0,
1589,2024-02-01,Desk Lamp,Home Decor,East,7,60,0.0,420.0,
1590,2024-02-02,Wireless Mouse,Electronics,East,4,45,0.2,144.0,
1591,2024-02-05,Smart Speaker,Electronics,South,8,95,0.1,684.0,
1592,2024-02-05,Desk Lamp,Home Decor,West,3,60,0.1,162.0,
1593,2024-02-05,Laptop Pro 14,Electronics,West,2,1200,0.1,2160.0,
1594,2024-02-06,Wireless Mouse,Electronics,North,3,45,0.1,121.5,
1595,2024-02-06,Notebook Set,Office Supplies,East,8,18,0.05,136.8,
1596,2024-02-07,Plant Pot,Home Decor,East,8,30,0.0,240.0,
1597,2024-02-07,Plant Pot,Home Decor,West,6,30,0.0,180.0,
1598,2024-02-07,Notebook Set,Office Supplies,North,2,18,0.0,36.0,
1599,2024-02-08,Wireless Mouse,Electronics,South,4,45,0.2,144.0,
1600,2024-02-08,Office Chair,Furniture,South,6,220,0.2,1056.0,
1601,2024-02-09,Plant Pot,Home Decor,South,7,30,0.05,199.5,
1602,2024-02-09,Office Chair,Furniture,West,7,220,0.0,1540.0,
1603,2024-02-12,Storage Cabinet,Furniture,South,8,280,0.2,1792.0,
1604,2024-02-12,Desk Lamp,Home Decor,West,1,60,0.05,57.0,
1605,2024-02-12,Standing Desk,Furniture,East,2,550,0.2,880.0,
1606,2024-02-13,Smart Speaker,Electronics,South,6,95,0.1,513.0,
1607,2024-02-14,Plant Pot,Home Decor,North,5,30,0.15,127.5,
1608,2024-02-15,Inkjet Printer,Office Supplies,West,7,180,0.2,1008.0,
1609,2024-02-15,Wireless Mouse,Electronics,East,6,45,0.15,229.5,
1610,2024-02-15,Storage Cabinet,Furniture,South,5,280,0.2,1120.0,
1611,2024-02-16,Wireless Mouse,Electronics,South,6,45,0.0,270.0,
1612,2024-02-16,Standing Desk,Furniture,East,2,550,0.05,1045.0,
1613,2024-02-16,Inkjet Printer,Office Supplies,South,7,180,0.15,1071.0,
1614,2024-02-19,Office Chair,Furniture,West,7,220,0.05,1463.0,
1615,2024-02-19,Plant Pot,Home Decor,South,3,30,0.15,76.5,
1616,2024-02-19,Notebook Set,Office Supplies,South,3,18,0.1,48.6,
1617,2024-02-20,Storage Cabinet,Furniture,North,6,280,0.0,1680.0,
1618,2024-02-20,Plant Pot,Home Decor,South,4,30,0.15,102.0,
1619,2024-02-21,Smart Speaker,Electronics,West,7,95,0.15,565.25,
1620,2024-02-21,Desk Lamp,Home Decor,West,8,60,0.05,456.0,
1621,2024-02-21,Wireless Mouse,Electronics,North,4,45,0.1,162.0,
1622,2024-02-22,Notebook Set,Office Supplies,South,5,18,0.05,85.5,
1623,2024-02-23,Storage Cabinet,Furniture,West,2,280,0.2,448.0,
1624,2024-02-23,Wireless Mouse,Electronics,East,6,45,0.2,216.0,
1625,2024-02-26,Plant Pot,Home Decor,South,7,30,0.0,210.0,
1626,2024-02-27,Standing Desk,Furniture,East,1,550,0.15,467.5,
1627,2024-02-27,Notebook Set,Office Supplies,East,2,18,0.15,30.6,
1628,2024-02-27,Wireless Mouse,Electronics,South,4,45,0.2,144.0,
1629,2024-02-28,Inkjet Printer,Office Supplies,West,3,180,0.2,432.0,
1630,2024-02-28,Office Chair,Furniture,South,4,220,0.0,880.0,
1631,2024-02-28,Storage Cabinet,Furniture,East,5,280,0.2,1120.0,
1632,2024-02-29,Office Chair,Furniture,East,5,220,0.1,990.0,
1633,2024-02-29,Storage Cabinet,Furniture,East,2,280,0.05,532.0,
1634,2024-02-29,Desk Lamp,Home Decor,North,5,60,0.05,285.0,
1635,2024-03-01,Office Chair,Furniture,South,3,220,0.1,594.0,
1636,2024-03-01,Standing Desk,Furniture,West,8,550,0.05,4180.0,
1637,2024-03-01,Storage Cabinet,Furniture,East,7,280,0.15,1666.0,
1638,2024-03-04,Wireless Mouse,Electronics,North,7,45,0.2,252.0,
1639,2024-03-04,Notebook Set,Office Supplies,East,8,18,0.15,122.4,
1640,2024-03-05,Storage Cabinet,Furniture,North,2,280,0.15,476.0,
1641,2024-03-05,Inkjet Printer,Office Supplies,North,7,180,0.05,1197.0,
1642,2024-03-06,Standing Desk,Furniture,West,5,550,0.1,2475.0,
1643,2024-03-06,Notebook Set,Office Supplies,East,3,18,0.2,43.2,
1644,2024-03-07,Inkjet Printer,Office Supplies,North,1,180,0.0,180.0,
1645,2024-03-07,Plant Pot,Home Decor,North,2,30,0.05,57.0,
1646,2024-03-08,Plant Pot,Home Decor,North,7,30,0.05,199.5,
1647,2024-03-08,Office Chair,Furniture,East,3,220,0.1,594.0,
1648,2024-03-11,Inkjet Printer,Office Supplies,East,2,180,0.1,324.0,
1649,2024-03-12,Office Chair,Furniture,North,7,220,0.1,1386.0,
1650,2024-03-12,Standing Desk,Furniture,West,2,550,0.0,1100.0,
1651,2024-03-12,Laptop Pro 14,Electronics,South,8,1200,0.0,9600.0,
1652,2024-03-13,Storage Cabinet,Furniture,South,8,280,0.0,2240.0,
1653,2024-03-14,Inkjet Printer,Office Supplies,North,7,180,0.05,1197.0,
1654,2024-03-15,Wireless Mouse,Electronics,South,7,45,0.0,315.0,
1655,2024-03-15,Wireless Mouse,Electronics,North,6,45,0.1,243.0,
1656,2024-03-18,Office Chair,Furniture,West,3,220,0.05,627.0,
1657,2024-03-18,Wireless Mouse,Electronics,North,3,45,0.15,114.75,
1658,2024-03-19,Standing Desk,Furniture,South,7,550,0.2,3080.0,
1659,2024-03-19,Plant Pot,Home Decor,South,2,30,0.0,60.0,
1660,2024-03-20,Wireless Mouse,Electronics,West,6,45,0.15,229.5,
1661,2024-03-21,Office Chair,Furniture,South,5,220,0.0,1100.0,
1662,2024-03-21,Standing Desk,Furniture,East,1,550,0.1,495.0,
1663,2024-03-22,Smart Speaker,Electronics,South,7,95,0.1,598.5,
1664,2024-03-25,Laptop Pro 14,Electronics,South,8,1200,0.15,8160.0,
1665,2024-03-25,Wireless Mouse,Electronics,South,8,45,0.2,288.0,
1666,2024-03-25,Wireless Mouse,Electronics,North,6,45,0.1,243.0,
1667,2024-03-26,Desk Lamp,Home Decor,West,6,60,0.2,288.0,
1668,2024-03-27,Office Chair,Furniture,West,2,220,0.0,440.0,
1669,2024-03-27,Storage Cabinet,Furniture,North,1,280,0.1,252.0,
1670,2024-03-27,Standing Desk,Furniture,North,1,550,0.15,467.5,
1671,2024-03-28,Notebook Set,Office Supplies,West,7,18,0.15,107.1,
1672,2024-03-28,Wireless Mouse,Electronics,South,5,45,0.0,225.0,
1673,2024-03-28,Notebook Set,Office Supplies,North,4,18,0.05,68.4,
1674,2024-03-29,Inkjet Printer,Office Supplies,West,2,180,0.1,324.0,
1675,2024-03-29,Desk Lamp,Home Decor,South,1,60,0.05,57.0,
1676,2024-03-29,Wireless Mouse,Electronics,West,2,45,0.15,76.5,
1677,2024-04-01,Storage Cabinet,Furniture,North,5,280,0.05,1330.0,
1678,2024-04-01,Wireless Mouse,Electronics,North,3,45,0.0,135.0,
1679,2024-04-01,Office Chair,Furniture,West,6,220,0.2,1056.0,
1680,2024-04-02,Notebook Set,Office Supplies,South,6,18,0.05,102.6,
1681,2024-04-02,Notebook Set,Office Supplies,North,1,18,0.1,16.2,
1682,2024-04-02,Desk Lamp,Home Decor,East,2,60,0.1,108.0,
1683,2024-04-03,Storage Cabinet,Furniture,North,8,280,0.15,1904.0,
1684,2024-04-03,Smart Speaker,Electronics,East,1,95,0.15,80.75,
1685,2024-04-03,Storage Cabinet,Furniture,South,6,280,0.05,1596.0,
1686,2024-04-04,Wireless Mouse,Electronics,North,4,45,0.2,144.0,
1687,2024-04-04,Laptop Pro 14,Electronics,North,1,1200,0.05,1140.0,
1688,2024-04-05,Plant Pot,Home Decor,East,7,30,0.05,199.5,
1689,2024-04-08,Laptop Pro 14,Electronics,West,4,1200,0.1,4320.0,
1690,2024-04-09,Desk Lamp,Home Decor,East,5,60,0.0,300.0,
1691,2024-04-10,Inkjet Printer,Office Supplies,North,1,180,0.05,171.0,
1692,2024-04-10,Standing Desk,Furniture,North,7,550,0.0,3850.0,
1693,2024-04-10,Plant Pot,Home Decor,East,5,30,0.1,135.0,
1694,2024-04-11,Smart Speaker,Electronics,West,1,95,0.1,85.5,
1695,2024-04-12,Notebook Set,Office Supplies,East,4,18,0.15,61.2,
1696,2024-04-15,Storage Cabinet,Furniture,West,4,280,0.2,896.0,
1697,2024-04-15,Standing Desk,Furniture,South,1,550,0.15,467.5,
1698,2024-04-16,Standing Desk,Furniture,East,1,550,0.1,495.0,
1699,2024-04-17,Desk Lamp,Home Decor,East,2,60,0.05,114.0,
1700,2024-04-18,Standing Desk,Furniture,West,8,550,0.0,4400.0,
1701,2024-04-18,Office Chair,Furniture,East,2,220,0.0,440.0,
1702,2024-04-18,Standing Desk,Furniture,West,6,550,0.15,2805.0,
1703,2024-04-19,Wireless Mouse,Electronics,North,3,45,0.15,114.75,
1704,2024-04-19,Wireless Mouse,Electronics,North,7,45,0.05,299.25,
1705,2024-04-19,Standing Desk,Furniture,East,5,550,0.1,2475.0,
1706,2024-04-22,Inkjet Printer,Office Supplies,East,8,180,0.1,1296.0,
1707,2024-04-22,Standing Desk,Furniture,North,4,550,0.05,2090.0,
1708,2024-04-23,Wireless Mouse,Electronics,South,2,45,0.05,85.5,
1709,2024-04-23,Plant Pot,Home Decor,West,6,30,0.15,153.0,
1710,2024-04-23,Wireless Mouse,Electronics,East,4,45,0.15,153.0,
1711,2024-04-24,Plant Pot,Home Decor,East,2,30,0.0,60.0,
1712,2024-04-24,Office Chair,Furniture,East,1,220,0.05,209.0,
1713,2024-04-25,Office Chair,Furniture,North,4,220,0.1,792.0,
1714,2024-04-25,Desk Lamp,Home Decor,North,5,60,0.1,270.0,
1715,2024-04-26,Laptop Pro 14,Electronics,West,8,1200,0.2,7680.0,
1716,2024-04-29,Smart Speaker,Electronics,South,2,95,0.15,161.5,
1717,2024-04-29,Wireless Mouse,Electronics,South,2,45,0.0,90.0,
1718,2024-04-29,Laptop Pro 14,Electronics,South,3,1200,0.05,3420.0,
1719,2024-04-30,Inkjet Printer,Office Supplies,North,5,180,0.0,900.0,
1720,2024-04-30,Laptop Pro 14,Electronics,North,4,1200,0.15,4080.0,
1721,2024-05-01,Wireless Mouse,Electronics,East,2,45,0.0,90.0,
1722,2024-05-02,Laptop Pro 14,Electronics,South,7,1200,0.15,7140.0,
1723,2024-05-02,Plant Pot,Home Decor,North,7,30,0.15,178.5,
1724,2024-05-03,Inkjet Printer,Office Supplies,South,3,180,0.1,486.0,
1725,2024-05-06,Plant Pot,Home Decor,South,1,30,0.2,24.0,
1726,2024-05-06,Storage Cabinet,Furniture,South,5,280,0.15,1190.0,
1727,2024-05-07,Smart Speaker,Electronics,West,1,95,0.0,95.0,
1728,2024-05-07,Notebook Set,Office Supplies,West,3,18,0.15,45.9,
1729,2024-05-08,Smart Speaker,Electronics,South,1,95,0.15,80.75,
1730,2024-05-09,Inkjet Printer,Office Supplies,West,8,180,0.1,1296.0,
1731,2024-05-09,Storage Cabinet,Furniture,East,7,280,0.1,1764.0,
1732,2024-05-09,Office Chair,Furniture,North,6,220,0.2,1056.0,
1733,2024-05-10,Laptop Pro 14,Electronics,East,1,1200,0.15,1020.0,
1734,2024-05-13,Inkjet Printer,Office Supplies,South,3,180,0.0,540.0,
1735,2024-05-13,Standing Desk,Furniture,South,5,550,0.2,2200.0,
1736,2024-05-13,Laptop Pro 14,Electronics,South,7,1200,0.1,7560.0,
1737,2024-05-14,Office Chair,Furniture,South,6,220,0.1,1188.0,
1738,2024-05-15,Laptop Pro 14,Electronics,East,3,1200,0.2,2880.0,
1739,2024-05-15,Standing Desk,Furniture,West,5,550,0.05,2612.5,
1740,2024-05-15,Plant Pot,Home Decor,North,2,30,0.0,60.0,
1741,2024-05-16,Storage Cabinet,Furniture,South,1,280,0.2,224.0,
1742,2024-05-17,Laptop Pro 14,Electronics,East,4,1200,0.05,4560.0,
1743,2024-05-17,Inkjet Printer,Office Supplies,South,6,180,0.0,1080.0,
1744,2024-05-20,Office Chair,Furniture,South,2,220,0.2,352.0,
1745,2024-05-21,Wireless Mouse,Electronics,East,7,45,0.2,252.0,
1746,2024-05-21,Wireless Mouse,Electronics,East,5,45,0.1,202.5,
1747,2024-05-22,Office Chair,Furniture,West,8,220,0.1,1584.0,
1748,2024-05-23,Smart Speaker,Electronics,East,4,95,0.2,304.0,
1749,2024-05-24,Desk Lamp,Home Decor,East,5,60,0.05,285.0,
1750,2024-05-27,Laptop Pro 14,Electronics,West,1,1200,0.05,1140.0,
1751,2024-05-28,Inkjet Printer,Office Supplies,South,2,180,0.15,306.0,
1752,2024-05-28,Office Chair,Furniture,East,2,220,0.05,418.0,
1753,2024-05-28,Inkjet Printer,Office Supplies,East,3,180,0.0,540.0,
1754,2024-05-29,Inkjet Printer,Office Supplies,West,1,180,0.1,162.0,
1755,2024-05-29,Standing Desk,Furniture,South,2,550,0.1,990.0,
1756,2024-05-29,Notebook Set,Office Supplies,North,1,18,0.0,18.0,
1757,2024-05-30,Plant Pot,Home Decor,West,3,30,0.15,76.5,
1758,2024-05-30,Plant Pot,Home Decor,West,6,30,0.2,144.0,
1759,2024-05-31,Wireless Mouse,Electronics,West,4,45,0.05,171.0,
1760,2024-05-31,Plant Pot,Home Decor,North,1,30,0.1,27.0,
1761,2024-06-03,Inkjet Printer,Office Supplies,East,2,180,0.0,360.0,
1762,2024-06-04,Office Chair,Furniture,West,3,220,0.0,660.0,
1763,2024-06-04,Smart Speaker,Electronics,North,6,95,0.2,456.0,
1764,2024-06-05,Plant Pot,Home Decor,North,7,30,0.05,199.5,
1765,2024-06-05,Storage Cabinet,Furniture,West,3,280,0.0,840.0,
1766,2024-06-05,Wireless Mouse,Electronics,East,4,45,0.05,171.0,
1767,2024-06-06,Smart Speaker,Electronics,East,5,95,0.1,427.5,
1768,2024-06-06,Standing Desk,Furniture,North,1,550,0.15,467.5,
1769,2024-06-07,Smart Speaker,Electronics,West,3,95,0.0,285.0,
1770,2024-06-07,Inkjet Printer,Office Supplies,North,7,180,0.0,1260.0,
1771,2024-06-07,Notebook Set,Office Supplies,West,4,18,0.0,72.0,
1772,2024-06-10,Standing Desk,Furniture,South,5,550,0.0,2750.0,
1773,2024-06-11,Wireless Mouse,Electronics,East,7,45,0.15,267.75,
1774,2024-06-11,Plant Pot,Home Decor,East,2,30,0.2,48.0,
1775,2024-06-12,Office Chair,Furniture,East,7,220,0.1,1386.0,
1776,2024-06-12,Office Chair,Furniture,West,1,220,0.1,198.0,
1777,2024-06-13,Plant Pot,Home Decor,East,4,30,0.1,108.0,
1778,2024-06-13,Storage Cabinet,Furniture,North,3,280,0.0,840.0,
1779,2024-06-14,Inkjet Printer,Office Supplies,West,4,180,0.2,576.0,
1780,2024-06-17,Desk Lamp,Home Decor,West,8,60,0.2,384.0,
1781,2024-06-18,Plant Pot,Home Decor,East,2,30,0.15,51.0,
1782,2024-06-19,Laptop Pro 14,Electronics,South,2,1200,0.15,2040.0,
1783,2024-06-19,Office Chair,Furniture,South,4,220,0.05,836.0,
1784,2024-06-19,Office Chair,Furniture,North,7,220,0.0,1540.0,
1785,2024-06-20,Desk Lamp,Home Decor,South,3,60,0.2,144.0,
1786,2024-06-20,Notebook Set,Office Supplies,East,2,18,0.0,36.0,
1787,2024-06-20,Desk Lamp,Home Decor,West,6,60,0.1,324.0,
1788,2024-06-21,Plant Pot,Home Decor,North,7,30,0.0,210.0,
1789,2024-06-21,Desk Lamp,Home Decor,South,3,60,0.2,144.0,
1790,2024-06-21,Storage Cabinet,Furniture,North,2,280,0.2,448.0,
1791,2025-01-01,Desk Lamp,Home Decor,South,5,60,0.2,240.0,67.2
1792,2025-01-01,Wireless Headset,Electronics,North,2,120,0.12,211.2,59.14
1793,2025-01-01,Air Purifier,Home Decor,West,8,170,0.18,1115.2,312.26
1794,2025-01-01,Notebook Set,Office Supplies,West,5,18,0.12,79.2,22.18
1795,2025-01-01,Standing Desk,Furniture,West,9,550,0.12,4356.0,1219.68
1796,2025-01-01,Office Chair,Furniture,East,5,240,0.08,1104.0,309.12
1797,2025-01-01,Wireless Mouse,Electronics,East,10,45,0.0,450.0,126.0
1798,2025-01-01,Air Purifier,Home Decor,South,7,170,0.0,1190.0,333.2
1799,2025-01-02,Inkjet Printer,Office Supplies,North,11,180,0.08,1821.6,510.05
1800,2025-01-02,Air Purifier,Home Decor,West,9,170,0.05,1453.5,406.98
1801,2025-01-02,Ergonomic Chair,Furniture,South,1,320,0.12,281.6,78.85
1802,2025-01-02,Wireless Headset,Electronics,East,11,120,0.18,1082.4,303.07
1803,2025-01-02,Office Chair,Furniture,South,4,240,0.2,768.0,215.04
1804,2025-01-02,Standing Desk,Furniture,South,9,550,0.05,4702.5,1316.7
1805,2025-01-02,Standing Desk,Furniture,East,6,550,0.05,3135.0,877.8
1806,2025-01-02,USB-C Dock,Electronics,East,11,120,0.08,1214.4,340.03
1807,2025-01-02,Tablet Air,Electronics,East,8,680,0.0,5440.0,1523.2
1808,2025-01-02,Executive Desk,Furniture,West,5,910,0.18,3731.0,1044.68
1809,2025-01-02,Desk Lamp,Home Decor,West,4,60,0.05,228.0,63.84
1810,2025-01-02,Color Printer,Office Supplies,North,10,260,0.05,2470.0,691.6
1811,2025-01-02,Plant Pot,Home Decor,West,9,30,0.18,221.4,61.99
1812,2025-01-02,Inkjet Printer,Office Supplies,East,4,180,0.18,590.4,165.31
1813,2025-01-02,Inkjet Printer,Office Supplies,East,7,180,0.0,1260.0,352.8
1814,2025-01-03,Wireless Mouse,Electronics,South,8,45,0.12,316.8,88.7
1815,2025-01-03,Office Chair,Furniture,East,1,240,0.18,196.8,55.1
1816,2025-01-03,Color Printer,Office Supplies,East,7,260,0.0,1820.0,509.6
1817,2025-01-03,Projector,Office Supplies,South,7,680,0.0,4760.0,1332.8
1818,2025-01-03,Ergonomic Chair,Furniture,West,3,320,0.05,912.0,255.36
1819,2025-01-03,Office Chair,Furniture,West,1,240,0.05,228.0,63.84
1820,2025-01-03,Plant Pot,Home Decor,West,4,30,0.2,96.0,26.88
1821,2025-01-03,Ergonomic Chair,Furniture,East,2,320,0.12,563.2,157.7
1822,2025-01-03,Projector,Office Supplies,West,8,680,0.08,5004.8,1401.34
1823,2025-01-04,Office Chair,Furniture,South,2,240,0.08,441.6,123.65
1824,2025-01-04,Wireless Mouse,Electronics,North,9,45,0.18,332.1,92.99
1825,2025-01-04,Inkjet Printer,Office Supplies,East,2,180,0.2,288.0,80.64
1826,2025-01-04,Projector,Office Supplies,North,6,680,0.18,3345.6,936.77
1827,2025-01-04,Ergonomic Chair,Furniture,North,5,320,0.05,1520.0,425.6
1828,2025-01-04,Executive Desk,Furniture,East,7,910,0.08,5860.4,1640.91
1829,2025-01-04,Plant Pot,Home Decor,South,2,30,0.08,55.2,15.46
1830,2025-01-04,Desk Lamp,Home Decor,West,6,60,0.18,295.2,82.66
1831,2025-01-04,Storage Cabinet,Furniture,West,11,280,0.05,2926.0,819.28
1832,2025-01-04,Plant Pot,Home Decor,East,9,30,0.08,248.4,69.55
1833,2025-01-04,Inkjet Printer,Office Supplies,North,2,180,0.08,331.2,92.74
1834,2025-01-04,Plant Pot,Home Decor,South,8,30,0.05,228.0,63.84
1835,2025-01-05,Office Chair,Furniture,East,7,240,0.05,1596.0,446.88
1836,2025-01-05,Office Chair,Furniture,North,9,240,0.08,1987.2,556.42
1837,2025-01-05,Color Printer,Office Supplies,South,4,260,0.12,915.2,256.26
1838,2025-01-05,USB-C Dock,Electronics,North,8,120,0.12,844.8,236.54
1839,2025-01-05,Tablet Air,Electronics,South,9,680,0.0,6120.0,1713.6
1840,2025-01-05,"Monitor 27""",Electronics,North,4,390,0.12,1372.8,384.38
1841,2025-01-05,Wireless Headset,Electronics,North,2,120,0.12,211.2,59.14
1842,2025-01-05,Plant Pot,Home Decor,South,11,30,0.2,264.0,73.92
1843,2025-01-05,Inkjet Printer,Office Supplies,South,7,180,0.12,1108.8,310.46
1844,2025-01-05,Standing Desk,Furniture,North,11,550,0.08,5566.0,1558.48
1845,2025-01-05,Ergonomic Chair,Furniture,West,1,320,0.0,320.0,89.6
1846,2025-01-05,Ergonomic Chair,Furniture,East,6,320,0.08,1766.4,494.59
1847,2025-01-05,Plant Pot,Home Decor,East,6,30,0.08,165.6,46.37
1848,2025-01-05,Plant Pot,Home Decor,West,4,30,0.12,105.6,29.57
1849,2025-01-05,Projector,Office Supplies,South,4,680,0.0,2720.0,761.6
1850,2025-01-06,Plant Pot,Home Decor,West,6,30,0.0,180.0,50.4
1851,2025-01-06,Ergonomic Chair,Furniture,South,2,320,0.12,563.2,157.7
1852,2025-01-06,Notebook Set,Office Supplies,South,3,18,0.12,47.52,13.31
1853,2025-01-06,Color Printer,Office Supplies,West,9,260,0.05,2223.0,622.44
1854,2025-01-06,USB-C Dock,Electronics,West,11,120,0.05,1254.0,351.12
1855,2025-01-06,Wireless Mouse,Electronics,North,7,45,0.12,277.2,77.62
1856,2025-01-06,Storage Cabinet,Furniture,West,6,280,0.18,1377.6,385.73
1857,2025-01-06,Plant Pot,Home Decor,North,11,30,0.12,290.4,81.31
1858,2025-01-06,Executive Desk,Furniture,East,10,910,0.05,8645.0,2420.6
1859,2025-01-06,Air Purifier,Home Decor,North,2,170,0.12,299.2,83.78
1860,2025-01-06,Laptop Pro 14,Electronics,South,11,1200,0.2,10560.0,2956.8
1861,2025-01-07,Plant Pot,Home Decor,East,10,30,0.2,240.0,67.2
1862,2025-01-07,4K Monitor,Electronics,North,6,420,0.08,2318.4,649.15
1863,2025-01-07,Standing Desk,Furniture,West,4,550,0.12,1936.0,542.08
1864,2025-01-07,Storage Cabinet,Furniture,West,2,280,0.18,459.2,128.58
1865,2025-01-07,Inkjet Printer,Office Supplies,South,1,180,0.2,144.0,40.32
1866,2025-01-07,Plant Pot,Home Decor,North,2,30,0.0,60.0,16.8
1867,2025-01-07,Air Purifier,Home Decor,North,9,170,0.05,1453.5,406.98
1868,2025-01-07,Ergonomic Chair,Furniture,East,10,320,0.0,3200.0,896.0
1869,2025-01-07,Laptop Pro 14,Electronics,South,11,1200,0.18,10824.0,3030.72
1870,2025-01-08,Desk Lamp,Home Decor,East,5,60,0.0,300.0,84.0
1871,2025-01-08,Plant Pot,Home Decor,North,3,30,0.05,85.5,23.94
1872,2025-01-08,Wireless Mouse,Electronics,East,11,45,0.0,495.0,138.6
1873,2025-01-08,Ergonomic Chair,Furniture,West,8,320,0.18,2099.2,587.78
1874,2025-01-08,Inkjet Printer,Office Supplies,North,10,180,0.18,1476.0,413.28
1875,2025-01-08,Wireless Headset,Electronics,North,9,120,0.18,885.6,247.97
1876,2025-01-08,"Monitor 27""",Electronics,North,7,390,0.2,2184.0,611.52
1877,2025-01-08,"Monitor 27""",Electronics,West,4,390,0.0,1560.0,436.8
1878,2025-01-08,Ergonomic Chair,Furniture,East,4,320,0.2,1024.0,286.72
1879,2025-01-08,Inkjet Printer,Office Supplies,West,11,180,0.08,1821.6,510.05
1880,2025-01-08,USB-C Dock,Electronics,East,2,120,0.12,211.2,59.14
1881,2025-01-09,Wireless Headset,Electronics,North,9,120,0.08,993.6,278.21
1882,2025-01-09,4K Monitor,Electronics,North,7,420,0.05,2793.0,782.04
1883,2025-01-09,Air Purifier,Home Decor,West,5,170,0.08,782.0,218.96
1884,2025-01-09,Projector,Office Supplies,West,1,680,0.12,598.4,167.55
1885,2025-01-09,Laptop Pro 14,Electronics,West,3,1200,0.18,2952.0,826.56
1886,2025-01-09,Storage Cabinet,Furniture,South,6,280,0.18,1377.6,385.73
1887,2025-01-09,Projector,Office Supplies,West,9,680,0.12,5385.6,1507.97
1888,2025-01-09,Ergonomic Chair,Furniture,North,5,320,0.2,1280.0,358.4
1889,2025-01-09,Standing Desk,Furniture,East,11,550,0.2,4840.0,1355.2
1890,2025-01-09,Ergonomic Chair,Furniture,East,3,320,0.05,912.0,255.36
1891,2025-01-09,4K Monitor,Electronics,East,10,420,0.18,3444.0,964.32
1892,2025-01-09,Plant Pot,Home Decor,West,1,30,0.08,27.6,7.73
1893,2025-01-09,Inkjet Printer,Office Supplies,North,3,180,0.18,442.8,123.98
1894,2025-01-09,Storage Cabinet,Furniture,West,2,280,0.2,448.0,125.44
1895,2025-01-09,Desk Lamp,Home Decor,North,2,60,0.05,114.0,31.92
1896,2025-01-09,Notebook Set,Office Supplies,South,2,18,0.12,31.68,8.87
1897,2025-01-10,Notebook Set,Office Supplies,North,2,18,0.18,29.52,8.27
1898,2025-01-10,"Monitor 27""",Electronics,East,6,390,0.18,1918.8,537.26
1899,2025-01-10,Desk Lamp,Home Decor,West,4,60,0.2,192.0,53.76
1900,2025-01-10,Color Printer,Office Supplies,West,9,260,0.2,1872.0,524.16
1901,2025-01-10,Notebook Set,Office Supplies,South,2,18,0.2,28.8,8.06
1902,2025-01-10,Smart Speaker,Electronics,North,8,95,0.12,668.8,187.26
1903,2025-01-10,Desk Lamp,Home Decor,South,1,60,0.0,60.0,16.8
1904,2025-01-10,Office Chair,Furniture,East,10,240,0.0,2400.0,672.0
1905,2025-01-11,Plant Pot,Home Decor,North,5,30,0.2,120.0,33.6
1906,2025-01-11,Notebook Set,Office Supplies,West,10,18,0.18,147.6,41.33
1907,2025-01-11,Plant Pot,Home Decor,West,4,30,0.18,98.4,27.55
1908,2025-01-11,Projector,Office Supplies,East,8,680,0.12,4787.2,1340.42
1909,2025-01-11,Air Purifier,Home Decor,North,10,170,0.12,1496.0,418.88
1910,2025-01-11,Ergonomic Chair,Furniture,West,10,320,0.2,2560.0,716.8
1911,2025-01-11,Executive Desk,Furniture,South,8,910,0.12,6406.4,1793.79
1912,2025-01-11,Laptop Pro 14,Electronics,North,2,1200,0.08,2208.0,618.24
1913,2025-01-12,"Monitor 27""",Electronics,East,3,390,0.08,1076.4,301.39
1914,2025-01-12,Ergonomic Chair,Furniture,South,9,320,0.05,2736.0,766.08
1915,2025-01-12,Storage Cabinet,Furniture,North,8,280,0.05,2128.0,595.84
1916,2025-01-12,Executive Desk,Furniture,West,8,910,0.2,5824.0,1630.72
1917,2025-01-12,Desk Lamp,Home Decor,West,4,60,0.08,220.8,61.82
1918,2025-01-12,Projector,Office Supplies,West,6,680,0.12,3590.4,1005.31
1919,2025-01-12,Tablet Air,Electronics,East,6,680,0.18,3345.6,936.77
1920,2025-01-12,Notebook Set,Office Supplies,South,2,18,0.18,29.52,8.27
1921,2025-01-12,Smart Speaker,Electronics,East,8,95,0.12,668.8,187.26
1922,2025-01-12,Air Purifier,Home Decor,North,11,170,0.12,1645.6,460.77
1923,2025-01-12,Notebook Set,Office Supplies,East,8,18,0.12,126.72,35.48
1924,2025-01-12,USB-C Dock,Electronics,West,8,120,0.0,960.0,268.8
1925,2025-01-13,Plant Pot,Home Decor,West,5,30,0.12,132.0,36.96
1926,2025-01-13,Executive Desk,Furniture,West,9,910,0.2,6552.0,1834.56
1927,2025-01-13,Plant Pot,Home Decor,South,8,30,0.12,211.2,59.14
1928,2025-01-13,Wireless Mouse,Electronics,East,7,45,0.05,299.25,83.79
1929,2025-01-13,Smart Speaker,Electronics,East,1,95,0.12,83.6,23.41
1930,2025-01-13,Ergonomic Chair,Furniture,East,6,320,0.18,1574.4,440.83
1931,2025-01-13,Air Purifier,Home Decor,West,6,170,0.08,938.4,262.75
1932,2025-01-13,USB-C Dock,Electronics,North,11,120,0.2,1056.0,295.68
1933,2025-01-13,Tablet Air,Electronics,North,8,680,0.0,5440.0,1523.2
1934,2025-01-13,Executive Desk,Furniture,East,5,910,0.2,3640.0,1019.2
1935,2025-01-13,Plant Pot,Home Decor,East,9,30,0.08,248.4,69.55
1936,2025-01-13,Projector,Office Supplies,West,9,680,0.12,5385.6,1507.97
1937,2025-01-13,Executive Desk,Furniture,South,6,910,0.05,5187.0,1452.36
1938,2025-01-13,Standing Desk,Furniture,West,2,550,0.0,1100.0,308.0
1939,2025-01-13,Desk Lamp,Home Decor,South,9,60,0.08,496.8,139.1
1940,2025-01-13,Wireless Headset,Electronics,North,7,120,0.2,672.0,188.16
1941,2025-01-13,Desk Lamp,Home Decor,West,7,60,0.08,386.4,108.19
1942,2025-01-14,Executive Desk,Furniture,West,1,910,0.18,746.2,208.94
1943,2025-01-14,Air Purifier,Home Decor,South,2,170,0.05,323.0,90.44
1944,2025-01-14,Air Purifier,Home Decor,East,2,170,0.0,340.0,95.2
1945,2025-01-14,Ergonomic Chair,Furniture,North,8,320,0.12,2252.8,630.78
1946,2025-01-14,Wireless Mouse,Electronics,South,8,45,0.18,295.2,82.66
1947,2025-01-14,Storage Cabinet,Furniture,West,6,280,0.05,1596.0,446.88
1948,2025-01-14,Standing Desk,Furniture,South,6,550,0.2,2640.0,739.2
1949,2025-01-14,Projector,Office Supplies,East,2,680,0.08,1251.2,350.34
1950,2025-01-14,Plant Pot,Home Decor,West,8,30,0.05,228.0,63.84
1951,2025-01-15,Plant Pot,Home Decor,North,8,30,0.2,192.0,53.76
1952,2025-01-15,Wireless Headset,Electronics,North,8,120,0.12,844.8,236.54
1953,2025-01-15,Wireless Headset,Electronics,West,10,120,0.0,1200.0,336.0
1954,2025-01-15,Smart Speaker,Electronics,South,2,95,0.2,152.0,42.56
1955,2025-01-15,Air Purifier,Home Decor,North,1,170,0.2,136.0,38.08
1956,2025-01-15,Executive Desk,Furniture,West,1,910,0.0,910.0,254.8
1957,2025-01-15,Smart Speaker,Electronics,North,10,95,0.12,836.0,234.08
1958,2025-01-15,Air Purifier,Home Decor,West,3,170,0.05,484.5,135.66
1959,2025-01-15,Plant Pot,Home Decor,North,8,30,0.18,196.8,55.1
1960,2025-01-15,Air Purifier,Home Decor,North,9,170,0.2,1224.0,342.72
1961,2025-01-15,Projector,Office Supplies,West,5,680,0.0,3400.0,952.0
1962,2025-01-15,Storage Cabinet,Furniture,North,2,280,0.18,459.2,128.58
1963,2025-01-15,Color Printer,Office Supplies,East,7,260,0.12,1601.6,448.45
1964,2025-01-15,Tablet Air,Electronics,South,2,680,0.18,1115.2,312.26
1965,2025-01-15,Notebook Set,Office Supplies,North,1,18,0.05,17.1,4.79
1966,2025-01-16,Color Printer,Office Supplies,West,9,260,0.12,2059.2,576.58
1967,2025-01-16,Notebook Set,Office Supplies,North,7,18,0.0,126.0,35.28
1968,2025-01-16,Smart Speaker,Electronics,West,6,95,0.18,467.4,130.87
1969,2025-01-16,Standing Desk,Furniture,South,2,550,0.18,902.0,252.56
1970,2025-01-16,"Monitor 27""",Electronics,West,7,390,0.08,2511.6,703.25
1971,2025-01-16,Projector,Office Supplies,South,8,680,0.2,4352.0,1218.56
1972,2025-01-16,Inkjet Printer,Office Supplies,North,3,180,0.2,432.0,120.96
1973,2025-01-16,Inkjet Printer,Office Supplies,South,7,180,0.12,1108.8,310.46
1974,2025-01-17,Executive Desk,Furniture,South,11,910,0.0,10010.0,2802.8
1975,2025-01-17,"Monitor 27""",Electronics,East,8,390,0.08,2870.4,803.71
1976,2025-01-17,Desk Lamp,Home Decor,North,2,60,0.2,96.0,26.88
1977,2025-01-17,4K Monitor,Electronics,South,2,420,0.05,798.0,223.44
1978,2025-01-17,Inkjet Printer,Office Supplies,West,7,180,0.08,1159.2,324.58
1979,2025-01-17,Projector,Office Supplies,South,2,680,0.08,1251.2,350.34
1980,2025-01-17,Plant Pot,Home Decor,West,7,30,0.12,184.8,51.74
1981,2025-01-17,Office Chair,Furniture,North,4,240,0.08,883.2,247.3
1982,2025-01-17,Ergonomic Chair,Furniture,North,3,320,0.0,960.0,268.8
1983,2025-01-17,Inkjet Printer,Office Supplies,East,7,180,0.18,1033.2,289.3
1984,2025-01-17,Color Printer,Office Supplies,East,8,260,0.12,1830.4,512.51
1985,2025-01-17,Storage Cabinet,Furniture,West,4,280,0.12,985.6,275.97
1986,2025-01-17,"Monitor 27""",Electronics,East,7,390,0.12,2402.4,672.67
1987,2025-01-17,Office Chair,Furniture,East,9,240,0.18,1771.2,495.94
1988,2025-01-18,Plant Pot,Home Decor,West,10,30,0.12,264.0,73.92
1989,2025-01-18,Color Printer,Office Supplies,South,9,260,0.05,2223.0,622.44
1990,2025-01-18,Ergonomic Chair,Furniture,West,5,320,0.08,1472.0,412.16
1991,2025-01-18,Wireless Mouse,Electronics,North,1,45,0.2,36.0,10.08
1992,2025-01-18,Air Purifier,Home Decor,North,1,170,0.05,161.5,45.22
1993,2025-01-18,Inkjet Printer,Office Supplies,South,2,180,0.18,295.2,82.66
1994,2025-01-18,Standing Desk,Furniture,East,10,550,0.0,5500.0,1540.0
1995,2025-01-18,Office Chair,Furniture,East,10,240,0.08,2208.0,618.24
1996,2025-01-18,Executive Desk,Furniture,North,3,910,0.12,2402.4,672.67
1997,2025-01-18,Notebook Set,Office Supplies,East,5,18,0.12,79.2,22.18
1998,2025-01-18,Plant Pot,Home Decor,West,5,30,0.18,123.0,34.44
1999,2025-01-18,Storage Cabinet,Furniture,West,8,280,0.0,2240.0,627.2
2000,2025-01-18,Projector,Office Supplies,South,11,680,0.12,6582.4,1843.07
2001,2025-01-19,Wireless Headset,Electronics,North,9,120,0.12,950.4,266.11
2002,2025-01-19,Standing Desk,Furniture,East,2,550,0.08,1012.0,283.36
2003,2025-01-19,Air Purifier,Home Decor,West,11,170,0.12,1645.6,460.77
2004,2025-01-19,Tablet Air,Electronics,West,11,680,0.12,6582.4,1843.07
2005,2025-01-19,USB-C Dock,Electronics,South,10,120,0.08,1104.0,309.12
2006,2025-01-19,Standing Desk,Furniture,West,9,550,0.0,4950.0,1386.0
2007,2025-01-19,Ergonomic Chair,Furniture,South,11,320,0.0,3520.0,985.6
2008,2025-01-19,Standing Desk,Furniture,North,10,550,0.2,4400.0,1232.0
2009,2025-01-19,Wireless Headset,Electronics,North,3,120,0.05,342.0,95.76
2010,2025-01-19,"Monitor 27""",Electronics,West,7,390,0.18,2238.6,626.81
2011,2025-01-19,Standing Desk,Furniture,North,3,550,0.05,1567.5,438.9
2012,2025-01-20,Air Purifier,Home Decor,East,7,170,0.12,1047.2,293.22
2013,2025-01-20,Executive Desk,Furniture,West,9,910,0.12,7207.2,2018.02
2014,2025-01-20,Wireless Headset,Electronics,South,9,120,0.12,950.4,266.11
2015,2025-01-20,Desk Lamp,Home Decor,West,10,60,0.05,570.0,159.6
2016,2025-01-20,Ergonomic Chair,Furniture,West,8,320,0.2,2048.0,573.44
2017,2025-01-20,Ergonomic Chair,Furniture,South,11,320,0.05,3344.0,936.32
2018,2025-01-20,Notebook Set,Office Supplies,West,5,18,0.08,82.8,23.18
2019,2025-01-20,Inkjet Printer,Office Supplies,West,6,180,0.12,950.4,266.11
2020,2025-01-20,Wireless Mouse,Electronics,South,11,45,0.2,396.0,110.88
2021,2025-01-20,Color Printer,Office Supplies,South,2,260,0.0,520.0,145.6
2022,2025-01-20,Storage Cabinet,Furniture,North,3,280,0.0,840.0,235.2
2023,2025-01-20,Projector,Office Supplies,East,5,680,0.08,3128.0,875.84
2024,2025-01-20,Standing Desk,Furniture,East,7,550,0.0,3850.0,1078.0
2025,2025-01-20,Storage Cabinet,Furniture,North,8,280,0.12,1971.2,551.94
2026,2025-01-20,Color Printer,Office Supplies,West,9,260,0.12,2059.2,576.58
2027,2025-01-20,Desk Lamp,Home Decor,West,9,60,0.12,475.2,133.06
2028,2025-01-21,Color Printer,Office Supplies,South,11,260,0.12,2516.8,704.7
2029,2025-01-21,Desk Lamp,Home Decor,West,1,60,0.0,60.0,16.8
2030,2025-01-21,Color Printer,Office Supplies,West,5,260,0.12,1144.0,320.32
2031,2025-01-21,Projector,Office Supplies,East,5,680,0.2,2720.0,761.6
2032,2025-01-21,4K Monitor,Electronics,North,4,420,0.18,1377.6,385.73
2033,2025-01-21,Projector,Office Supplies,East,8,680,0.08,5004.8,1401.34
2034,2025-01-21,Wireless Mouse,Electronics,South,1,45,0.12,39.6,11.09
2035,2025-01-21,Air Purifier,Home Decor,South,10,170,0.2,1360.0,380.8
2036,2025-01-21,Desk Lamp,Home Decor,South,11,60,0.05,627.0,175.56
2037,2025-01-21,Standing Desk,Furniture,West,8,550,0.0,4400.0,1232.0
2038,2025-01-21,USB-C Dock,Electronics,East,9,120,0.05,1026.0,287.28
2039,2025-01-21,Desk Lamp,Home Decor,West,3,60,0.0,180.0,50.4
2040,2025-01-21,Laptop Pro 14,Electronics,West,1,1200,0.08,1104.0,309.12
2041,2025-01-21,4K Monitor,Electronics,East,9,420,0.18,3099.6,867.89
2042,2025-01-21,Projector,Office Supplies,North,10,680,0.18,5576.0,1561.28
2043,2025-01-21,Inkjet Printer,Office Supplies,West,5,180,0.0,900.0,252.0
2044,2025-01-21,Plant Pot,Home Decor,North,7,30,0.05,199.5,55.86
2045,2025-01-22,Standing Desk,Furniture,West,6,550,0.05,3135.0,877.8
2046,2025-01-22,Color Printer,Office Supplies,North,9,260,0.08,2152.8,602.78
2047,2025-01-22,Projector,Office Supplies,East,8,680,0.05,5168.0,1447.04
2048,2025-01-22,"Monitor 27""",Electronics,West,6,390,0.08,2152.8,602.78
2049,2025-01-22,Air Purifier,Home Decor,West,4,170,0.18,557.6,156.13
2050,2025-01-22,Inkjet Printer,Office Supplies,South,2,180,0.05,342.0,95.76
2051,2025-01-22,Projector,Office Supplies,West,3,680,0.18,1672.8,468.38
2052,2025-01-22,Wireless Headset,Electronics,South,5,120,0.18,492.0,137.76
2053,2025-01-22,Office Chair,Furniture,East,11,240,0.12,2323.2,650.5
2054,2025-01-22,Executive Desk,Furniture,South,6,910,0.0,5460.0,1528.8
2055,2025-01-22,USB-C Dock,Electronics,North,11,120,0.2,1056.0,295.68
2056,2025-01-22,Color Printer,Office Supplies,East,1,260,0.08,239.2,66.98
2057,2025-01-22,Office Chair,Furniture,North,6,240,0.08,1324.8,370.94
2058,2025-01-22,Wireless Mouse,Electronics,South,1,45,0.0,45.0,12.6
2059,2025-01-22,Storage Cabinet,Furniture,East,1,280,0.05,266.0,74.48
2060,2025-01-22,Office Chair,Furniture,East,10,240,0.08,2208.0,618.24
2061,2025-01-23,Office Chair,Furniture,West,11,240,0.18,2164.8,606.14
2062,2025-01-23,Color Printer,Office Supplies,West,4,260,0.08,956.8,267.9
2063,2025-01-23,Desk Lamp,Home Decor,North,7,60,0.05,399.0,111.72
2064,2025-01-23,Air Purifier,Home Decor,South,6,170,0.2,816.0,228.48
2065,2025-01-23,Notebook Set,Office Supplies,East,7,18,0.12,110.88,31.05
2066,2025-01-23,Laptop Pro 14,Electronics,West,3,1200,0.05,3420.0,957.6
2067,2025-01-23,Standing Desk,Furniture,North,4,550,0.2,1760.0,492.8
2068,2025-01-23,Laptop Pro 14,Electronics,North,7,1200,0.05,7980.0,2234.4
2069,2025-01-23,Desk Lamp,Home Decor,West,7,60,0.08,386.4,108.19
2070,2025-01-23,Desk Lamp,Home Decor,West,11,60,0.12,580.8,162.62
2071,2025-01-23,Inkjet Printer,Office Supplies,West,8,180,0.2,1152.0,322.56
2072,2025-01-23,Executive Desk,Furniture,South,3,910,0.05,2593.5,726.18
2073,2025-01-24,Standing Desk,Furniture,South,8,550,0.05,4180.0,1170.4
2074,2025-01-24,Air Purifier,Home Decor,East,11,170,0.08,1720.4,481.71
2075,2025-01-24,Wireless Mouse,Electronics,West,11,45,0.18,405.9,113.65
2076,2025-01-24,Laptop Pro 14,Electronics,North,1,1200,0.05,1140.0,319.2
2077,2025-01-24,Notebook Set,Office Supplies,West,6,18,0.05,102.6,28.73
2078,2025-01-24,Projector,Office Supplies,South,1,680,0.0,680.0,190.4
2079,2025-01-24,Plant Pot,Home Decor,East,5,30,0.18,123.0,34.44
2080,2025-01-24,4K Monitor,Electronics,East,5,420,0.05,1995.0,558.6
2081,2025-01-24,Plant Pot,Home Decor,South,5,30,0.05,142.5,39.9
2082,2025-01-24,Standing Desk,Furniture,North,4,550,0.0,2200.0,616.0
2083,2025-01-24,Office Chair,Furniture,North,1,240,0.0,240.0,67.2
2084,2025-01-24,Inkjet Printer,Office Supplies,South,1,180,0.05,171.0,47.88
2085,2025-01-24,Ergonomic Chair,Furniture,East,9,320,0.08,2649.6,741.89
2086,2025-01-25,Inkjet Printer,Office Supplies,North,4,180,0.12,633.6,177.41
2087,2025-01-25,4K Monitor,Electronics,South,10,420,0.18,3444.0,964.32
2088,2025-01-25,Storage Cabinet,Furniture,East,4,280,0.05,1064.0,297.92
2089,2025-01-25,Desk Lamp,Home Decor,North,6,60,0.08,331.2,92.74
2090,2025-01-25,Air Purifier,Home Decor,North,2,170,0.12,299.2,83.78
2091,2025-01-25,Laptop Pro 14,Electronics,North,1,1200,0.2,960.0,268.8
2092,2025-01-25,Wireless Mouse,Electronics,West,3,45,0.18,110.7,31.0
2093,2025-01-25,Smart Speaker,Electronics,North,8,95,0.12,668.8,187.26
2094,2025-01-25,Storage Cabinet,Furniture,North,7,280,0.05,1862.0,521.36
2095,2025-01-25,Color Printer,Office Supplies,West,6,260,0.0,1560.0,436.8
2096,2025-01-25,Office Chair,Furniture,East,7,240,0.08,1545.6,432.77
2097,2025-01-25,4K Monitor,Electronics,West,11,420,0.2,3696.0,1034.88
2098,2025-01-25,Storage Cabinet,Furniture,North,11,280,0.12,2710.4,758.91
2099,2025-01-25,Office Chair,Furniture,East,11,240,0.2,2112.0,591.36
2100,2025-01-25,Laptop Pro 14,Electronics,East,9,1200,0.0,10800.0,3024.0
2101,2025-01-25,Ergonomic Chair,Furniture,West,2,320,0.12,563.2,157.7
2102,2025-01-26,USB-C Dock,Electronics,South,7,120,0.05,798.0,223.44
2103,2025-01-26,Plant Pot,Home Decor,West,1,30,0.18,24.6,6.89
2104,2025-01-26,Storage Cabinet,Furniture,North,8,280,0.0,2240.0,627.2
2105,2025-01-26,Color Printer,Office Supplies,West,8,260,0.05,1976.0,553.28
2106,2025-01-26,Projector,Office Supplies,South,2,680,0.2,1088.0,304.64
2107,2025-01-26,USB-C Dock,Electronics,North,2,120,0.18,196.8,55.1
2108,2025-01-26,Wireless Headset,Electronics,East,1,120,0.05,114.0,31.92
2109,2025-01-26,Desk Lamp,Home Decor,North,11,60,0.05,627.0,175.56
2110,2025-01-26,4K Monitor,Electronics,North,7,420,0.2,2352.0,658.56
2111,2025-01-26,Color Printer,Office Supplies,South,2,260,0.12,457.6,128.13
2112,2025-01-27,4K Monitor,Electronics,South,6,420,0.0,2520.0,705.6
2113,2025-01-27,Notebook Set,Office Supplies,South,8,18,0.0,144.0,40.32
2114,2025-01-27,Ergonomic Chair,Furniture,North,4,320,0.08,1177.6,329.73
2115,2025-01-27,Projector,Office Supplies,West,3,680,0.0,2040.0,571.2
2116,2025-01-27,USB-C Dock,Electronics,North,3,120,0.2,288.0,80.64
2117,2025-01-27,Air Purifier,Home Decor,South,7,170,0.12,1047.2,293.22
2118,2025-01-27,USB-C Dock,Electronics,East,5,120,0.18,492.0,137.76
2119,2025-01-27,Color Printer,Office Supplies,East,9,260,0.12,2059.2,576.58
2120,2025-01-27,Executive Desk,Furniture,East,11,910,0.0,10010.0,2802.8
2121,2025-01-27,Office Chair,Furniture,East,11,240,0.0,2640.0,739.2
2122,2025-01-27,Tablet Air,Electronics,South,6,680,0.08,3753.6,1051.01
2123,2025-01-27,Office Chair,Furniture,North,9,240,0.2,1728.0,483.84
2124,2025-01-27,Inkjet Printer,Office Supplies,North,8,180,0.08,1324.8,370.94
2125,2025-01-27,Laptop Pro 14,Electronics,West,3,1200,0.05,3420.0,957.6
2126,2025-01-27,Notebook Set,Office Supplies,West,10,18,0.2,144.0,40.32
2127,2025-01-27,Plant Pot,Home Decor,North,4,30,0.08,110.4,30.91
2128,2025-01-28,Color Printer,Office Supplies,West,8,260,0.08,1913.6,535.81
2129,2025-01-28,Ergonomic Chair,Furniture,North,9,320,0.12,2534.4,709.63
2130,2025-01-28,Color Printer,Office Supplies,West,11,260,0.12,2516.8,704.7
2131,2025-01-28,Standing Desk,Furniture,West,10,550,0.18,4510.0,1262.8
2132,2025-01-28,Air Purifier,Home Decor,West,6,170,0.0,1020.0,285.6
2133,2025-01-28,Smart Speaker,Electronics,South,9,95,0.08,786.6,220.25
2134,2025-01-28,Smart Speaker,Electronics,West,11,95,0.08,961.4,269.19
2135,2025-01-28,Air Purifier,Home Decor,West,10,170,0.12,1496.0,418.88
2136,2025-01-28,Executive Desk,Furniture,South,4,910,0.12,3203.2,896.9
2137,2025-01-28,Color Printer,Office Supplies,South,5,260,0.0,1300.0,364.0
2138,2025-01-28,Color Printer,Office Supplies,West,6,260,0.08,1435.2,401.86
2139,2025-01-28,Smart Speaker,Electronics,South,5,95,0.08,437.0,122.36
2140,2025-01-28,Executive Desk,Furniture,North,4,910,0.0,3640.0,1019.2
2141,2025-01-28,Executive Desk,Furniture,North,4,910,0.0,3640.0,1019.2
2142,2025-01-28,Air Purifier,Home Decor,North,3,170,0.0,510.0,142.8
2143,2025-01-28,Executive Desk,Furniture,East,10,910,0.08,8372.0,2344.16
2144,2025-01-29,Storage Cabinet,Furniture,West,3,280,0.08,772.8,216.38
2145,2025-01-29,Notebook Set,Office Supplies,South,6,18,0.05,102.6,28.73
2146,2025-01-29,Wireless Mouse,Electronics,North,6,45,0.0,270.0,75.6
2147,2025-01-29,Plant Pot,Home Decor,East,8,30,0.08,220.8,61.82
2148,2025-01-29,Plant Pot,Home Decor,North,3,30,0.0,90.0,25.2
2149,2025-01-29,Storage Cabinet,Furniture,West,4,280,0.2,896.0,250.88
2150,2025-01-29,Air Purifier,Home Decor,North,11,170,0.12,1645.6,460.77
2151,2025-01-29,Desk Lamp,Home Decor,West,7,60,0.0,420.0,117.6
2152,2025-01-29,Standing Desk,Furniture,West,4,550,0.05,2090.0,585.2
2153,2025-01-29,Inkjet Printer,Office Supplies,North,9,180,0.2,1296.0,362.88
2154,2025-01-30,Inkjet Printer,Office Supplies,East,6,180,0.0,1080.0,302.4
2155,2025-01-30,Laptop Pro 14,Electronics,South,2,1200,0.0,2400.0,672.0
2156,2025-01-30,Desk Lamp,Home Decor,East,6,60,0.18,295.2,82.66
2157,2025-01-30,Inkjet Printer,Office Supplies,West,5,180,0.2,720.0,201.6
2158,2025-01-30,Standing Desk,Furniture,West,1,550,0.18,451.0,126.28
2159,2025-01-30,Smart Speaker,Electronics,East,11,95,0.08,961.4,269.19
2160,2025-01-30,Smart Speaker,Electronics,West,8,95,0.0,760.0,212.8
2161,2025-01-30,Storage Cabinet,Furniture,North,10,280,0.12,2464.0,689.92
2162,2025-01-30,Wireless Headset,Electronics,South,1,120,0.08,110.4,30.91
2163,2025-01-30,Smart Speaker,Electronics,West,8,95,0.0,760.0,212.8
2164,2025-01-30,Desk Lamp,Home Decor,West,9,60,0.08,496.8,139.1
2165,2025-01-30,Color Printer,Office Supplies,East,3,260,0.05,741.0,207.48
2166,2025-01-30,Laptop Pro 14,Electronics,North,1,1200,0.2,960.0,268.8
2167,2025-01-30,4K Monitor,Electronics,North,9,420,0.05,3591.0,1005.48
2168,2025-01-30,Inkjet Printer,Office Supplies,South,5,180,0.12,792.0,221.76
2169,2025-01-31,Projector,Office Supplies,South,4,680,0.0,2720.0,761.6
2170,2025-01-31,Standing Desk,Furniture,North,11,550,0.0,6050.0,1694.0
2171,2025-01-31,Office Chair,Furniture,West,2,240,0.0,480.0,134.4
2172,2025-01-31,Ergonomic Chair,Furniture,West,3,320,0.0,960.0,268.8
2173,2025-01-31,Office Chair,Furniture,North,5,240,0.0,1200.0,336.0
2174,2025-01-31,4K Monitor,Electronics,North,4,420,0.2,1344.0,376.32
2175,2025-01-31,Notebook Set,Office Supplies,South,11,18,0.08,182.16,51.0
2176,2025-01-31,Color Printer,Office Supplies,East,3,260,0.2,624.0,174.72
2177,2025-01-31,Plant Pot,Home Decor,West,9,30,0.18,221.4,61.99
2178,2025-01-31,Ergonomic Chair,Furniture,West,2,320,0.18,524.8,146.94
2179,2025-01-31,Air Purifier,Home Decor,South,7,170,0.0,1190.0,333.2
2180,2025-02-01,Standing Desk,Furniture,West,8,550,0.12,3872.0,1084.16
2181,2025-02-01,Tablet Air,Electronics,East,9,680,0.18,5018.4,1405.15
2182,2025-02-01,Smart Speaker,Electronics,West,6,95,0.08,524.4,146.83
2183,2025-02-01,Executive Desk,Furniture,West,1,910,0.12,800.8,224.22
2184,2025-02-01,Plant Pot,Home Decor,South,10,30,0.0,300.0,84.0
2185,2025-02-01,Ergonomic Chair,Furniture,West,2,320,0.08,588.8,164.86
2186,2025-02-01,Tablet Air,Electronics,East,6,680,0.08,3753.6,1051.01
2187,2025-02-01,4K Monitor,Electronics,East,4,420,0.08,1545.6,432.77
2188,2025-02-01,Color Printer,Office Supplies,South,4,260,0.12,915.2,256.26
2189,2025-02-01,Color Printer,Office Supplies,North,6,260,0.12,1372.8,384.38
2190,2025-02-01,Desk Lamp,Home Decor,South,7,60,0.05,399.0,111.72
2191,2025-02-01,Wireless Headset,Electronics,West,10,120,0.12,1056.0,295.68
2192,2025-02-01,4K Monitor,Electronics,South,4,420,0.2,1344.0,376.32
2193,2025-02-01,Color Printer,Office Supplies,South,11,260,0.08,2631.2,736.74
2194,2025-02-01,Projector,Office Supplies,East,2,680,0.05,1292.0,361.76
2195,2025-02-01,Office Chair,Furniture,East,5,240,0.18,984.0,275.52
2196,2025-02-01,Inkjet Printer,Office Supplies,South,10,180,0.12,1584.0,443.52
2197,2025-02-02,Color Printer,Office Supplies,East,8,260,0.2,1664.0,465.92
2198,2025-02-02,Ergonomic Chair,Furniture,North,8,320,0.08,2355.2,659.46
2199,2025-02-02,Executive Desk,Furniture,South,6,910,0.08,5023.2,1406.5
2200,2025-02-02,Standing Desk,Furniture,West,2,550,0.05,1045.0,292.6
2201,2025-02-02,Notebook Set,Office Supplies,East,9,18,0.12,142.56,39.92
2202,2025-02-02,Standing Desk,Furniture,West,4,550,0.18,1804.0,505.12
2203,2025-02-02,Smart Speaker,Electronics,West,11,95,0.2,836.0,234.08
2204,2025-02-02,Plant Pot,Home Decor,West,8,30,0.05,228.0,63.84
2205,2025-02-02,Tablet Air,Electronics,South,9,680,0.0,6120.0,1713.6
2206,2025-02-03,Storage Cabinet,Furniture,East,11,280,0.2,2464.0,689.92
2207,2025-02-03,Notebook Set,Office Supplies,West,6,18,0.12,95.04,26.61
2208,2025-02-03,Projector,Office Supplies,West,7,680,0.12,4188.8,1172.86
2209,2025-02-03,Inkjet Printer,Office Supplies,South,7,180,0.0,1260.0,352.8
2210,2025-02-03,Executive Desk,Furniture,West,6,910,0.08,5023.2,1406.5
2211,2025-02-03,Executive Desk,Furniture,East,1,910,0.12,800.8,224.22
2212,2025-02-03,Executive Desk,Furniture,West,11,910,0.12,8808.8,2466.46
2213,2025-02-03,Ergonomic Chair,Furniture,North,11,320,0.2,2816.0,788.48
2214,2025-02-03,Plant Pot,Home Decor,South,10,30,0.12,264.0,73.92
2215,2025-02-03,Inkjet Printer,Office Supplies,South,7,180,0.18,1033.2,289.3
2216,2025-02-04,Plant Pot,Home Decor,South,11,30,0.2,264.0,73.92
2217,2025-02-04,Plant Pot,Home Decor,West,11,30,0.2,264.0,73.92
2218,2025-02-04,Wireless Headset,Electronics,West,9,120,0.05,1026.0,287.28
2219,2025-02-04,Plant Pot,Home Decor,South,7,30,0.08,193.2,54.1
2220,2025-02-04,Notebook Set,Office Supplies,East,8,18,0.12,126.72,35.48
2221,2025-02-04,Storage Cabinet,Furniture,South,6,280,0.12,1478.4,413.95
2222,2025-02-04,Ergonomic Chair,Furniture,South,3,320,0.12,844.8,236.54
2223,2025-02-04,Plant Pot,Home Decor,West,7,30,0.05,199.5,55.86
2224,2025-02-04,Standing Desk,Furniture,North,4,550,0.08,2024.0,566.72
2225,2025-02-04,Plant Pot,Home Decor,West,3,30,0.0,90.0,25.2
2226,2025-02-04,Projector,Office Supplies,East,2,680,0.0,1360.0,380.8
2227,2025-02-05,Office Chair,Furniture,South,3,240,0.2,576.0,161.28
2228,2025-02-05,Wireless Mouse,Electronics,South,5,45,0.12,198.0,55.44
2229,2025-02-05,Air Purifier,Home Decor,South,11,170,0.12,1645.6,460.77
2230,2025-02-05,4K Monitor,Electronics,North,7,420,0.18,2410.8,675.02
2231,2025-02-05,Laptop Pro 14,Electronics,South,10,1200,0.05,11400.0,3192.0
2232,2025-02-05,Inkjet Printer,Office Supplies,North,8,180,0.18,1180.8,330.62
2233,2025-02-05,Notebook Set,Office Supplies,North,5,18,0.12,79.2,22.18
2234,2025-02-05,Notebook Set,Office Supplies,East,4,18,0.18,59.04,16.53
2235,2025-02-05,Desk Lamp,Home Decor,North,11,60,0.0,660.0,184.8
2236,2025-02-05,Plant Pot,Home Decor,East,2,30,0.0,60.0,16.8
2237,2025-02-05,Color Printer,Office Supplies,North,11,260,0.05,2717.0,760.76
2238,2025-02-06,Ergonomic Chair,Furniture,North,5,320,0.05,1520.0,425.6
2239,2025-02-06,Laptop Pro 14,Electronics,East,9,1200,0.08,9936.0,2782.08
2240,2025-02-06,Executive Desk,Furniture,East,10,910,0.2,7280.0,2038.4
2241,2025-02-06,Air Purifier,Home Decor,South,5,170,0.05,807.5,226.1
2242,2025-02-06,Wireless Headset,Electronics,East,9,120,0.05,1026.0,287.28
2243,2025-02-06,Storage Cabinet,Furniture,West,3,280,0.0,840.0,235.2
2244,2025-02-06,Projector,Office Supplies,West,2,680,0.05,1292.0,361.76
2245,2025-02-06,Laptop Pro 14,Electronics,East,4,1200,0.0,4800.0,1344.0
2246,2025-02-06,Notebook Set,Office Supplies,North,1,18,0.0,18.0,5.04
2247,2025-02-06,Office Chair,Furniture,West,2,240,0.0,480.0,134.4
2248,2025-02-06,Executive Desk,Furniture,East,10,910,0.08,8372.0,2344.16
2249,2025-02-07,Smart Speaker,Electronics,North,10,95,0.05,902.5,252.7
2250,2025-02-07,Desk Lamp,Home Decor,East,6,60,0.18,295.2,82.66
2251,2025-02-07,Wireless Mouse,Electronics,South,5,45,0.12,198.0,55.44
2252,2025-02-07,Color Printer,Office Supplies,South,4,260,0.18,852.8,238.78
2253,2025-02-07,USB-C Dock,Electronics,East,9,120,0.18,885.6,247.97
2254,2025-02-07,Storage Cabinet,Furniture,South,5,280,0.05,1330.0,372.4
2255,2025-02-07,Notebook Set,Office Supplies,East,9,18,0.2,129.6,36.29
2256,2025-02-07,Tablet Air,Electronics,North,4,680,0.05,2584.0,723.52
2257,2025-02-07,Smart Speaker,Electronics,North,10,95,0.0,950.0,266.0
2258,2025-02-08,Projector,Office Supplies,West,2,680,0.2,1088.0,304.64
2259,2025-02-08,Notebook Set,Office Supplies,South,11,18,0.08,182.16,51.0
2260,2025-02-08,4K Monitor,Electronics,West,11,420,0.2,3696.0,1034.88
2261,2025-02-08,Desk Lamp,Home Decor,North,7,60,0.05,399.0,111.72
2262,2025-02-08,Executive Desk,Furniture,West,4,910,0.05,3458.0,968.24
2263,2025-02-08,Notebook Set,Office Supplies,East,9,18,0.12,142.56,39.92
2264,2025-02-08,Office Chair,Furniture,South,8,240,0.08,1766.4,494.59
2265,2025-02-08,USB-C Dock,Electronics,North,11,120,0.12,1161.6,325.25
2266,2025-02-08,Ergonomic Chair,Furniture,East,3,320,0.05,912.0,255.36
2267,2025-02-08,Storage Cabinet,Furniture,West,2,280,0.18,459.2,128.58
2268,2025-02-08,Ergonomic Chair,Furniture,North,5,320,0.18,1312.0,367.36
2269,2025-02-09,USB-C Dock,Electronics,North,4,120,0.08,441.6,123.65
2270,2025-02-09,Color Printer,Office Supplies,East,10,260,0.0,2600.0,728.0
2271,2025-02-09,Standing Desk,Furniture,North,3,550,0.12,1452.0,406.56
2272,2025-02-09,Air Purifier,Home Decor,East,9,170,0.05,1453.5,406.98
2273,2025-02-09,Air Purifier,Home Decor,North,6,170,0.18,836.4,234.19
2274,2025-02-09,Office Chair,Furniture,West,6,240,0.0,1440.0,403.2
2275,2025-02-09,Storage Cabinet,Furniture,South,7,280,0.08,1803.2,504.9
2276,2025-02-09,Laptop Pro 14,Electronics,East,1,1200,0.05,1140.0,319.2
2277,2025-02-09,Plant Pot,Home Decor,South,3,30,0.0,90.0,25.2
2278,2025-02-09,Ergonomic Chair,Furniture,North,1,320,0.0,320.0,89.6
2279,2025-02-10,Plant Pot,Home Decor,South,4,30,0.08,110.4,30.91
2280,2025-02-10,Wireless Mouse,Electronics,East,4,45,0.08,165.6,46.37
2281,2025-02-10,Office Chair,Furniture,East,5,240,0.05,1140.0,319.2
2282,2025-02-10,Air Purifier,Home Decor,North,11,170,0.18,1533.4,429.35
2283,2025-02-10,Tablet Air,Electronics,North,1,680,0.0,680.0,190.4
2284,2025-02-10,Executive Desk,Furniture,South,2,910,0.05,1729.0,484.12
2285,2025-02-10,Air Purifier,Home Decor,West,2,170,0.18,278.8,78.06
2286,2025-02-10,Color Printer,Office Supplies,North,11,260,0.08,2631.2,736.74
2287,2025-02-10,Smart Speaker,Electronics,South,1,95,0.05,90.25,25.27
2288,2025-02-10,Office Chair,Furniture,North,7,240,0.2,1344.0,376.32
2289,2025-02-10,Air Purifier,Home Decor,North,9,170,0.2,1224.0,342.72
2290,2025-02-10,Ergonomic Chair,Furniture,East,6,320,0.05,1824.0,510.72
2291,2025-02-10,Air Purifier,Home Decor,South,9,170,0.08,1407.6,394.13
2292,2025-02-10,Desk Lamp,Home Decor,South,2,60,0.12,105.6,29.57
2293,2025-02-11,Smart Speaker,Electronics,West,2,95,0.18,155.8,43.62
2294,2025-02-11,Plant Pot,Home Decor,East,7,30,0.08,193.2,54.1
2295,2025-02-11,Inkjet Printer,Office Supplies,South,5,180,0.18,738.0,206.64
2296,2025-02-11,Inkjet Printer,Office Supplies,West,9,180,0.2,1296.0,362.88
2297,2025-02-11,Inkjet Printer,Office Supplies,West,4,180,0.05,684.0,191.52
2298,2025-02-11,Office Chair,Furniture,East,5,240,0.08,1104.0,309.12
2299,2025-02-11,Executive Desk,Furniture,South,7,910,0.08,5860.4,1640.91
2300,2025-02-11,Office Chair,Furniture,South,1,240,0.08,220.8,61.82
2301,2025-02-11,Notebook Set,Office Supplies,South,2,18,0.12,31.68,8.87
2302,2025-02-11,Projector,Office Supplies,South,10,680,0.05,6460.0,1808.8
2303,2025-02-11,Desk Lamp,Home Decor,West,9,60,0.12,475.2,133.06
2304,2025-02-12,Projector,Office Supplies,West,11,680,0.05,7106.0,1989.68
2305,2025-02-12,Notebook Set,Office Supplies,East,11,18,0.0,198.0,55.44
2306,2025-02-12,Projector,Office Supplies,West,5,680,0.0,3400.0,952.0
2307,2025-02-12,Air Purifier,Home Decor,East,11,170,0.0,1870.0,523.6
2308,2025-02-12,Notebook Set,Office Supplies,West,8,18,0.2,115.2,32.26
2309,2025-02-12,Notebook Set,Office Supplies,North,4,18,0.18,59.04,16.53
2310,2025-02-12,Tablet Air,Electronics,North,6,680,0.05,3876.0,1085.28
2311,2025-02-12,Ergonomic Chair,Furniture,North,7,320,0.18,1836.8,514.3
2312,2025-02-12,Plant Pot,Home Decor,West,10,30,0.2,240.0,67.2
2313,2025-02-12,Office Chair,Furniture,East,1,240,0.05,228.0,63.84
2314,2025-02-13,"Monitor 27""",Electronics,West,2,390,0.08,717.6,200.93
2315,2025-02-13,USB-C Dock,Electronics,North,11,120,0.0,1320.0,369.6
2316,2025-02-13,Air Purifier,Home Decor,West,10,170,0.05,1615.0,452.2
2317,2025-02-13,Desk Lamp,Home Decor,West,10,60,0.12,528.0,147.84
2318,2025-02-13,Standing Desk,Furniture,North,5,550,0.18,2255.0,631.4
2319,2025-02-13,Inkjet Printer,Office Supplies,North,7,180,0.12,1108.8,310.46
2320,2025-02-13,Air Purifier,Home Decor,East,11,170,0.08,1720.4,481.71
2321,2025-02-13,Desk Lamp,Home Decor,North,5,60,0.0,300.0,84.0
2322,2025-02-13,4K Monitor,Electronics,West,3,420,0.2,1008.0,282.24
2323,2025-02-13,Laptop Pro 14,Electronics,East,4,1200,0.18,3936.0,1102.08
2324,2025-02-13,Plant Pot,Home Decor,North,11,30,0.12,290.4,81.31
2325,2025-02-13,Inkjet Printer,Office Supplies,South,8,180,0.12,1267.2,354.82
2326,2025-02-13,Wireless Headset,Electronics,East,2,120,0.08,220.8,61.82
2327,2025-02-13,Desk Lamp,Home Decor,North,1,60,0.12,52.8,14.78
2328,2025-02-14,Desk Lamp,Home Decor,West,3,60,0.08,165.6,46.37
2329,2025-02-14,USB-C Dock,Electronics,North,6,120,0.08,662.4,185.47
2330,2025-02-14,Wireless Mouse,Electronics,East,11,45,0.05,470.25,131.67
2331,2025-02-14,Storage Cabinet,Furniture,West,5,280,0.2,1120.0,313.6
2332,2025-02-14,Wireless Mouse,Electronics,East,8,45,0.2,288.0,80.64
2333,2025-02-14,Air Purifier,Home Decor,East,4,170,0.08,625.6,175.17
2334,2025-02-14,"Monitor 27""",Electronics,South,1,390,0.05,370.5,103.74
2335,2025-02-14,Inkjet Printer,Office Supplies,West,6,180,0.2,864.0,241.92
2336,2025-02-14,Notebook Set,Office Supplies,North,8,18,0.12,126.72,35.48
2337,2025-02-14,Ergonomic Chair,Furniture,West,5,320,0.0,1600.0,448.0
2338,2025-02-14,Office Chair,Furniture,West,10,240,0.2,1920.0,537.6
2339,2025-02-14,Laptop Pro 14,Electronics,North,1,1200,0.2,960.0,268.8
2340,2025-02-15,Wireless Headset,Electronics,East,1,120,0.2,96.0,26.88
2341,2025-02-15,Desk Lamp,Home Decor,East,5,60,0.18,246.0,68.88
2342,2025-02-15,Office Chair,Furniture,North,2,240,0.2,384.0,107.52
2343,2025-02-15,Storage Cabinet,Furniture,West,3,280,0.12,739.2,206.98
2344,2025-02-15,Standing Desk,Furniture,West,3,550,0.0,1650.0,462.0
2345,2025-02-15,Projector,Office Supplies,North,8,680,0.12,4787.2,1340.42
2346,2025-02-15,Plant Pot,Home Decor,West,7,30,0.2,168.0,47.04
2347,2025-02-15,Office Chair,Furniture,East,2,240,0.2,384.0,107.52
2348,2025-02-15,Plant Pot,Home Decor,East,5,30,0.12,132.0,36.96
2349,2025-02-15,Air Purifier,Home Decor,North,11,170,0.08,1720.4,481.71
2350,2025-02-15,Projector,Office Supplies,South,6,680,0.08,3753.6,1051.01
2351,2025-02-15,Desk Lamp,Home Decor,South,4,60,0.05,228.0,63.84
2352,2025-02-15,Standing Desk,Furniture,North,8,550,0.0,4400.0,1232.0
2353,2025-02-15,Projector,Office Supplies,East,5,680,0.05,3230.0,904.4
2354,2025-02-15,Air Purifier,Home Decor,East,1,170,0.0,170.0,47.6
2355,2025-02-15,Standing Desk,Furniture,West,3,550,0.05,1567.5,438.9
2356,2025-02-15,Air Purifier,Home Decor,North,5,170,0.12,748.0,209.44
2357,2025-02-16,Air Purifier,Home Decor,West,1,170,0.05,161.5,45.22
2358,2025-02-16,Notebook Set,Office Supplies,South,2,18,0.2,28.8,8.06
2359,2025-02-16,Smart Speaker,Electronics,North,2,95,0.12,167.2,46.82
2360,2025-02-16,Office Chair,Furniture,South,6,240,0.12,1267.2,354.82
2361,2025-02-16,Projector,Office Supplies,North,6,680,0.18,3345.6,936.77
2362,2025-02-16,Desk Lamp,Home Decor,East,10,60,0.12,528.0,147.84
2363,2025-02-16,Plant Pot,Home Decor,South,2,30,0.0,60.0,16.8
2364,2025-02-16,Storage Cabinet,Furniture,South,5,280,0.12,1232.0,344.96
2365,2025-02-16,Air Purifier,Home Decor,South,4,170,0.18,557.6,156.13
2366,2025-02-16,USB-C Dock,Electronics,South,3,120,0.12,316.8,88.7
2367,2025-02-16,Standing Desk,Furniture,East,2,550,0.18,902.0,252.56
2368,2025-02-16,"Monitor 27""",Electronics,West,3,390,0.18,959.4,268.63
2369,2025-02-16,Projector,Office Supplies,North,8,680,0.2,4352.0,1218.56
2370,2025-02-16,Plant Pot,Home Decor,West,2,30,0.12,52.8,14.78
2371,2025-02-17,Color Printer,Office Supplies,North,6,260,0.2,1248.0,349.44
2372,2025-02-17,Storage Cabinet,Furniture,West,2,280,0.08,515.2,144.26
2373,2025-02-17,Inkjet Printer,Office Supplies,West,5,180,0.2,720.0,201.6
2374,2025-02-17,Wireless Headset,Electronics,East,3,120,0.05,342.0,95.76
2375,2025-02-17,Color Printer,Office Supplies,East,1,260,0.12,228.8,64.06
2376,2025-02-17,Plant Pot,Home Decor,South,6,30,0.2,144.0,40.32
2377,2025-02-17,Ergonomic Chair,Furniture,East,1,320,0.18,262.4,73.47
2378,2025-02-17,Air Purifier,Home Decor,East,9,170,0.18,1254.6,351.29
2379,2025-02-17,Desk Lamp,Home Decor,South,8,60,0.05,456.0,127.68
2380,2025-02-17,Air Purifier,Home Decor,East,4,170,0.08,625.6,175.17
2381,2025-02-17,Executive Desk,Furniture,West,8,910,0.2,5824.0,1630.72
2382,2025-02-17,Air Purifier,Home Decor,South,7,170,0.08,1094.8,306.54
2383,2025-02-18,Desk Lamp,Home Decor,East,1,60,0.18,49.2,13.78
2384,2025-02-18,Ergonomic Chair,Furniture,East,3,320,0.12,844.8,236.54
2385,2025-02-18,Inkjet Printer,Office Supplies,North,5,180,0.05,855.0,239.4
2386,2025-02-18,Executive Desk,Furniture,North,9,910,0.05,7780.5,2178.54
2387,2025-02-18,Air Purifier,Home Decor,South,7,170,0.0,1190.0,333.2
2388,2025-02-18,4K Monitor,Electronics,West,2,420,0.05,798.0,223.44
2389,2025-02-18,"Monitor 27""",Electronics,South,4,390,0.12,1372.8,384.38
2390,2025-02-18,4K Monitor,Electronics,East,9,420,0.05,3591.0,1005.48
2391,2025-02-18,Projector,Office Supplies,North,9,680,0.08,5630.4,1576.51
2392,2025-02-18,Desk Lamp,Home Decor,West,2,60,0.08,110.4,30.91
2393,2025-02-18,Storage Cabinet,Furniture,South,5,280,0.0,1400.0,392.0
2394,2025-02-18,Color Printer,Office Supplies,West,8,260,0.0,2080.0,582.4
2395,2025-02-18,"Monitor 27""",Electronics,South,3,390,0.18,959.4,268.63
2396,2025-02-18,Color Printer,Office Supplies,North,9,260,0.05,2223.0,622.44
2397,2025-02-19,Office Chair,Furniture,South,3,240,0.08,662.4,185.47
2398,2025-02-19,Standing Desk,Furniture,North,3,550,0.08,1518.0,425.04
2399,2025-02-19,Storage Cabinet,Furniture,East,3,280,0.2,672.0,188.16
2400,2025-02-19,Plant Pot,Home Decor,South,3,30,0.05,85.5,23.94
2401,2025-02-19,Standing Desk,Furniture,North,5,550,0.18,2255.0,631.4
2402,2025-02-19,Office Chair,Furniture,South,10,240,0.05,2280.0,638.4
2403,2025-02-19,Projector,Office Supplies,North,11,680,0.08,6881.6,1926.85
2404,2025-02-19,Executive Desk,Furniture,East,1,910,0.2,728.0,203.84
2405,2025-02-19,Projector,Office Supplies,South,7,680,0.08,4379.2,1226.18
2406,2025-02-19,Air Purifier,Home Decor,West,6,170,0.18,836.4,234.19
2407,2025-02-19,Ergonomic Chair,Furniture,West,1,320,0.18,262.4,73.47
2408,2025-02-19,USB-C Dock,Electronics,South,6,120,0.08,662.4,185.47
2409,2025-02-20,Ergonomic Chair,Furniture,East,9,320,0.12,2534.4,709.63
2410,2025-02-20,Projector,Office Supplies,West,2,680,0.18,1115.2,312.26
2411,2025-02-20,Smart Speaker,Electronics,West,1,95,0.2,76.0,21.28
2412,2025-02-20,Air Purifier,Home Decor,East,10,170,0.0,1700.0,476.0
2413,2025-02-20,Plant Pot,Home Decor,South,2,30,0.08,55.2,15.46
2414,2025-02-20,Inkjet Printer,Office Supplies,West,7,180,0.12,1108.8,310.46
2415,2025-02-20,Desk Lamp,Home Decor,South,11,60,0.12,580.8,162.62
2416,2025-02-20,Inkjet Printer,Office Supplies,North,2,180,0.05,342.0,95.76
2417,2025-02-20,Wireless Headset,Electronics,North,7,120,0.2,672.0,188.16
2418,2025-02-20,Desk Lamp,Home Decor,North,10,60,0.0,600.0,168.0
2419,2025-02-20,Color Printer,Office Supplies,North,9,260,0.05,2223.0,622.44
2420,2025-02-20,Tablet Air,Electronics,West,3,680,0.2,1632.0,456.96
2421,2025-02-21,Plant Pot,Home Decor,South,8,30,0.2,192.0,53.76
2422,2025-02-21,Desk Lamp,Home Decor,North,11,60,0.05,627.0,175.56
2423,2025-02-21,Office Chair,Furniture,East,3,240,0.0,720.0,201.6
2424,2025-02-21,Office Chair,Furniture,South,8,240,0.05,1824.0,510.72
2425,2025-02-21,Air Purifier,Home Decor,East,9,170,0.12,1346.4,376.99
2426,2025-02-21,Executive Desk,Furniture,West,10,910,0.05,8645.0,2420.6
2427,2025-02-21,Notebook Set,Office Supplies,East,7,18,0.08,115.92,32.46
2428,2025-02-21,Air Purifier,Home Decor,North,3,170,0.05,484.5,135.66
2429,2025-02-21,Desk Lamp,Home Decor,East,9,60,0.18,442.8,123.98
2430,2025-02-21,Smart Speaker,Electronics,South,4,95,0.18,311.6,87.25
2431,2025-02-21,Laptop Pro 14,Electronics,North,3,1200,0.05,3420.0,957.6
2432,2025-02-21,USB-C Dock,Electronics,South,5,120,0.08,552.0,154.56
2433,2025-02-21,Projector,Office Supplies,East,8,680,0.18,4460.8,1249.02
2434,2025-02-21,Notebook Set,Office Supplies,West,2,18,0.08,33.12,9.27
2435,2025-02-21,Inkjet Printer,Office Supplies,North,11,180,0.0,1980.0,554.4
2436,2025-02-21,4K Monitor,Electronics,East,1,420,0.18,344.4,96.43
2437,2025-02-21,Plant Pot,Home Decor,South,6,30,0.0,180.0,50.4
2438,2025-02-22,Smart Speaker,Electronics,South,6,95,0.05,541.5,151.62
2439,2025-02-22,Standing Desk,Furniture,West,3,550,0.2,1320.0,369.6
2440,2025-02-22,Projector,Office Supplies,East,3,680,0.12,1795.2,502.66
2441,2025-02-22,Standing Desk,Furniture,South,4,550,0.0,2200.0,616.0
2442,2025-02-22,4K Monitor,Electronics,East,5,420,0.2,1680.0,470.4
2443,2025-02-22,"Monitor 27""",Electronics,West,7,390,0.08,2511.6,703.25
2444,2025-02-22,Standing Desk,Furniture,North,2,550,0.18,902.0,252.56
2445,2025-02-22,Inkjet Printer,Office Supplies,West,2,180,0.05,342.0,95.76
2446,2025-02-22,Office Chair,Furniture,East,10,240,0.05,2280.0,638.4
2447,2025-02-22,Plant Pot,Home Decor,North,6,30,0.0,180.0,50.4
2448,2025-02-23,Desk Lamp,Home Decor,South,2,60,0.12,105.6,29.57
2449,2025-02-23,Projector,Office Supplies,East,2,680,0.0,1360.0,380.8
2450,2025-02-23,Plant Pot,Home Decor,West,2,30,0.18,49.2,13.78
2451,2025-02-23,Desk Lamp,Home Decor,North,10,60,0.05,570.0,159.6
2452,2025-02-23,Projector,Office Supplies,East,1,680,0.18,557.6,156.13
2453,2025-02-23,Wireless Headset,Electronics,East,4,120,0.08,441.6,123.65
2454,2025-02-23,4K Monitor,Electronics,North,4,420,0.12,1478.4,413.95
2455,2025-02-23,Color Printer,Office Supplies,East,7,260,0.2,1456.0,407.68
2456,2025-02-23,Office Chair,Furniture,West,11,240,0.2,2112.0,591.36
2457,2025-02-23,Plant Pot,Home Decor,West,9,30,0.05,256.5,71.82
2458,2025-02-23,Inkjet Printer,Office Supplies,East,9,180,0.05,1539.0,430.92
2459,2025-02-23,Executive Desk,Furniture,South,11,910,0.0,10010.0,2802.8
2460,2025-02-23,Projector,Office Supplies,West,2,680,0.2,1088.0,304.64
2461,2025-02-23,Storage Cabinet,Furniture,South,8,280,0.12,1971.2,551.94
2462,2025-02-23,Standing Desk,Furniture,West,3,550,0.0,1650.0,462.0
2463,2025-02-23,Inkjet Printer,Office Supplies,East,10,180,0.0,1800.0,504.0
2464,2025-02-24,Projector,Office Supplies,East,5,680,0.12,2992.0,837.76
2465,2025-02-24,Desk Lamp,Home Decor,West,9,60,0.05,513.0,143.64
2466,2025-02-24,Tablet Air,Electronics,North,4,680,0.05,2584.0,723.52
2467,2025-02-24,Inkjet Printer,Office Supplies,East,11,180,0.18,1623.6,454.61
2468,2025-02-24,Plant Pot,Home Decor,South,3,30,0.2,72.0,20.16
2469,2025-02-24,Inkjet Printer,Office Supplies,East,7,180,0.08,1159.2,324.58
2470,2025-02-24,Standing Desk,Furniture,South,4,550,0.18,1804.0,505.12
2471,2025-02-24,Air Purifier,Home Decor,North,10,170,0.08,1564.0,437.92
2472,2025-02-24,Office Chair,Furniture,West,1,240,0.08,220.8,61.82
2473,2025-02-24,Color Printer,Office Supplies,South,6,260,0.2,1248.0,349.44
2474,2025-02-25,Color Printer,Office Supplies,West,4,260,0.05,988.0,276.64
2475,2025-02-25,Color Printer,Office Supplies,South,9,260,0.18,1918.8,537.26
2476,2025-02-25,Tablet Air,Electronics,North,5,680,0.0,3400.0,952.0
2477,2025-02-25,Office Chair,Furniture,South,8,240,0.0,1920.0,537.6
2478,2025-02-25,Inkjet Printer,Office Supplies,East,11,180,0.12,1742.4,487.87
2479,2025-02-25,"Monitor 27""",Electronics,North,5,390,0.0,1950.0,546.0
2480,2025-02-25,Inkjet Printer,Office Supplies,North,1,180,0.2,144.0,40.32
2481,2025-02-25,Air Purifier,Home Decor,North,4,170,0.2,544.0,152.32
2482,2025-02-25,Notebook Set,Office Supplies,North,3,18,0.2,43.2,12.1
2483,2025-02-25,4K Monitor,Electronics,East,11,420,0.18,3788.4,1060.75
2484,2025-02-26,Plant Pot,Home Decor,South,3,30,0.0,90.0,25.2
2485,2025-02-26,Smart Speaker,Electronics,North,5,95,0.0,475.0,133.0
2486,2025-02-26,4K Monitor,Electronics,North,1,420,0.0,420.0,117.6
2487,2025-02-26,USB-C Dock,Electronics,West,9,120,0.12,950.4,266.11
2488,2025-02-26,Tablet Air,Electronics,North,7,680,0.08,4379.2,1226.18
2489,2025-02-26,Plant Pot,Home Decor,East,5,30,0.12,132.0,36.96
2490,2025-02-26,Air Purifier,Home Decor,South,5,170,0.18,697.0,195.16
2491,2025-02-26,Standing Desk,Furniture,South,1,550,0.05,522.5,146.3
2492,2025-02-26,Executive Desk,Furniture,West,3,910,0.08,2511.6,703.25
2493,2025-02-26,Tablet Air,Electronics,North,9,680,0.2,4896.0,1370.88
2494,2025-02-26,Inkjet Printer,Office Supplies,West,8,180,0.12,1267.2,354.82
2495,2025-02-27,Plant Pot,Home Decor,West,9,30,0.05,256.5,71.82
2496,2025-02-27,Executive Desk,Furniture,North,5,910,0.18,3731.0,1044.68
2497,2025-02-27,Projector,Office Supplies,North,4,680,0.2,2176.0,609.28
2498,2025-02-27,Notebook Set,Office Supplies,South,4,18,0.12,63.36,17.74
2499,2025-02-27,Executive Desk,Furniture,South,7,910,0.0,6370.0,1783.6
2500,2025-02-27,Projector,Office Supplies,North,4,680,0.18,2230.4,624.51
2501,2025-02-27,Color Printer,Office Supplies,East,8,260,0.12,1830.4,512.51
2502,2025-02-27,Tablet Air,Electronics,South,1,680,0.08,625.6,175.17
2503,2025-02-27,Standing Desk,Furniture,West,3,550,0.05,1567.5,438.9
2504,2025-02-27,Office Chair,Furniture,East,9,240,0.05,2052.0,574.56
2505,2025-02-27,Air Purifier,Home Decor,South,7,170,0.0,1190.0,333.2
2506,2025-02-27,Air Purifier,Home Decor,South,6,170,0.08,938.4,262.75
2507,2025-02-27,USB-C Dock,Electronics,East,11,120,0.2,1056.0,295.68
2508,2025-02-27,Office Chair,Furniture,East,8,240,0.12,1689.6,473.09
2509,2025-02-27,Air Purifier,Home Decor,North,1,170,0.08,156.4,43.79
2510,2025-02-27,Color Printer,Office Supplies,South,6,260,0.2,1248.0,349.44
2511,2025-02-28,Ergonomic Chair,Furniture,South,11,320,0.2,2816.0,788.48
2512,2025-02-28,Inkjet Printer,Office Supplies,East,2,180,0.08,331.2,92.74
2513,2025-02-28,Smart Speaker,Electronics,North,7,95,0.0,665.0,186.2
2514,2025-02-28,Inkjet Printer,Office Supplies,South,9,180,0.12,1425.6,399.17
2515,2025-02-28,Color Printer,Office Supplies,North,3,260,0.12,686.4,192.19
2516,2025-02-28,Plant Pot,Home Decor,North,11,30,0.2,264.0,73.92
2517,2025-02-28,"Monitor 27""",Electronics,East,3,390,0.05,1111.5,311.22
2518,2025-02-28,Executive Desk,Furniture,South,5,910,0.05,4322.5,1210.3
2519,2025-02-28,Plant Pot,Home Decor,North,3,30,0.2,72.0,20.16
2520,2025-02-28,Desk Lamp,Home Decor,North,9,60,0.08,496.8,139.1
2521,2025-02-28,Desk Lamp,Home Decor,West,9,60,0.05,513.0,143.64
2522,2025-03-01,Storage Cabinet,Furniture,South,8,280,0.05,2128.0,595.84
2523,2025-03-01,Color Printer,Office Supplies,West,11,260,0.0,2860.0,800.8
2524,2025-03-01,Plant Pot,Home Decor,East,4,30,0.12,105.6,29.57
2525,2025-03-01,Projector,Office Supplies,South,11,680,0.05,7106.0,1989.68
2526,2025-03-01,"Monitor 27""",Electronics,East,8,390,0.18,2558.4,716.35
2527,2025-03-01,Laptop Pro 14,Electronics,West,5,1200,0.05,5700.0,1596.0
2528,2025-03-01,Desk Lamp,Home Decor,West,11,60,0.2,528.0,147.84
2529,2025-03-01,Projector,Office Supplies,West,3,680,0.0,2040.0,571.2
2530,2025-03-01,Executive Desk,Furniture,East,1,910,0.12,800.8,224.22
2531,2025-03-01,USB-C Dock,Electronics,East,8,120,0.08,883.2,247.3
2532,2025-03-01,Executive Desk,Furniture,East,9,910,0.08,7534.8,2109.74
2533,2025-03-01,Storage Cabinet,Furniture,East,2,280,0.08,515.2,144.26
2534,2025-03-01,USB-C Dock,Electronics,West,11,120,0.08,1214.4,340.03
2535,2025-03-01,Smart Speaker,Electronics,North,9,95,0.2,684.0,191.52
2536,2025-03-01,Notebook Set,Office Supplies,North,11,18,0.05,188.1,52.67
2537,2025-03-02,Laptop Pro 14,Electronics,East,10,1200,0.05,11400.0,3192.0
2538,2025-03-02,Notebook Set,Office Supplies,North,1,18,0.2,14.4,4.03
2539,2025-03-02,Projector,Office Supplies,North,1,680,0.2,544.0,152.32
2540,2025-03-02,Smart Speaker,Electronics,East,7,95,0.05,631.75,176.89
2541,2025-03-02,Executive Desk,Furniture,South,5,910,0.0,4550.0,1274.0
2542,2025-03-02,Office Chair,Furniture,East,10,240,0.0,2400.0,672.0
2543,2025-03-02,USB-C Dock,Electronics,North,7,120,0.2,672.0,188.16
2544,2025-03-02,Ergonomic Chair,Furniture,East,2,320,0.2,512.0,143.36
2545,2025-03-02,Tablet Air,Electronics,East,2,680,0.18,1115.2,312.26
2546,2025-03-03,Projector,Office Supplies,West,10,680,0.08,6256.0,1751.68
2547,2025-03-03,Inkjet Printer,Office Supplies,West,6,180,0.18,885.6,247.97
2548,2025-03-03,Executive Desk,Furniture,North,9,910,0.0,8190.0,2293.2
2549,2025-03-03,Laptop Pro 14,Electronics,South,8,1200,0.08,8832.0,2472.96
2550,2025-03-03,Laptop Pro 14,Electronics,South,6,1200,0.12,6336.0,1774.08
2551,2025-03-03,USB-C Dock,Electronics,East,9,120,0.12,950.4,266.11
2552,2025-03-03,Plant Pot,Home Decor,East,1,30,0.0,30.0,8.4
2553,2025-03-03,Desk Lamp,Home Decor,East,7,60,0.18,344.4,96.43
2554,2025-03-03,Smart Speaker,Electronics,North,10,95,0.05,902.5,252.7
2555,2025-03-04,Standing Desk,Furniture,South,1,550,0.05,522.5,146.3
2556,2025-03-04,Tablet Air,Electronics,East,11,680,0.08,6881.6,1926.85
2557,2025-03-04,USB-C Dock,Electronics,West,6,120,0.0,720.0,201.6
2558,2025-03-04,Office Chair,Furniture,East,11,240,0.12,2323.2,650.5
2559,2025-03-04,Tablet Air,Electronics,West,8,680,0.2,4352.0,1218.56
2560,2025-03-04,4K Monitor,Electronics,North,11,420,0.05,4389.0,1228.92
2561,2025-03-04,Projector,Office Supplies,North,1,680,0.2,544.0,152.32
2562,2025-03-04,USB-C Dock,Electronics,West,7,120,0.08,772.8,216.38
2563,2025-03-04,Executive Desk,Furniture,East,6,910,0.0,5460.0,1528.8
2564,2025-03-04,Color Printer,Office Supplies,East,1,260,0.18,213.2,59.7
2565,2025-03-04,Notebook Set,Office Supplies,West,6,18,0.08,99.36,27.82
2566,2025-03-04,Color Printer,Office Supplies,East,4,260,0.2,832.0,232.96
2567,2025-03-04,Plant Pot,Home Decor,East,1,30,0.08,27.6,7.73
2568,2025-03-05,"Monitor 27""",Electronics,North,9,390,0.08,3229.2,904.18
2569,2025-03-05,Projector,Office Supplies,East,9,680,0.0,6120.0,1713.6
2570,2025-03-05,4K Monitor,Electronics,West,8,420,0.08,3091.2,865.54
2571,2025-03-05,Tablet Air,Electronics,West,3,680,0.12,1795.2,502.66
2572,2025-03-05,Inkjet Printer,Office Supplies,West,2,180,0.05,342.0,95.76
2573,2025-03-05,Wireless Headset,Electronics,East,11,120,0.12,1161.6,325.25
2574,2025-03-05,"Monitor 27""",Electronics,North,8,390,0.18,2558.4,716.35
2575,2025-03-05,Desk Lamp,Home Decor,South,1,60,0.08,55.2,15.46
2576,2025-03-05,Executive Desk,Furniture,West,2,910,0.05,1729.0,484.12
2577,2025-03-05,Inkjet Printer,Office Supplies,North,10,180,0.18,1476.0,413.28
2578,2025-03-05,Inkjet Printer,Office Supplies,West,1,180,0.08,165.6,46.37
2579,2025-03-05,Air Purifier,Home Decor,South,8,170,0.05,1292.0,361.76
2580,2025-03-05,Laptop Pro 14,Electronics,West,8,1200,0.08,8832.0,2472.96
2581,2025-03-05,Standing Desk,Furniture,South,2,550,0.05,1045.0,292.6
2582,2025-03-05,Notebook Set,Office Supplies,North,6,18,0.05,102.6,28.73
2583,2025-03-05,Standing Desk,Furniture,North,5,550,0.18,2255.0,631.4
2584,2025-03-05,Ergonomic Chair,Furniture,East,3,320,0.05,912.0,255.36
2585,2025-03-06,Wireless Headset,Electronics,East,4,120,0.08,441.6,123.65
2586,2025-03-06,Executive Desk,Furniture,West,2,910,0.08,1674.4,468.83
2587,2025-03-06,"Monitor 27""",Electronics,North,4,390,0.08,1435.2,401.86
2588,2025-03-06,Storage Cabinet,Furniture,West,9,280,0.0,2520.0,705.6
2589,2025-03-06,Office Chair,Furniture,East,3,240,0.12,633.6,177.41
2590,2025-03-06,Wireless Mouse,Electronics,East,6,45,0.18,221.4,61.99
2591,2025-03-06,Office Chair,Furniture,South,9,240,0.0,2160.0,604.8
2592,2025-03-06,Tablet Air,Electronics,West,11,680,0.05,7106.0,1989.68
2593,2025-03-06,4K Monitor,Electronics,East,3,420,0.18,1033.2,289.3
2594,2025-03-06,Plant Pot,Home Decor,West,9,30,0.12,237.6,66.53
2595,2025-03-06,Inkjet Printer,Office Supplies,West,11,180,0.2,1584.0,443.52
2596,2025-03-06,Notebook Set,Office Supplies,South,5,18,0.2,72.0,20.16
2597,2025-03-07,Notebook Set,Office Supplies,West,4,18,0.0,72.0,20.16
2598,2025-03-07,Plant Pot,Home Decor,North,1,30,0.08,27.6,7.73
2599,2025-03-07,Tablet Air,Electronics,East,4,680,0.0,2720.0,761.6
2600,2025-03-07,Standing Desk,Furniture,West,4,550,0.08,2024.0,566.72
2601,2025-03-07,Smart Speaker,Electronics,North,1,95,0.18,77.9,21.81
2602,2025-03-07,Air Purifier,Home Decor,South,9,170,0.12,1346.4,376.99
2603,2025-03-07,Wireless Mouse,Electronics,East,5,45,0.0,225.0,63.0
2604,2025-03-07,Air Purifier,Home Decor,East,11,170,0.2,1496.0,418.88
2605,2025-03-07,Plant Pot,Home Decor,West,6,30,0.18,147.6,41.33
2606,2025-03-07,Plant Pot,Home Decor,South,2,30,0.05,57.0,15.96
2607,2025-03-07,Office Chair,Furniture,West,5,240,0.05,1140.0,319.2
2608,2025-03-07,Projector,Office Supplies,West,3,680,0.05,1938.0,542.64
2609,2025-03-07,Inkjet Printer,Office Supplies,North,1,180,0.08,165.6,46.37
2610,2025-03-08,Notebook Set,Office Supplies,East,8,18,0.08,132.48,37.09
2611,2025-03-08,USB-C Dock,Electronics,East,5,120,0.05,570.0,159.6
2612,2025-03-08,Inkjet Printer,Office Supplies,South,4,180,0.05,684.0,191.52
2613,2025-03-08,Inkjet Printer,Office Supplies,South,8,180,0.08,1324.8,370.94
2614,2025-03-08,Tablet Air,Electronics,North,7,680,0.05,4522.0,1266.16
2615,2025-03-08,Wireless Mouse,Electronics,West,5,45,0.08,207.0,57.96
2616,2025-03-08,Notebook Set,Office Supplies,East,6,18,0.12,95.04,26.61
2617,2025-03-08,4K Monitor,Electronics,North,8,420,0.18,2755.2,771.46
2618,2025-03-08,Standing Desk,Furniture,South,9,550,0.2,3960.0,1108.8
2619,2025-03-08,Plant Pot,Home Decor,East,2,30,0.18,49.2,13.78
2620,2025-03-08,Executive Desk,Furniture,East,11,910,0.08,9209.2,2578.58
2621,2025-03-09,Notebook Set,Office Supplies,North,6,18,0.18,88.56,24.8
2622,2025-03-09,Projector,Office Supplies,North,5,680,0.12,2992.0,837.76
2623,2025-03-09,Standing Desk,Furniture,North,11,550,0.12,5324.0,1490.72
2624,2025-03-09,Storage Cabinet,Furniture,North,11,280,0.0,3080.0,862.4
2625,2025-03-09,Plant Pot,Home Decor,South,4,30,0.18,98.4,27.55
2626,2025-03-09,Laptop Pro 14,Electronics,South,4,1200,0.05,4560.0,1276.8
2627,2025-03-09,Desk Lamp,Home Decor,South,5,60,0.2,240.0,67.2
2628,2025-03-09,Storage Cabinet,Furniture,South,4,280,0.0,1120.0,313.6
2629,2025-03-09,Notebook Set,Office Supplies,North,3,18,0.05,51.3,14.36
2630,2025-03-09,Desk Lamp,Home Decor,West,4,60,0.2,192.0,53.76
2631,2025-03-09,USB-C Dock,Electronics,West,6,120,0.2,576.0,161.28
2632,2025-03-10,Tablet Air,Electronics,North,9,680,0.18,5018.4,1405.15
2633,2025-03-10,Desk Lamp,Home Decor,West,2,60,0.08,110.4,30.91
2634,2025-03-10,Tablet Air,Electronics,East,9,680,0.18,5018.4,1405.15
2635,2025-03-10,Standing Desk,Furniture,West,6,550,0.0,3300.0,924.0
2636,2025-03-10,Air Purifier,Home Decor,South,9,170,0.0,1530.0,428.4
2637,2025-03-10,Laptop Pro 14,Electronics,East,2,1200,0.0,2400.0,672.0
2638,2025-03-10,Projector,Office Supplies,East,9,680,0.18,5018.4,1405.15
2639,2025-03-10,Color Printer,Office Supplies,West,4,260,0.0,1040.0,291.2
2640,2025-03-10,Plant Pot,Home Decor,West,5,30,0.2,120.0,33.6
2641,2025-03-10,Wireless Headset,Electronics,South,6,120,0.05,684.0,191.52
2642,2025-03-10,Desk Lamp,Home Decor,West,5,60,0.0,300.0,84.0
2643,2025-03-11,Laptop Pro 14,Electronics,West,10,1200,0.2,9600.0,2688.0
2644,2025-03-11,Executive Desk,Furniture,South,9,910,0.12,7207.2,2018.02
2645,2025-03-11,"Monitor 27""",Electronics,South,3,390,0.08,1076.4,301.39
2646,2025-03-11,Notebook Set,Office Supplies,North,9,18,0.08,149.04,41.73
2647,2025-03-11,Color Printer,Office Supplies,East,5,260,0.08,1196.0,334.88
2648,2025-03-11,Air Purifier,Home Decor,South,8,170,0.2,1088.0,304.64
2649,2025-03-11,Tablet Air,Electronics,South,11,680,0.12,6582.4,1843.07
2650,2025-03-11,Plant Pot,Home Decor,North,11,30,0.12,290.4,81.31
2651,2025-03-11,Notebook Set,Office Supplies,North,10,18,0.05,171.0,47.88
2652,2025-03-11,Inkjet Printer,Office Supplies,South,2,180,0.2,288.0,80.64
2653,2025-03-11,Plant Pot,Home Decor,South,7,30,0.08,193.2,54.1
2654,2025-03-11,Inkjet Printer,Office Supplies,North,4,180,0.12,633.6,177.41
2655,2025-03-11,Tablet Air,Electronics,North,1,680,0.12,598.4,167.55
2656,2025-03-11,Inkjet Printer,Office Supplies,South,1,180,0.12,158.4,44.35
2657,2025-03-11,Standing Desk,Furniture,South,11,550,0.05,5747.5,1609.3
2658,2025-03-11,Plant Pot,Home Decor,North,3,30,0.05,85.5,23.94
2659,2025-03-12,Inkjet Printer,Office Supplies,East,6,180,0.08,993.6,278.21
2660,2025-03-12,Standing Desk,Furniture,East,2,550,0.18,902.0,252.56
2661,2025-03-12,Air Purifier,Home Decor,South,4,170,0.2,544.0,152.32
2662,2025-03-12,Ergonomic Chair,Furniture,West,11,320,0.2,2816.0,788.48
2663,2025-03-12,4K Monitor,Electronics,North,7,420,0.2,2352.0,658.56
2664,2025-03-12,Projector,Office Supplies,South,4,680,0.05,2584.0,723.52
2665,2025-03-12,Executive Desk,Furniture,South,9,910,0.08,7534.8,2109.74
2666,2025-03-12,Standing Desk,Furniture,East,10,550,0.2,4400.0,1232.0
2667,2025-03-12,Ergonomic Chair,Furniture,East,7,320,0.0,2240.0,627.2
2668,2025-03-13,Wireless Mouse,Electronics,East,2,45,0.08,82.8,23.18
2669,2025-03-13,Color Printer,Office Supplies,South,2,260,0.18,426.4,119.39
2670,2025-03-13,Air Purifier,Home Decor,East,5,170,0.2,680.0,190.4
2671,2025-03-13,Standing Desk,Furniture,West,4,550,0.2,1760.0,492.8
2672,2025-03-13,Office Chair,Furniture,East,6,240,0.05,1368.0,383.04
2673,2025-03-13,Plant Pot,Home Decor,South,5,30,0.12,132.0,36.96
2674,2025-03-13,Executive Desk,Furniture,South,3,910,0.05,2593.5,726.18
2675,2025-03-13,Inkjet Printer,Office Supplies,South,7,180,0.05,1197.0,335.16
2676,2025-03-13,Storage Cabinet,Furniture,South,8,280,0.12,1971.2,551.94
2677,2025-03-13,Air Purifier,Home Decor,North,5,170,0.05,807.5,226.1
2678,2025-03-13,Inkjet Printer,Office Supplies,West,4,180,0.12,633.6,177.41
2679,2025-03-13,4K Monitor,Electronics,West,9,420,0.08,3477.6,973.73
2680,2025-03-13,Wireless Headset,Electronics,South,11,120,0.18,1082.4,303.07
2681,2025-03-14,Air Purifier,Home Decor,South,1,170,0.0,170.0,47.6
2682,2025-03-14,Ergonomic Chair,Furniture,North,2,320,0.18,524.8,146.94
2683,2025-03-14,Plant Pot,Home Decor,East,1,30,0.18,24.6,6.89
2684,2025-03-14,Air Purifier,Home Decor,East,7,170,0.2,952.0,266.56
2685,2025-03-14,Inkjet Printer,Office Supplies,West,7,180,0.2,1008.0,282.24
2686,2025-03-14,Projector,Office Supplies,North,1,680,0.0,680.0,190.4
2687,2025-03-14,Color Printer,Office Supplies,North,2,260,0.2,416.0,116.48
2688,2025-03-14,Desk Lamp,Home Decor,South,5,60,0.0,300.0,84.0
2689,2025-03-14,4K Monitor,Electronics,South,8,420,0.18,2755.2,771.46
2690,2025-03-14,Storage Cabinet,Furniture,East,2,280,0.08,515.2,144.26
2691,2025-03-14,Air Purifier,Home Decor,West,1,170,0.05,161.5,45.22
2692,2025-03-14,Storage Cabinet,Furniture,North,11,280,0.0,3080.0,862.4
2693,2025-03-14,Color Printer,Office Supplies,East,3,260,0.05,741.0,207.48
2694,2025-03-15,Executive Desk,Furniture,North,1,910,0.18,746.2,208.94
2695,2025-03-15,Notebook Set,Office Supplies,West,1,18,0.2,14.4,4.03
2696,2025-03-15,Projector,Office Supplies,West,4,680,0.18,2230.4,624.51
2697,2025-03-15,"Monitor 27""",Electronics,North,6,390,0.2,1872.0,524.16
2698,2025-03-15,Standing Desk,Furniture,South,9,550,0.12,4356.0,1219.68
2699,2025-03-15,Inkjet Printer,Office Supplies,South,7,180,0.12,1108.8,310.46
2700,2025-03-15,Desk Lamp,Home Decor,West,10,60,0.0,600.0,168.0
2701,2025-03-15,Storage Cabinet,Furniture,North,2,280,0.18,459.2,128.58
2702,2025-03-15,Standing Desk,Furniture,South,4,550,0.05,2090.0,585.2
2703,2025-03-15,Tablet Air,Electronics,West,6,680,0.12,3590.4,1005.31
2704,2025-03-15,Air Purifier,Home Decor,North,11,170,0.0,1870.0,523.6
2705,2025-03-15,"Monitor 27""",Electronics,East,1,390,0.05,370.5,103.74
2706,2025-03-15,Storage Cabinet,Furniture,West,4,280,0.05,1064.0,297.92
2707,2025-03-15,Smart Speaker,Electronics,North,7,95,0.08,611.8,171.3
2708,2025-03-16,Desk Lamp,Home Decor,North,5,60,0.05,285.0,79.8
2709,2025-03-16,Plant Pot,Home Decor,North,9,30,0.08,248.4,69.55
2710,2025-03-16,Wireless Headset,Electronics,North,10,120,0.18,984.0,275.52
2711,2025-03-16,Ergonomic Chair,Furniture,East,8,320,0.0,2560.0,716.8
2712,2025-03-16,Standing Desk,Furniture,East,1,550,0.12,484.0,135.52
2713,2025-03-16,Projector,Office Supplies,South,1,680,0.18,557.6,156.13
2714,2025-03-16,Wireless Mouse,Electronics,West,10,45,0.18,369.0,103.32
2715,2025-03-16,Plant Pot,Home Decor,North,4,30,0.0,120.0,33.6
2716,2025-03-16,Plant Pot,Home Decor,East,10,30,0.18,246.0,68.88
2717,2025-03-16,"Monitor 27""",Electronics,East,9,390,0.08,3229.2,904.18
2718,2025-03-16,Executive Desk,Furniture,West,6,910,0.0,5460.0,1528.8
2719,2025-03-16,Projector,Office Supplies,West,5,680,0.0,3400.0,952.0
2720,2025-03-17,Air Purifier,Home Decor,North,4,170,0.08,625.6,175.17
2721,2025-03-17,4K Monitor,Electronics,North,8,420,0.2,2688.0,752.64
2722,2025-03-17,Projector,Office Supplies,South,10,680,0.08,6256.0,1751.68
2723,2025-03-17,Laptop Pro 14,Electronics,South,6,1200,0.05,6840.0,1915.2
2724,2025-03-17,Ergonomic Chair,Furniture,South,8,320,0.05,2432.0,680.96
2725,2025-03-17,Plant Pot,Home Decor,West,5,30,0.0,150.0,42.0
2726,2025-03-17,Tablet Air,Electronics,West,3,680,0.12,1795.2,502.66
2727,2025-03-17,Notebook Set,Office Supplies,South,8,18,0.2,115.2,32.26
2728,2025-03-17,Plant Pot,Home Decor,North,5,30,0.0,150.0,42.0
2729,2025-03-17,Notebook Set,Office Supplies,North,1,18,0.05,17.1,4.79
2730,2025-03-17,Plant Pot,Home Decor,West,3,30,0.0,90.0,25.2
2731,2025-03-17,Executive Desk,Furniture,North,1,910,0.2,728.0,203.84
2732,2025-03-17,Inkjet Printer,Office Supplies,West,10,180,0.08,1656.0,463.68
2733,2025-03-18,Laptop Pro 14,Electronics,East,3,1200,0.2,2880.0,806.4
2734,2025-03-18,Plant Pot,Home Decor,South,3,30,0.12,79.2,22.18
2735,2025-03-18,"Monitor 27""",Electronics,East,7,390,0.12,2402.4,672.67
2736,2025-03-18,Tablet Air,Electronics,East,9,680,0.08,5630.4,1576.51
2737,2025-03-18,Desk Lamp,Home Decor,West,3,60,0.05,171.0,47.88
2738,2025-03-18,Color Printer,Office Supplies,East,4,260,0.2,832.0,232.96
2739,2025-03-18,Ergonomic Chair,Furniture,West,6,320,0.18,1574.4,440.83
2740,2025-03-18,Air Purifier,Home Decor,South,5,170,0.05,807.5,226.1
2741,2025-03-18,Projector,Office Supplies,South,4,680,0.0,2720.0,761.6
2742,2025-03-18,Storage Cabinet,Furniture,West,6,280,0.0,1680.0,470.4
2743,2025-03-18,Tablet Air,Electronics,West,9,680,0.0,6120.0,1713.6
2744,2025-03-18,Smart Speaker,Electronics,West,9,95,0.2,684.0,191.52
2745,2025-03-18,Smart Speaker,Electronics,West,11,95,0.18,856.9,239.93
2746,2025-03-19,Wireless Mouse,Electronics,East,10,45,0.12,396.0,110.88
2747,2025-03-19,Executive Desk,Furniture,North,10,910,0.2,7280.0,2038.4
2748,2025-03-19,Projector,Office Supplies,East,6,680,0.05,3876.0,1085.28
2749,2025-03-19,Air Purifier,Home Decor,North,11,170,0.0,1870.0,523.6
2750,2025-03-19,Notebook Set,Office Supplies,East,5,18,0.08,82.8,23.18
2751,2025-03-19,Projector,Office Supplies,South,11,680,0.08,6881.6,1926.85
2752,2025-03-19,Wireless Mouse,Electronics,North,8,45,0.12,316.8,88.7
2753,2025-03-19,Ergonomic Chair,Furniture,West,7,320,0.0,2240.0,627.2
2754,2025-03-19,"Monitor 27""",Electronics,South,10,390,0.12,3432.0,960.96
2755,2025-03-20,Inkjet Printer,Office Supplies,East,7,180,0.18,1033.2,289.3
2756,2025-03-20,Wireless Headset,Electronics,South,9,120,0.18,885.6,247.97
2757,2025-03-20,Projector,Office Supplies,East,1,680,0.12,598.4,167.55
2758,2025-03-20,Plant Pot,Home Decor,North,4,30,0.2,96.0,26.88
2759,2025-03-20,Projector,Office Supplies,West,7,680,0.18,3903.2,1092.9
2760,2025-03-20,Standing Desk,Furniture,South,7,550,0.05,3657.5,1024.1
2761,2025-03-20,Wireless Mouse,Electronics,East,10,45,0.18,369.0,103.32
2762,2025-03-20,Ergonomic Chair,Furniture,West,7,320,0.05,2128.0,595.84
2763,2025-03-20,Executive Desk,Furniture,South,10,910,0.2,7280.0,2038.4
2764,2025-03-20,Wireless Headset,Electronics,South,6,120,0.05,684.0,191.52
2765,2025-03-20,Storage Cabinet,Furniture,North,9,280,0.0,2520.0,705.6
2766,2025-03-20,Standing Desk,Furniture,North,5,550,0.2,2200.0,616.0
2767,2025-03-20,Desk Lamp,Home Decor,East,11,60,0.05,627.0,175.56
2768,2025-03-20,Plant Pot,Home Decor,North,4,30,0.0,120.0,33.6
2769,2025-03-20,Air Purifier,Home Decor,South,10,170,0.18,1394.0,390.32
2770,2025-03-21,Desk Lamp,Home Decor,North,11,60,0.12,580.8,162.62
2771,2025-03-21,Air Purifier,Home Decor,North,5,170,0.05,807.5,226.1
2772,2025-03-21,4K Monitor,Electronics,West,11,420,0.2,3696.0,1034.88
2773,2025-03-21,Color Printer,Office Supplies,West,7,260,0.12,1601.6,448.45
2774,2025-03-21,Wireless Headset,Electronics,West,8,120,0.08,883.2,247.3
2775,2025-03-21,Wireless Mouse,Electronics,East,8,45,0.18,295.2,82.66
2776,2025-03-21,Desk Lamp,Home Decor,West,8,60,0.05,456.0,127.68
2777,2025-03-21,Plant Pot,Home Decor,East,11,30,0.12,290.4,81.31
2778,2025-03-21,Plant Pot,Home Decor,East,9,30,0.12,237.6,66.53
2779,2025-03-21,Desk Lamp,Home Decor,East,5,60,0.2,240.0,67.2
2780,2025-03-21,Laptop Pro 14,Electronics,North,8,1200,0.05,9120.0,2553.6
2781,2025-03-21,Office Chair,Furniture,South,2,240,0.0,480.0,134.4
2782,2025-03-21,4K Monitor,Electronics,East,11,420,0.05,4389.0,1228.92
2783,2025-03-21,Standing Desk,Furniture,South,7,550,0.18,3157.0,883.96
2784,2025-03-21,Executive Desk,Furniture,East,4,910,0.2,2912.0,815.36
2785,2025-03-21,Standing Desk,Furniture,West,11,550,0.0,6050.0,1694.0
2786,2025-03-22,Air Purifier,Home Decor,South,7,170,0.12,1047.2,293.22
2787,2025-03-22,Color Printer,Office Supplies,East,6,260,0.18,1279.2,358.18
2788,2025-03-22,Notebook Set,Office Supplies,North,11,18,0.2,158.4,44.35
2789,2025-03-22,Notebook Set,Office Supplies,West,2,18,0.08,33.12,9.27
2790,2025-03-22,Standing Desk,Furniture,West,6,550,0.05,3135.0,877.8
2791,2025-03-22,Notebook Set,Office Supplies,South,6,18,0.08,99.36,27.82
2792,2025-03-22,Plant Pot,Home Decor,North,6,30,0.2,144.0,40.32
2793,2025-03-22,Standing Desk,Furniture,West,5,550,0.05,2612.5,731.5
2794,2025-03-22,Inkjet Printer,Office Supplies,West,4,180,0.12,633.6,177.41
2795,2025-03-22,Notebook Set,Office Supplies,South,2,18,0.12,31.68,8.87
2796,2025-03-22,Air Purifier,Home Decor,South,4,170,0.12,598.4,167.55
2797,2025-03-22,Projector,Office Supplies,North,3,680,0.05,1938.0,542.64
2798,2025-03-22,Ergonomic Chair,Furniture,West,1,320,0.18,262.4,73.47
2799,2025-03-22,Color Printer,Office Supplies,East,2,260,0.18,426.4,119.39
2800,2025-03-22,USB-C Dock,Electronics,East,7,120,0.05,798.0,223.44
2801,2025-03-22,Ergonomic Chair,Furniture,North,8,320,0.0,2560.0,716.8
2802,2025-03-22,Executive Desk,Furniture,North,11,910,0.08,9209.2,2578.58
2803,2025-03-23,Color Printer,Office Supplies,East,9,260,0.08,2152.8,602.78
2804,2025-03-23,Desk Lamp,Home Decor,East,2,60,0.12,105.6,29.57
2805,2025-03-23,Executive Desk,Furniture,West,10,910,0.2,7280.0,2038.4
2806,2025-03-23,Smart Speaker,Electronics,West,5,95,0.0,475.0,133.0
2807,2025-03-23,Office Chair,Furniture,South,1,240,0.18,196.8,55.1
2808,2025-03-23,Laptop Pro 14,Electronics,North,7,1200,0.08,7728.0,2163.84
2809,2025-03-23,Desk Lamp,Home Decor,North,2,60,0.05,114.0,31.92
2810,2025-03-23,Standing Desk,Furniture,South,10,550,0.18,4510.0,1262.8
2811,2025-03-24,Air Purifier,Home Decor,East,10,170,0.0,1700.0,476.0
2812,2025-03-24,Plant Pot,Home Decor,East,11,30,0.08,303.6,85.01
2813,2025-03-24,Laptop Pro 14,Electronics,South,11,1200,0.2,10560.0,2956.8
2814,2025-03-24,Projector,Office Supplies,South,5,680,0.2,2720.0,761.6
2815,2025-03-24,Color Printer,Office Supplies,South,8,260,0.18,1705.6,477.57
2816,2025-03-24,Standing Desk,Furniture,North,2,550,0.08,1012.0,283.36
2817,2025-03-24,Projector,Office Supplies,North,9,680,0.12,5385.6,1507.97
2818,2025-03-24,Laptop Pro 14,Electronics,South,10,1200,0.2,9600.0,2688.0
2819,2025-03-24,Desk Lamp,Home Decor,South,4,60,0.18,196.8,55.1
2820,2025-03-24,Laptop Pro 14,Electronics,North,6,1200,0.05,6840.0,1915.2
2821,2025-03-24,"Monitor 27""",Electronics,West,7,390,0.18,2238.6,626.81
2822,2025-03-24,Air Purifier,Home Decor,South,10,170,0.2,1360.0,380.8
2823,2025-03-24,Desk Lamp,Home Decor,North,7,60,0.2,336.0,94.08
2824,2025-03-24,Desk Lamp,Home Decor,North,5,60,0.18,246.0,68.88
2825,2025-03-25,Storage Cabinet,Furniture,North,4,280,0.18,918.4,257.15
2826,2025-03-25,4K Monitor,Electronics,North,7,420,0.08,2704.8,757.34
2827,2025-03-25,Air Purifier,Home Decor,East,7,170,0.18,975.8,273.22
2828,2025-03-25,Notebook Set,Office Supplies,South,3,18,0.08,49.68,13.91
2829,2025-03-25,Notebook Set,Office Supplies,North,10,18,0.08,165.6,46.37
2830,2025-03-25,Wireless Headset,Electronics,East,10,120,0.18,984.0,275.52
2831,2025-03-25,Desk Lamp,Home Decor,South,10,60,0.05,570.0,159.6
2832,2025-03-25,Office Chair,Furniture,West,4,240,0.18,787.2,220.42
2833,2025-03-25,Air Purifier,Home Decor,North,8,170,0.05,1292.0,361.76
2834,2025-03-25,Plant Pot,Home Decor,West,2,30,0.08,55.2,15.46
2835,2025-03-25,Tablet Air,Electronics,South,9,680,0.0,6120.0,1713.6
2836,2025-03-25,Office Chair,Furniture,West,3,240,0.08,662.4,185.47
2837,2025-03-25,Ergonomic Chair,Furniture,East,2,320,0.18,524.8,146.94
2838,2025-03-26,Office Chair,Furniture,East,5,240,0.2,960.0,268.8
2839,2025-03-26,Ergonomic Chair,Furniture,North,3,320,0.08,883.2,247.3
2840,2025-03-26,Projector,Office Supplies,South,10,680,0.12,5984.0,1675.52
2841,2025-03-26,Wireless Headset,Electronics,East,5,120,0.08,552.0,154.56
2842,2025-03-26,Executive Desk,Furniture,East,5,910,0.05,4322.5,1210.3
2843,2025-03-26,Ergonomic Chair,Furniture,South,4,320,0.12,1126.4,315.39
2844,2025-03-26,USB-C Dock,Electronics,North,6,120,0.18,590.4,165.31
2845,2025-03-26,Air Purifier,Home Decor,East,1,170,0.08,156.4,43.79
2846,2025-03-26,Projector,Office Supplies,East,10,680,0.05,6460.0,1808.8
2847,2025-03-26,Wireless Mouse,Electronics,East,8,45,0.05,342.0,95.76
2848,2025-03-27,Inkjet Printer,Office Supplies,North,9,180,0.18,1328.4,371.95
2849,2025-03-27,Laptop Pro 14,Electronics,South,6,1200,0.0,7200.0,2016.0
2850,2025-03-27,Desk Lamp,Home Decor,South,1,60,0.2,48.0,13.44
2851,2025-03-27,4K Monitor,Electronics,South,10,420,0.05,3990.0,1117.2
2852,2025-03-27,Tablet Air,Electronics,West,6,680,0.0,4080.0,1142.4
2853,2025-03-27,Desk Lamp,Home Decor,West,10,60,0.2,480.0,134.4
2854,2025-03-27,Color Printer,Office Supplies,East,1,260,0.08,239.2,66.98
2855,2025-03-27,Projector,Office Supplies,East,8,680,0.0,5440.0,1523.2
2856,2025-03-27,Ergonomic Chair,Furniture,West,4,320,0.05,1216.0,340.48
2857,2025-03-27,Standing Desk,Furniture,East,8,550,0.18,3608.0,1010.24
2858,2025-03-27,Plant Pot,Home Decor,North,4,30,0.05,114.0,31.92
2859,2025-03-27,Plant Pot,Home Decor,North,10,30,0.2,240.0,67.2
2860,2025-03-27,Laptop Pro 14,Electronics,East,6,1200,0.2,5760.0,1612.8
2861,2025-03-27,Standing Desk,Furniture,South,7,550,0.12,3388.0,948.64
2862,2025-03-27,Projector,Office Supplies,West,3,680,0.08,1876.8,525.5
2863,2025-03-28,Ergonomic Chair,Furniture,North,3,320,0.18,787.2,220.42
2864,2025-03-28,Air Purifier,Home Decor,South,2,170,0.0,340.0,95.2
2865,2025-03-28,Ergonomic Chair,Furniture,West,10,320,0.0,3200.0,896.0
2866,2025-03-28,Inkjet Printer,Office Supplies,North,7,180,0.0,1260.0,352.8
2867,2025-03-28,Ergonomic Chair,Furniture,South,7,320,0.08,2060.8,577.02
2868,2025-03-28,Plant Pot,Home Decor,North,6,30,0.05,171.0,47.88
2869,2025-03-28,Notebook Set,Office Supplies,East,11,18,0.0,198.0,55.44
2870,2025-03-28,Office Chair,Furniture,East,2,240,0.05,456.0,127.68
2871,2025-03-28,Air Purifier,Home Decor,South,6,170,0.18,836.4,234.19
2872,2025-03-28,Smart Speaker,Electronics,West,3,95,0.18,233.7,65.44
2873,2025-03-28,Office Chair,Furniture,North,11,240,0.05,2508.0,702.24
2874,2025-03-28,Wireless Headset,Electronics,East,10,120,0.0,1200.0,336.0
2875,2025-03-28,USB-C Dock,Electronics,West,5,120,0.18,492.0,137.76
2876,2025-03-28,Air Purifier,Home Decor,East,8,170,0.12,1196.8,335.1
2877,2025-03-29,Color Printer,Office Supplies,South,8,260,0.18,1705.6,477.57
2878,2025-03-29,Desk Lamp,Home Decor,North,7,60,0.05,399.0,111.72
2879,2025-03-29,Wireless Mouse,Electronics,East,11,45,0.12,435.6,121.97
2880,2025-03-29,Standing Desk,Furniture,East,1,550,0.2,440.0,123.2
2881,2025-03-29,Air Purifier,Home Decor,South,2,170,0.05,323.0,90.44
2882,2025-03-29,Plant Pot,Home Decor,West,2,30,0.0,60.0,16.8
2883,2025-03-29,Tablet Air,Electronics,East,4,680,0.12,2393.6,670.21
2884,2025-03-29,Color Printer,Office Supplies,East,2,260,0.05,494.0,138.32
2885,2025-03-29,Notebook Set,Office Supplies,South,2,18,0.18,29.52,8.27
2886,2025-03-29,Wireless Mouse,Electronics,East,3,45,0.08,124.2,34.78
2887,2025-03-29,Storage Cabinet,Furniture,West,8,280,0.05,2128.0,595.84
2888,2025-03-29,Color Printer,Office Supplies,East,7,260,0.2,1456.0,407.68
2889,2025-03-29,Storage Cabinet,Furniture,East,10,280,0.18,2296.0,642.88
2890,2025-03-29,"Monitor 27""",Electronics,East,3,390,0.2,936.0,262.08
2891,2025-03-30,Plant Pot,Home Decor,East,6,30,0.12,158.4,44.35
2892,2025-03-30,Desk Lamp,Home Decor,East,8,60,0.18,393.6,110.21
2893,2025-03-30,Desk Lamp,Home Decor,West,1,60,0.08,55.2,15.46
2894,2025-03-30,Notebook Set,Office Supplies,South,7,18,0.12,110.88,31.05
2895,2025-03-30,Laptop Pro 14,Electronics,North,8,1200,0.05,9120.0,2553.6
2896,2025-03-30,Color Printer,Office Supplies,West,3,260,0.2,624.0,174.72
2897,2025-03-30,Wireless Mouse,Electronics,North,3,45,0.2,108.0,30.24
2898,2025-03-30,Wireless Headset,Electronics,South,1,120,0.08,110.4,30.91
2899,2025-03-30,"Monitor 27""",Electronics,East,6,390,0.05,2223.0,622.44
2900,2025-03-30,Desk Lamp,Home Decor,South,5,60,0.0,300.0,84.0
2901,2025-03-30,Air Purifier,Home Decor,South,8,170,0.18,1115.2,312.26
2902,2025-03-30,Notebook Set,Office Supplies,West,11,18,0.2,158.4,44.35
2903,2025-03-30,Air Purifier,Home Decor,East,1,170,0.08,156.4,43.79
2904,2025-03-30,Smart Speaker,Electronics,West,9,95,0.12,752.4,210.67
2905,2025-03-30,Notebook Set,Office Supplies,North,10,18,0.08,165.6,46.37
2906,2025-03-30,Inkjet Printer,Office Supplies,North,10,180,0.18,1476.0,413.28
2907,2025-03-31,Executive Desk,Furniture,West,8,910,0.08,6697.6,1875.33
2908,2025-03-31,Ergonomic Chair,Furniture,South,7,320,0.0,2240.0,627.2
2909,2025-03-31,Tablet Air,Electronics,South,5,680,0.12,2992.0,837.76
2910,2025-03-31,Executive Desk,Furniture,North,9,910,0.05,7780.5,2178.54
2911,2025-03-31,Ergonomic Chair,Furniture,West,3,320,0.12,844.8,236.54
2912,2025-03-31,Wireless Mouse,Electronics,West,8,45,0.08,331.2,92.74
2913,2025-03-31,Inkjet Printer,Office Supplies,South,5,180,0.05,855.0,239.4
2914,2025-03-31,Desk Lamp,Home Decor,South,6,60,0.18,295.2,82.66
2915,2025-03-31,Office Chair,Furniture,South,8,240,0.2,1536.0,430.08
2916,2025-03-31,Standing Desk,Furniture,East,1,550,0.08,506.0,141.68
2917,2025-03-31,Desk Lamp,Home Decor,East,6,60,0.05,342.0,95.76
2918,2025-03-31,Ergonomic Chair,Furniture,North,5,320,0.08,1472.0,412.16
2919,2025-03-31,Plant Pot,Home Decor,West,5,30,0.12,132.0,36.96
2920,2025-03-31,Inkjet Printer,Office Supplies,West,3,180,0.0,540.0,151.2
2921,2025-04-01,Projector,Office Supplies,South,1,680,0.0,680.0,190.4
2922,2025-04-01,Storage Cabinet,Furniture,West,2,280,0.2,448.0,125.44
2923,2025-04-01,Wireless Mouse,Electronics,South,2,45,0.08,82.8,23.18
2924,2025-04-01,Ergonomic Chair,Furniture,East,1,320,0.0,320.0,89.6
2925,2025-04-01,Smart Speaker,Electronics,North,4,95,0.12,334.4,93.63
2926,2025-04-01,Storage Cabinet,Furniture,South,7,280,0.05,1862.0,521.36
2927,2025-04-01,"Monitor 27""",Electronics,North,6,390,0.2,1872.0,524.16
2928,2025-04-01,Standing Desk,Furniture,East,2,550,0.05,1045.0,292.6
2929,2025-04-01,4K Monitor,Electronics,West,7,420,0.12,2587.2,724.42
2930,2025-04-01,Color Printer,Office Supplies,East,11,260,0.18,2345.2,656.66
2931,2025-04-01,"Monitor 27""",Electronics,West,5,390,0.05,1852.5,518.7
2932,2025-04-01,Desk Lamp,Home Decor,East,5,60,0.0,300.0,84.0
2933,2025-04-01,Ergonomic Chair,Furniture,West,4,320,0.0,1280.0,358.4
2934,2025-04-01,Office Chair,Furniture,South,5,240,0.18,984.0,275.52
2935,2025-04-01,Inkjet Printer,Office Supplies,West,7,180,0.0,1260.0,352.8
2936,2025-04-02,Desk Lamp,Home Decor,East,7,60,0.18,344.4,96.43
2937,2025-04-02,Plant Pot,Home Decor,East,6,30,0.0,180.0,50.4
2938,2025-04-02,Notebook Set,Office Supplies,South,4,18,0.0,72.0,20.16
2939,2025-04-02,Plant Pot,Home Decor,South,10,30,0.2,240.0,67.2
2940,2025-04-02,Laptop Pro 14,Electronics,East,9,1200,0.2,8640.0,2419.2
2941,2025-04-02,Notebook Set,Office Supplies,West,2,18,0.0,36.0,10.08
2942,2025-04-02,Color Printer,Office Supplies,North,2,260,0.12,457.6,128.13
2943,2025-04-02,Executive Desk,Furniture,South,7,910,0.08,5860.4,1640.91
2944,2025-04-02,Storage Cabinet,Furniture,East,6,280,0.12,1478.4,413.95
2945,2025-04-02,Notebook Set,Office Supplies,West,7,18,0.18,103.32,28.93
2946,2025-04-02,Air Purifier,Home Decor,East,9,170,0.08,1407.6,394.13
2947,2025-04-02,Inkjet Printer,Office Supplies,East,1,180,0.2,144.0,40.32
2948,2025-04-03,Notebook Set,Office Supplies,North,11,18,0.2,158.4,44.35
2949,2025-04-03,Smart Speaker,Electronics,West,11,95,0.05,992.75,277.97
2950,2025-04-03,Inkjet Printer,Office Supplies,East,5,180,0.0,900.0,252.0
2951,2025-04-03,Ergonomic Chair,Furniture,West,1,320,0.2,256.0,71.68
2952,2025-04-03,Projector,Office Supplies,West,2,680,0.0,1360.0,380.8
2953,2025-04-03,Plant Pot,Home Decor,North,6,30,0.2,144.0,40.32
2954,2025-04-03,Desk Lamp,Home Decor,North,4,60,0.18,196.8,55.1
2955,2025-04-03,USB-C Dock,Electronics,North,4,120,0.05,456.0,127.68
2956,2025-04-03,Projector,Office Supplies,North,9,680,0.12,5385.6,1507.97
2957,2025-04-03,Air Purifier,Home Decor,North,9,170,0.12,1346.4,376.99
2958,2025-04-04,Office Chair,Furniture,East,4,240,0.05,912.0,255.36
2959,2025-04-04,Plant Pot,Home Decor,North,7,30,0.2,168.0,47.04
2960,2025-04-04,Laptop Pro 14,Electronics,South,3,1200,0.12,3168.0,887.04
2961,2025-04-04,Standing Desk,Furniture,South,11,550,0.2,4840.0,1355.2
2962,2025-04-04,Inkjet Printer,Office Supplies,West,3,180,0.12,475.2,133.06
2963,2025-04-04,Color Printer,Office Supplies,North,8,260,0.12,1830.4,512.51
2964,2025-04-04,Plant Pot,Home Decor,East,10,30,0.05,285.0,79.8
2965,2025-04-04,Notebook Set,Office Supplies,East,7,18,0.05,119.7,33.52
2966,2025-04-04,Wireless Headset,Electronics,North,6,120,0.0,720.0,201.6
2967,2025-04-05,Projector,Office Supplies,North,3,680,0.12,1795.2,502.66
2968,2025-04-05,Projector,Office Supplies,West,10,680,0.0,6800.0,1904.0
2969,2025-04-05,Office Chair,Furniture,East,10,240,0.12,2112.0,591.36
2970,2025-04-05,"Monitor 27""",Electronics,West,8,390,0.0,3120.0,873.6
2971,2025-04-05,Tablet Air,Electronics,West,9,680,0.0,6120.0,1713.6
2972,2025-04-05,Projector,Office Supplies,East,7,680,0.08,4379.2,1226.18
2973,2025-04-05,Laptop Pro 14,Electronics,East,1,1200,0.0,1200.0,336.0
2974,2025-04-05,Executive Desk,Furniture,East,7,910,0.12,5605.6,1569.57
2975,2025-04-05,Laptop Pro 14,Electronics,North,9,1200,0.18,8856.0,2479.68
2976,2025-04-05,Storage Cabinet,Furniture,South,10,280,0.08,2576.0,721.28
2977,2025-04-05,Desk Lamp,Home Decor,East,6,60,0.05,342.0,95.76
2978,2025-04-05,Air Purifier,Home Decor,West,11,170,0.05,1776.5,497.42
2979,2025-04-05,USB-C Dock,Electronics,South,5,120,0.05,570.0,159.6
2980,2025-04-05,Storage Cabinet,Furniture,South,9,280,0.12,2217.6,620.93
2981,2025-04-05,Standing Desk,Furniture,East,2,550,0.05,1045.0,292.6
2982,2025-04-05,Standing Desk,Furniture,South,3,550,0.2,1320.0,369.6
2983,2025-04-05,Plant Pot,Home Decor,East,8,30,0.08,220.8,61.82
2984,2025-04-06,Desk Lamp,Home Decor,North,5,60,0.05,285.0,79.8
2985,2025-04-06,Storage Cabinet,Furniture,North,11,280,0.0,3080.0,862.4
2986,2025-04-06,Color Printer,Office Supplies,East,11,260,0.0,2860.0,800.8
2987,2025-04-06,Standing Desk,Furniture,East,7,550,0.2,3080.0,862.4
2988,2025-04-06,Storage Cabinet,Furniture,West,8,280,0.18,1836.8,514.3
2989,2025-04-06,Ergonomic Chair,Furniture,South,9,320,0.05,2736.0,766.08
2990,2025-04-06,Plant Pot,Home Decor,South,4,30,0.12,105.6,29.57
2991,2025-04-06,Projector,Office Supplies,West,3,680,0.05,1938.0,542.64
2992,2025-04-06,Desk Lamp,Home Decor,North,10,60,0.12,528.0,147.84
2993,2025-04-06,Tablet Air,Electronics,East,7,680,0.2,3808.0,1066.24
2994,2025-04-06,Ergonomic Chair,Furniture,East,3,320,0.0,960.0,268.8
2995,2025-04-06,Plant Pot,Home Decor,East,3,30,0.05,85.5,23.94
2996,2025-04-07,Desk Lamp,Home Decor,North,3,60,0.0,180.0,50.4
2997,2025-04-07,Plant Pot,Home Decor,South,1,30,0.08,27.6,7.73
2998,2025-04-07,Desk Lamp,Home Decor,East,3,60,0.0,180.0,50.4
2999,2025-04-07,Notebook Set,Office Supplies,South,4,18,0.0,72.0,20.16
3000,2025-04-07,Projector,Office Supplies,North,9,680,0.12,5385.6,1507.97
3001,2025-04-07,Notebook Set,Office Supplies,West,1,18,0.2,14.4,4.03
3002,2025-04-07,Inkjet Printer,Office Supplies,North,7,180,0.0,1260.0,352.8
3003,2025-04-07,Projector,Office Supplies,South,3,680,0.05,1938.0,542.64
3004,2025-04-07,Wireless Mouse,Electronics,North,8,45,0.05,342.0,95.76
3005,2025-04-07,Air Purifier,Home Decor,West,6,170,0.05,969.0,271.32
3006,2025-04-07,Plant Pot,Home Decor,South,5,30,0.18,123.0,34.44
3007,2025-04-07,Projector,Office Supplies,West,5,680,0.2,2720.0,761.6
3008,2025-04-07,4K Monitor,Electronics,North,10,420,0.08,3864.0,1081.92
3009,2025-04-08,"Monitor 27""",Electronics,West,1,390,0.05,370.5,103.74
3010,2025-04-08,Laptop Pro 14,Electronics,South,7,1200,0.05,7980.0,2234.4
3011,2025-04-08,Smart Speaker,Electronics,West,11,95,0.05,992.75,277.97
3012,2025-04-08,Wireless Mouse,Electronics,West,8,45,0.18,295.2,82.66
3013,2025-04-08,Executive Desk,Furniture,North,8,910,0.12,6406.4,1793.79
3014,2025-04-08,Executive Desk,Furniture,East,5,910,0.05,4322.5,1210.3
3015,2025-04-08,4K Monitor,Electronics,South,4,420,0.18,1377.6,385.73
3016,2025-04-08,Storage Cabinet,Furniture,East,7,280,0.12,1724.8,482.94
3017,2025-04-08,"Monitor 27""",Electronics,South,7,390,0.0,2730.0,764.4
3018,2025-04-08,Tablet Air,Electronics,East,9,680,0.05,5814.0,1627.92
3019,2025-04-08,Plant Pot,Home Decor,East,2,30,0.2,48.0,13.44
3020,2025-04-08,Office Chair,Furniture,South,9,240,0.08,1987.2,556.42
3021,2025-04-08,Smart Speaker,Electronics,East,3,95,0.05,270.75,75.81
3022,2025-04-08,Inkjet Printer,Office Supplies,North,7,180,0.18,1033.2,289.3
3023,2025-04-08,Projector,Office Supplies,North,5,680,0.05,3230.0,904.4
3024,2025-04-08,Desk Lamp,Home Decor,North,8,60,0.0,480.0,134.4
3025,2025-04-08,Executive Desk,Furniture,East,9,910,0.12,7207.2,2018.02
3026,2025-04-09,Notebook Set,Office Supplies,North,9,18,0.0,162.0,45.36
3027,2025-04-09,Standing Desk,Furniture,South,7,550,0.05,3657.5,1024.1
3028,2025-04-09,Office Chair,Furniture,North,1,240,0.05,228.0,63.84
3029,2025-04-09,Desk Lamp,Home Decor,East,1,60,0.18,49.2,13.78
3030,2025-04-09,Wireless Headset,Electronics,North,10,120,0.05,1140.0,319.2
3031,2025-04-09,Laptop Pro 14,Electronics,North,2,1200,0.12,2112.0,591.36
3032,2025-04-09,Storage Cabinet,Furniture,West,2,280,0.08,515.2,144.26
3033,2025-04-09,"Monitor 27""",Electronics,South,1,390,0.0,390.0,109.2
3034,2025-04-09,Plant Pot,Home Decor,West,11,30,0.08,303.6,85.01
3035,2025-04-09,Executive Desk,Furniture,West,2,910,0.2,1456.0,407.68
3036,2025-04-09,Plant Pot,Home Decor,North,8,30,0.0,240.0,67.2
3037,2025-04-09,Notebook Set,Office Supplies,East,3,18,0.0,54.0,15.12
3038,2025-04-09,Smart Speaker,Electronics,East,1,95,0.18,77.9,21.81
3039,2025-04-09,Inkjet Printer,Office Supplies,West,8,180,0.18,1180.8,330.62
3040,2025-04-09,Wireless Headset,Electronics,East,11,120,0.08,1214.4,340.03
3041,2025-04-09,Inkjet Printer,Office Supplies,North,2,180,0.2,288.0,80.64
3042,2025-04-10,Executive Desk,Furniture,North,1,910,0.12,800.8,224.22
3043,2025-04-10,Projector,Office Supplies,West,3,680,0.18,1672.8,468.38
3044,2025-04-10,Office Chair,Furniture,North,1,240,0.0,240.0,67.2
3045,2025-04-10,Plant Pot,Home Decor,West,8,30,0.0,240.0,67.2
3046,2025-04-10,Plant Pot,Home Decor,North,7,30,0.05,199.5,55.86
3047,2025-04-10,Standing Desk,Furniture,East,1,550,0.05,522.5,146.3
3048,2025-04-10,Inkjet Printer,Office Supplies,East,3,180,0.12,475.2,133.06
3049,2025-04-10,Desk Lamp,Home Decor,South,7,60,0.12,369.6,103.49
3050,2025-04-10,USB-C Dock,Electronics,North,7,120,0.2,672.0,188.16
3051,2025-04-10,Projector,Office Supplies,South,11,680,0.18,6133.6,1717.41
3052,2025-04-10,Air Purifier,Home Decor,East,6,170,0.2,816.0,228.48
3053,2025-04-10,Desk Lamp,Home Decor,North,1,60,0.05,57.0,15.96
3054,2025-04-10,Smart Speaker,Electronics,North,11,95,0.0,1045.0,292.6
3055,2025-04-10,Inkjet Printer,Office Supplies,North,8,180,0.2,1152.0,322.56
3056,2025-04-10,Air Purifier,Home Decor,East,8,170,0.0,1360.0,380.8
3057,2025-04-11,Inkjet Printer,Office Supplies,South,7,180,0.0,1260.0,352.8
3058,2025-04-11,Plant Pot,Home Decor,North,4,30,0.2,96.0,26.88
3059,2025-04-11,Ergonomic Chair,Furniture,West,1,320,0.18,262.4,73.47
3060,2025-04-11,Executive Desk,Furniture,North,2,910,0.18,1492.4,417.87
3061,2025-04-11,Air Purifier,Home Decor,East,6,170,0.05,969.0,271.32
3062,2025-04-11,Executive Desk,Furniture,South,6,910,0.05,5187.0,1452.36
3063,2025-04-11,Storage Cabinet,Furniture,North,2,280,0.12,492.8,137.98
3064,2025-04-11,Standing Desk,Furniture,East,2,550,0.0,1100.0,308.0
3065,2025-04-11,"Monitor 27""",Electronics,West,3,390,0.05,1111.5,311.22
3066,2025-04-11,Laptop Pro 14,Electronics,East,4,1200,0.12,4224.0,1182.72
3067,2025-04-11,Air Purifier,Home Decor,East,8,170,0.2,1088.0,304.64
3068,2025-04-11,Plant Pot,Home Decor,North,2,30,0.2,48.0,13.44
3069,2025-04-11,Inkjet Printer,Office Supplies,South,4,180,0.18,590.4,165.31
3070,2025-04-11,Projector,Office Supplies,South,6,680,0.0,4080.0,1142.4
3071,2025-04-11,Desk Lamp,Home Decor,East,5,60,0.05,285.0,79.8
3072,2025-04-11,Desk Lamp,Home Decor,East,1,60,0.05,57.0,15.96
3073,2025-04-12,Wireless Mouse,Electronics,West,4,45,0.05,171.0,47.88
3074,2025-04-12,Notebook Set,Office Supplies,North,1,18,0.0,18.0,5.04
3075,2025-04-12,Wireless Headset,Electronics,South,1,120,0.0,120.0,33.6
3076,2025-04-12,Office Chair,Furniture,South,1,240,0.05,228.0,63.84
3077,2025-04-12,Standing Desk,Furniture,West,9,550,0.08,4554.0,1275.12
3078,2025-04-12,Plant Pot,Home Decor,North,11,30,0.2,264.0,73.92
3079,2025-04-12,Ergonomic Chair,Furniture,North,8,320,0.18,2099.2,587.78
3080,2025-04-12,Color Printer,Office Supplies,East,7,260,0.18,1492.4,417.87
3081,2025-04-12,"Monitor 27""",Electronics,South,6,390,0.0,2340.0,655.2
3082,2025-04-12,Office Chair,Furniture,North,7,240,0.12,1478.4,413.95
3083,2025-04-12,Standing Desk,Furniture,North,4,550,0.0,2200.0,616.0
3084,2025-04-12,Smart Speaker,Electronics,North,10,95,0.12,836.0,234.08
3085,2025-04-12,Wireless Headset,Electronics,North,5,120,0.0,600.0,168.0
3086,2025-04-12,Smart Speaker,Electronics,South,6,95,0.08,524.4,146.83
3087,2025-04-12,Color Printer,Office Supplies,East,7,260,0.12,1601.6,448.45
3088,2025-04-12,Storage Cabinet,Furniture,South,1,280,0.2,224.0,62.72
3089,2025-04-13,Air Purifier,Home Decor,South,10,170,0.08,1564.0,437.92
3090,2025-04-13,Wireless Mouse,Electronics,North,11,45,0.08,455.4,127.51
3091,2025-04-13,Ergonomic Chair,Furniture,South,10,320,0.2,2560.0,716.8
3092,2025-04-13,Wireless Headset,Electronics,South,1,120,0.2,96.0,26.88
3093,2025-04-13,Smart Speaker,Electronics,North,6,95,0.12,501.6,140.45
3094,2025-04-13,Standing Desk,Furniture,North,11,550,0.18,4961.0,1389.08
3095,2025-04-13,Desk Lamp,Home Decor,East,9,60,0.12,475.2,133.06
3096,2025-04-13,Storage Cabinet,Furniture,South,1,280,0.05,266.0,74.48
3097,2025-04-13,Projector,Office Supplies,North,2,680,0.0,1360.0,380.8
3098,2025-04-13,Plant Pot,Home Decor,South,1,30,0.2,24.0,6.72
3099,2025-04-13,Executive Desk,Furniture,East,2,910,0.18,1492.4,417.87
3100,2025-04-14,Notebook Set,Office Supplies,West,11,18,0.08,182.16,51.0
3101,2025-04-14,Tablet Air,Electronics,West,6,680,0.12,3590.4,1005.31
3102,2025-04-14,Wireless Mouse,Electronics,West,6,45,0.05,256.5,71.82
3103,2025-04-14,Notebook Set,Office Supplies,North,3,18,0.08,49.68,13.91
3104,2025-04-14,Standing Desk,Furniture,South,4,550,0.12,1936.0,542.08
3105,2025-04-14,Projector,Office Supplies,West,4,680,0.2,2176.0,609.28
3106,2025-04-14,Notebook Set,Office Supplies,South,9,18,0.18,132.84,37.2
3107,2025-04-14,Standing Desk,Furniture,North,2,550,0.18,902.0,252.56
3108,2025-04-14,Inkjet Printer,Office Supplies,East,10,180,0.18,1476.0,413.28
3109,2025-04-14,USB-C Dock,Electronics,West,9,120,0.05,1026.0,287.28
3110,2025-04-14,Office Chair,Furniture,North,6,240,0.0,1440.0,403.2
3111,2025-04-14,Plant Pot,Home Decor,North,4,30,0.05,114.0,31.92
3112,2025-04-14,Storage Cabinet,Furniture,South,7,280,0.12,1724.8,482.94
3113,2025-04-15,Ergonomic Chair,Furniture,East,2,320,0.18,524.8,146.94
3114,2025-04-15,Plant Pot,Home Decor,North,4,30,0.05,114.0,31.92
3115,2025-04-15,Projector,Office Supplies,East,2,680,0.05,1292.0,361.76
3116,2025-04-15,Inkjet Printer,Office Supplies,East,8,180,0.05,1368.0,383.04
3117,2025-04-15,Inkjet Printer,Office Supplies,North,5,180,0.08,828.0,231.84
3118,2025-04-15,4K Monitor,Electronics,East,1,420,0.2,336.0,94.08
3119,2025-04-15,Plant Pot,Home Decor,North,5,30,0.12,132.0,36.96
3120,2025-04-15,Inkjet Printer,Office Supplies,East,1,180,0.12,158.4,44.35
3121,2025-04-15,Desk Lamp,Home Decor,South,4,60,0.2,192.0,53.76
3122,2025-04-15,Laptop Pro 14,Electronics,North,10,1200,0.08,11040.0,3091.2
3123,2025-04-15,Desk Lamp,Home Decor,East,6,60,0.05,342.0,95.76
3124,2025-04-15,Color Printer,Office Supplies,West,7,260,0.2,1456.0,407.68
3125,2025-04-15,Desk Lamp,Home Decor,South,2,60,0.05,114.0,31.92
3126,2025-04-15,Plant Pot,Home Decor,South,8,30,0.05,228.0,63.84
3127,2025-04-15,Desk Lamp,Home Decor,North,3,60,0.18,147.6,41.33
3128,2025-04-15,Air Purifier,Home Decor,West,1,170,0.18,139.4,39.03
3129,2025-04-15,Wireless Mouse,Electronics,East,6,45,0.12,237.6,66.53
3130,2025-04-16,USB-C Dock,Electronics,West,5,120,0.12,528.0,147.84
3131,2025-04-16,Office Chair,Furniture,North,10,240,0.18,1968.0,551.04
3132,2025-04-16,Desk Lamp,Home Decor,East,5,60,0.05,285.0,79.8
3133,2025-04-16,Desk Lamp,Home Decor,East,2,60,0.18,98.4,27.55
3134,2025-04-16,Projector,Office Supplies,North,6,680,0.12,3590.4,1005.31
3135,2025-04-16,Notebook Set,Office Supplies,South,4,18,0.12,63.36,17.74
3136,2025-04-16,"Monitor 27""",Electronics,East,1,390,0.18,319.8,89.54
3137,2025-04-16,Notebook Set,Office Supplies,North,10,18,0.05,171.0,47.88
3138,2025-04-16,Desk Lamp,Home Decor,South,4,60,0.12,211.2,59.14
3139,2025-04-16,"Monitor 27""",Electronics,South,2,390,0.08,717.6,200.93
3140,2025-04-16,Color Printer,Office Supplies,North,10,260,0.2,2080.0,582.4
3141,2025-04-16,Projector,Office Supplies,South,10,680,0.18,5576.0,1561.28
3142,2025-04-16,Notebook Set,Office Supplies,East,10,18,0.2,144.0,40.32
3143,2025-04-16,Storage Cabinet,Furniture,East,1,280,0.0,280.0,78.4
3144,2025-04-16,Projector,Office Supplies,South,5,680,0.05,3230.0,904.4
3145,2025-04-16,Standing Desk,Furniture,East,7,550,0.05,3657.5,1024.1
3146,2025-04-17,Plant Pot,Home Decor,North,1,30,0.2,24.0,6.72
3147,2025-04-17,Standing Desk,Furniture,West,2,550,0.08,1012.0,283.36
3148,2025-04-17,Wireless Headset,Electronics,East,9,120,0.05,1026.0,287.28
3149,2025-04-17,Office Chair,Furniture,West,1,240,0.18,196.8,55.1
3150,2025-04-17,Desk Lamp,Home Decor,East,1,60,0.0,60.0,16.8
3151,2025-04-17,Smart Speaker,Electronics,West,7,95,0.18,545.3,152.68
3152,2025-04-17,Office Chair,Furniture,North,10,240,0.0,2400.0,672.0
3153,2025-04-17,Wireless Mouse,Electronics,West,3,45,0.08,124.2,34.78
3154,2025-04-17,Executive Desk,Furniture,South,1,910,0.08,837.2,234.42
3155,2025-04-17,Executive Desk,Furniture,West,2,910,0.18,1492.4,417.87
3156,2025-04-18,Inkjet Printer,Office Supplies,South,6,180,0.05,1026.0,287.28
3157,2025-04-18,Air Purifier,Home Decor,West,5,170,0.12,748.0,209.44
3158,2025-04-18,Executive Desk,Furniture,East,6,910,0.08,5023.2,1406.5
3159,2025-04-18,Ergonomic Chair,Furniture,East,5,320,0.18,1312.0,367.36
3160,2025-04-18,Desk Lamp,Home Decor,West,2,60,0.2,96.0,26.88
3161,2025-04-18,Ergonomic Chair,Furniture,South,5,320,0.08,1472.0,412.16
3162,2025-04-18,Notebook Set,Office Supplies,West,10,18,0.12,158.4,44.35
3163,2025-04-18,Color Printer,Office Supplies,North,9,260,0.05,2223.0,622.44
3164,2025-04-19,Executive Desk,Furniture,West,3,910,0.12,2402.4,672.67
3165,2025-04-19,Storage Cabinet,Furniture,East,11,280,0.0,3080.0,862.4
3166,2025-04-19,Air Purifier,Home Decor,East,7,170,0.08,1094.8,306.54
3167,2025-04-19,USB-C Dock,Electronics,West,3,120,0.18,295.2,82.66
3168,2025-04-19,Projector,Office Supplies,South,5,680,0.08,3128.0,875.84
3169,2025-04-19,Air Purifier,Home Decor,South,11,170,0.12,1645.6,460.77
3170,2025-04-19,Standing Desk,Furniture,East,8,550,0.2,3520.0,985.6
3171,2025-04-19,Notebook Set,Office Supplies,East,9,18,0.08,149.04,41.73
3172,2025-04-19,Office Chair,Furniture,East,8,240,0.08,1766.4,494.59
3173,2025-04-19,Ergonomic Chair,Furniture,West,7,320,0.18,1836.8,514.3
3174,2025-04-19,4K Monitor,Electronics,North,11,420,0.08,4250.4,1190.11
3175,2025-04-19,Air Purifier,Home Decor,West,11,170,0.12,1645.6,460.77
3176,2025-04-19,Plant Pot,Home Decor,North,6,30,0.18,147.6,41.33
3177,2025-04-19,Desk Lamp,Home Decor,East,7,60,0.2,336.0,94.08
3178,2025-04-20,USB-C Dock,Electronics,South,9,120,0.12,950.4,266.11
3179,2025-04-20,Desk Lamp,Home Decor,East,2,60,0.2,96.0,26.88
3180,2025-04-20,"Monitor 27""",Electronics,West,11,390,0.08,3946.8,1105.1
3181,2025-04-20,Standing Desk,Furniture,West,1,550,0.0,550.0,154.0
3182,2025-04-20,Standing Desk,Furniture,North,7,550,0.18,3157.0,883.96
3183,2025-04-20,Executive Desk,Furniture,East,3,910,0.18,2238.6,626.81
3184,2025-04-20,Projector,Office Supplies,North,3,680,0.05,1938.0,542.64
3185,2025-04-20,Office Chair,Furniture,East,6,240,0.12,1267.2,354.82
3186,2025-04-20,Desk Lamp,Home Decor,North,2,60,0.05,114.0,31.92
3187,2025-04-20,Inkjet Printer,Office Supplies,South,6,180,0.2,864.0,241.92
3188,2025-04-20,Plant Pot,Home Decor,North,3,30,0.2,72.0,20.16
3189,2025-04-20,Office Chair,Furniture,East,7,240,0.05,1596.0,446.88
3190,2025-04-20,Standing Desk,Furniture,East,4,550,0.05,2090.0,585.2
3191,2025-04-20,Tablet Air,Electronics,West,6,680,0.12,3590.4,1005.31
3192,2025-04-20,Desk Lamp,Home Decor,East,5,60,0.12,264.0,73.92
3193,2025-04-20,Color Printer,Office Supplies,East,6,260,0.0,1560.0,436.8
3194,2025-04-21,Plant Pot,Home Decor,South,11,30,0.05,313.5,87.78
3195,2025-04-21,Air Purifier,Home Decor,West,1,170,0.08,156.4,43.79
3196,2025-04-21,Projector,Office Supplies,North,4,680,0.05,2584.0,723.52
3197,2025-04-21,Air Purifier,Home Decor,North,3,170,0.05,484.5,135.66
3198,2025-04-21,Desk Lamp,Home Decor,South,4,60,0.12,211.2,59.14
3199,2025-04-21,Standing Desk,Furniture,West,5,550,0.05,2612.5,731.5
3200,2025-04-21,Color Printer,Office Supplies,North,1,260,0.0,260.0,72.8
3201,2025-04-21,Desk Lamp,Home Decor,West,7,60,0.08,386.4,108.19
3202,2025-04-21,Color Printer,Office Supplies,South,11,260,0.2,2288.0,640.64
3203,2025-04-21,Air Purifier,Home Decor,South,2,170,0.08,312.8,87.58
3204,2025-04-21,Projector,Office Supplies,South,4,680,0.08,2502.4,700.67
3205,2025-04-21,Plant Pot,Home Decor,South,3,30,0.18,73.8,20.66
3206,2025-04-21,Standing Desk,Furniture,South,1,550,0.08,506.0,141.68
3207,2025-04-21,Desk Lamp,Home Decor,West,9,60,0.2,432.0,120.96
3208,2025-04-21,Office Chair,Furniture,North,5,240,0.18,984.0,275.52
3209,2025-04-21,Storage Cabinet,Furniture,North,1,280,0.12,246.4,68.99
3210,2025-04-21,Plant Pot,Home Decor,South,11,30,0.18,270.6,75.77
3211,2025-04-22,Notebook Set,Office Supplies,North,3,18,0.12,47.52,13.31
3212,2025-04-22,Laptop Pro 14,Electronics,North,4,1200,0.12,4224.0,1182.72
3213,2025-04-22,Storage Cabinet,Furniture,East,7,280,0.0,1960.0,548.8
3214,2025-04-22,Air Purifier,Home Decor,East,7,170,0.18,975.8,273.22
3215,2025-04-22,Storage Cabinet,Furniture,South,2,280,0.2,448.0,125.44
3216,2025-04-22,Storage Cabinet,Furniture,West,6,280,0.12,1478.4,413.95
3217,2025-04-22,Laptop Pro 14,Electronics,East,5,1200,0.0,6000.0,1680.0
3218,2025-04-22,Desk Lamp,Home Decor,East,4,60,0.12,211.2,59.14
3219,2025-04-23,Plant Pot,Home Decor,East,11,30,0.12,290.4,81.31
3220,2025-04-23,Smart Speaker,Electronics,North,2,95,0.18,155.8,43.62
3221,2025-04-23,Desk Lamp,Home Decor,East,9,60,0.08,496.8,139.1
3222,2025-04-23,Ergonomic Chair,Furniture,South,1,320,0.12,281.6,78.85
3223,2025-04-23,Plant Pot,Home Decor,North,3,30,0.18,73.8,20.66
3224,2025-04-23,Color Printer,Office Supplies,East,4,260,0.18,852.8,238.78
3225,2025-04-23,Wireless Mouse,Electronics,West,8,45,0.05,342.0,95.76
3226,2025-04-23,Standing Desk,Furniture,East,9,550,0.05,4702.5,1316.7
3227,2025-04-23,Storage Cabinet,Furniture,South,3,280,0.05,798.0,223.44
3228,2025-04-23,Office Chair,Furniture,West,4,240,0.2,768.0,215.04
3229,2025-04-23,4K Monitor,Electronics,South,6,420,0.05,2394.0,670.32
3230,2025-04-23,Plant Pot,Home Decor,West,1,30,0.12,26.4,7.39
3231,2025-04-23,4K Monitor,Electronics,South,8,420,0.2,2688.0,752.64
3232,2025-04-23,Notebook Set,Office Supplies,North,3,18,0.2,43.2,12.1
3233,2025-04-23,Desk Lamp,Home Decor,West,3,60,0.18,147.6,41.33
3234,2025-04-24,Laptop Pro 14,Electronics,South,4,1200,0.05,4560.0,1276.8
3235,2025-04-24,Standing Desk,Furniture,West,5,550,0.0,2750.0,770.0
3236,2025-04-24,Projector,Office Supplies,South,10,680,0.12,5984.0,1675.52
3237,2025-04-24,Inkjet Printer,Office Supplies,North,4,180,0.2,576.0,161.28
3238,2025-04-24,Air Purifier,Home Decor,West,5,170,0.05,807.5,226.1
3239,2025-04-24,Desk Lamp,Home Decor,South,4,60,0.2,192.0,53.76
3240,2025-04-24,Wireless Mouse,Electronics,East,1,45,0.05,42.75,11.97
3241,2025-04-24,Desk Lamp,Home Decor,East,6,60,0.0,360.0,100.8
3242,2025-04-24,Tablet Air,Electronics,North,7,680,0.08,4379.2,1226.18
3243,2025-04-24,Office Chair,Furniture,East,7,240,0.08,1545.6,432.77
3244,2025-04-24,Executive Desk,Furniture,North,3,910,0.12,2402.4,672.67
3245,2025-04-25,Tablet Air,Electronics,East,3,680,0.18,1672.8,468.38
3246,2025-04-25,Desk Lamp,Home Decor,South,4,60,0.12,211.2,59.14
3247,2025-04-25,"Monitor 27""",Electronics,North,1,390,0.08,358.8,100.46
3248,2025-04-25,Projector,Office Supplies,North,3,680,0.08,1876.8,525.5
3249,2025-04-25,Projector,Office Supplies,East,6,680,0.0,4080.0,1142.4
3250,2025-04-25,Smart Speaker,Electronics,East,4,95,0.05,361.0,101.08
3251,2025-04-25,Projector,Office Supplies,South,10,680,0.18,5576.0,1561.28
3252,2025-04-25,Projector,Office Supplies,North,9,680,0.2,4896.0,1370.88
3253,2025-04-25,Desk Lamp,Home Decor,West,10,60,0.2,480.0,134.4
3254,2025-04-25,Air Purifier,Home Decor,South,9,170,0.08,1407.6,394.13
3255,2025-04-25,Air Purifier,Home Decor,West,7,170,0.08,1094.8,306.54
3256,2025-04-25,Wireless Headset,Electronics,East,6,120,0.18,590.4,165.31
3257,2025-04-25,Plant Pot,Home Decor,South,8,30,0.18,196.8,55.1
3258,2025-04-25,Air Purifier,Home Decor,West,11,170,0.12,1645.6,460.77
3259,2025-04-26,Color Printer,Office Supplies,North,9,260,0.12,2059.2,576.58
3260,2025-04-26,Plant Pot,Home Decor,West,5,30,0.12,132.0,36.96
3261,2025-04-26,Color Printer,Office Supplies,West,2,260,0.18,426.4,119.39
3262,2025-04-26,Plant Pot,Home Decor,South,6,30,0.18,147.6,41.33
3263,2025-04-26,Air Purifier,Home Decor,West,5,170,0.12,748.0,209.44
3264,2025-04-26,"Monitor 27""",Electronics,North,1,390,0.2,312.0,87.36
3265,2025-04-26,Desk Lamp,Home Decor,North,1,60,0.0,60.0,16.8
3266,2025-04-26,Notebook Set,Office Supplies,South,10,18,0.2,144.0,40.32
3267,2025-04-26,Plant Pot,Home Decor,East,3,30,0.2,72.0,20.16
3268,2025-04-26,Wireless Headset,Electronics,East,9,120,0.08,993.6,278.21
3269,2025-04-27,Desk Lamp,Home Decor,South,5,60,0.08,276.0,77.28
3270,2025-04-27,Storage Cabinet,Furniture,South,4,280,0.0,1120.0,313.6
3271,2025-04-27,Plant Pot,Home Decor,North,2,30,0.2,48.0,13.44
3272,2025-04-27,Storage Cabinet,Furniture,South,1,280,0.05,266.0,74.48
3273,2025-04-27,Tablet Air,Electronics,North,5,680,0.18,2788.0,780.64
3274,2025-04-27,Desk Lamp,Home Decor,North,4,60,0.05,228.0,63.84
3275,2025-04-27,Inkjet Printer,Office Supplies,East,8,180,0.2,1152.0,322.56
3276,2025-04-27,Office Chair,Furniture,South,8,240,0.12,1689.6,473.09
3277,2025-04-27,Desk Lamp,Home Decor,West,4,60,0.08,220.8,61.82
3278,2025-04-28,Color Printer,Office Supplies,North,9,260,0.18,1918.8,537.26
3279,2025-04-28,4K Monitor,Electronics,East,1,420,0.08,386.4,108.19
3280,2025-04-28,Plant Pot,Home Decor,West,5,30,0.05,142.5,39.9
3281,2025-04-28,Ergonomic Chair,Furniture,East,11,320,0.05,3344.0,936.32
3282,2025-04-28,Desk Lamp,Home Decor,North,11,60,0.08,607.2,170.02
3283,2025-04-28,Color Printer,Office Supplies,North,3,260,0.18,639.6,179.09
3284,2025-04-28,Standing Desk,Furniture,North,10,550,0.0,5500.0,1540.0
3285,2025-04-28,USB-C Dock,Electronics,North,8,120,0.12,844.8,236.54
3286,2025-04-28,Inkjet Printer,Office Supplies,West,8,180,0.08,1324.8,370.94
3287,2025-04-28,Laptop Pro 14,Electronics,North,1,1200,0.05,1140.0,319.2
3288,2025-04-28,Wireless Mouse,Electronics,South,6,45,0.05,256.5,71.82
3289,2025-04-28,Standing Desk,Furniture,North,2,550,0.08,1012.0,283.36
3290,2025-04-29,Desk Lamp,Home Decor,East,11,60,0.05,627.0,175.56
3291,2025-04-29,Air Purifier,Home Decor,East,10,170,0.0,1700.0,476.0
3292,2025-04-29,Desk Lamp,Home Decor,North,1,60,0.18,49.2,13.78
3293,2025-04-29,Storage Cabinet,Furniture,South,11,280,0.08,2833.6,793.41
3294,2025-04-29,Laptop Pro 14,Electronics,North,8,1200,0.18,7872.0,2204.16
3295,2025-04-29,Desk Lamp,Home Decor,West,5,60,0.12,264.0,73.92
3296,2025-04-29,USB-C Dock,Electronics,East,1,120,0.12,105.6,29.57
3297,2025-04-29,Inkjet Printer,Office Supplies,East,4,180,0.05,684.0,191.52
3298,2025-04-29,Laptop Pro 14,Electronics,West,11,1200,0.12,11616.0,3252.48
3299,2025-04-29,Color Printer,Office Supplies,South,5,260,0.12,1144.0,320.32
3300,2025-04-29,Desk Lamp,Home Decor,East,6,60,0.05,342.0,95.76
3301,2025-04-29,Standing Desk,Furniture,South,8,550,0.18,3608.0,1010.24
3302,2025-04-29,Plant Pot,Home Decor,West,9,30,0.08,248.4,69.55
3303,2025-04-29,Storage Cabinet,Furniture,East,10,280,0.12,2464.0,689.92
3304,2025-04-30,Notebook Set,Office Supplies,East,1,18,0.2,14.4,4.03
3305,2025-04-30,Desk Lamp,Home Decor,South,9,60,0.12,475.2,133.06
3306,2025-04-30,Color Printer,Office Supplies,North,1,260,0.05,247.0,69.16
3307,2025-04-30,Inkjet Printer,Office Supplies,East,4,180,0.2,576.0,161.28
3308,2025-04-30,Office Chair,Furniture,South,5,240,0.12,1056.0,295.68
3309,2025-04-30,Storage Cabinet,Furniture,South,9,280,0.0,2520.0,705.6
3310,2025-04-30,Executive Desk,Furniture,East,5,910,0.0,4550.0,1274.0
3311,2025-04-30,"Monitor 27""",Electronics,West,1,390,0.2,312.0,87.36
3312,2025-04-30,Notebook Set,Office Supplies,South,3,18,0.2,43.2,12.1
3313,2025-04-30,Inkjet Printer,Office Supplies,South,7,180,0.0,1260.0,352.8
3314,2025-04-30,Standing Desk,Furniture,East,8,550,0.08,4048.0,1133.44
3315,2025-04-30,Laptop Pro 14,Electronics,West,3,1200,0.0,3600.0,1008.0
3316,2025-04-30,Tablet Air,Electronics,North,7,680,0.2,3808.0,1066.24
3317,2025-05-01,Storage Cabinet,Furniture,North,2,280,0.2,448.0,125.44
3318,2025-05-01,Wireless Mouse,Electronics,West,5,45,0.08,207.0,57.96
3319,2025-05-01,Color Printer,Office Supplies,West,6,260,0.18,1279.2,358.18
3320,2025-05-01,Desk Lamp,Home Decor,South,11,60,0.05,627.0,175.56
3321,2025-05-01,USB-C Dock,Electronics,West,1,120,0.2,96.0,26.88
3322,2025-05-01,Air Purifier,Home Decor,South,3,170,0.12,448.8,125.66
3323,2025-05-01,Tablet Air,Electronics,East,6,680,0.12,3590.4,1005.31
3324,2025-05-01,Color Printer,Office Supplies,West,11,260,0.2,2288.0,640.64
3325,2025-05-01,Color Printer,Office Supplies,South,1,260,0.08,239.2,66.98
3326,2025-05-01,Plant Pot,Home Decor,East,3,30,0.08,82.8,23.18
3327,2025-05-01,Wireless Headset,Electronics,West,9,120,0.18,885.6,247.97
3328,2025-05-01,USB-C Dock,Electronics,North,5,120,0.12,528.0,147.84
3329,2025-05-01,Notebook Set,Office Supplies,West,6,18,0.2,86.4,24.19
3330,2025-05-01,Color Printer,Office Supplies,East,10,260,0.0,2600.0,728.0
3331,2025-05-02,"Monitor 27""",Electronics,West,10,390,0.05,3705.0,1037.4
3332,2025-05-02,Ergonomic Chair,Furniture,South,2,320,0.05,608.0,170.24
3333,2025-05-02,Ergonomic Chair,Furniture,West,6,320,0.08,1766.4,494.59
3334,2025-05-02,Projector,Office Supplies,South,6,680,0.05,3876.0,1085.28
3335,2025-05-02,Air Purifier,Home Decor,North,4,170,0.05,646.0,180.88
3336,2025-05-02,Plant Pot,Home Decor,North,4,30,0.12,105.6,29.57
3337,2025-05-02,USB-C Dock,Electronics,East,10,120,0.0,1200.0,336.0
3338,2025-05-02,Wireless Mouse,Electronics,West,8,45,0.12,316.8,88.7
3339,2025-05-02,Desk Lamp,Home Decor,North,6,60,0.18,295.2,82.66
3340,2025-05-02,USB-C Dock,Electronics,South,1,120,0.05,114.0,31.92
3341,2025-05-02,Storage Cabinet,Furniture,South,8,280,0.08,2060.8,577.02
3342,2025-05-02,Executive Desk,Furniture,North,4,910,0.0,3640.0,1019.2
3343,2025-05-02,Plant Pot,Home Decor,West,3,30,0.05,85.5,23.94
3344,2025-05-03,Plant Pot,Home Decor,North,10,30,0.05,285.0,79.8
3345,2025-05-03,Wireless Headset,Electronics,North,10,120,0.2,960.0,268.8
3346,2025-05-03,Plant Pot,Home Decor,North,5,30,0.08,138.0,38.64
3347,2025-05-03,Desk Lamp,Home Decor,West,9,60,0.18,442.8,123.98
3348,2025-05-03,Wireless Mouse,Electronics,North,7,45,0.05,299.25,83.79
3349,2025-05-03,Plant Pot,Home Decor,West,8,30,0.0,240.0,67.2
3350,2025-05-03,"Monitor 27""",Electronics,South,4,390,0.12,1372.8,384.38
3351,2025-05-03,Smart Speaker,Electronics,East,11,95,0.05,992.75,277.97
3352,2025-05-03,Desk Lamp,Home Decor,South,1,60,0.08,55.2,15.46
3353,2025-05-03,Executive Desk,Furniture,North,3,910,0.08,2511.6,703.25
3354,2025-05-03,Smart Speaker,Electronics,East,11,95,0.12,919.6,257.49
3355,2025-05-03,4K Monitor,Electronics,East,8,420,0.05,3192.0,893.76
3356,2025-05-03,Notebook Set,Office Supplies,East,3,18,0.2,43.2,12.1
3357,2025-05-03,Wireless Headset,Electronics,North,8,120,0.08,883.2,247.3
3358,2025-05-04,Inkjet Printer,Office Supplies,North,7,180,0.08,1159.2,324.58
3359,2025-05-04,USB-C Dock,Electronics,North,3,120,0.0,360.0,100.8
3360,2025-05-04,Storage Cabinet,Furniture,North,5,280,0.05,1330.0,372.4
3361,2025-05-04,"Monitor 27""",Electronics,North,11,390,0.08,3946.8,1105.1
3362,2025-05-04,Air Purifier,Home Decor,West,6,170,0.08,938.4,262.75
3363,2025-05-04,Notebook Set,Office Supplies,West,4,18,0.0,72.0,20.16
3364,2025-05-04,Smart Speaker,Electronics,North,8,95,0.0,760.0,212.8
3365,2025-05-04,Desk Lamp,Home Decor,East,4,60,0.0,240.0,67.2
3366,2025-05-04,Wireless Headset,Electronics,East,3,120,0.08,331.2,92.74
3367,2025-05-04,Air Purifier,Home Decor,South,3,170,0.05,484.5,135.66
3368,2025-05-04,Color Printer,Office Supplies,North,1,260,0.08,239.2,66.98
3369,2025-05-04,Plant Pot,Home Decor,South,2,30,0.05,57.0,15.96
3370,2025-05-04,Inkjet Printer,Office Supplies,South,11,180,0.05,1881.0,526.68
3371,2025-05-04,4K Monitor,Electronics,East,1,420,0.08,386.4,108.19
3372,2025-05-04,Inkjet Printer,Office Supplies,East,8,180,0.05,1368.0,383.04
3373,2025-05-04,Desk Lamp,Home Decor,West,1,60,0.05,57.0,15.96
3374,2025-05-04,Projector,Office Supplies,North,11,680,0.05,7106.0,1989.68
3375,2025-05-05,Ergonomic Chair,Furniture,West,9,320,0.18,2361.6,661.25
3376,2025-05-05,Office Chair,Furniture,South,8,240,0.18,1574.4,440.83
3377,2025-05-05,Color Printer,Office Supplies,South,8,260,0.2,1664.0,465.92
3378,2025-05-05,Ergonomic Chair,Furniture,North,4,320,0.18,1049.6,293.89
3379,2025-05-05,Notebook Set,Office Supplies,East,9,18,0.0,162.0,45.36
3380,2025-05-05,"Monitor 27""",Electronics,East,4,390,0.18,1279.2,358.18
3381,2025-05-05,Desk Lamp,Home Decor,South,1,60,0.18,49.2,13.78
3382,2025-05-05,Desk Lamp,Home Decor,East,9,60,0.18,442.8,123.98
3383,2025-05-05,Wireless Headset,Electronics,West,9,120,0.08,993.6,278.21
3384,2025-05-05,Inkjet Printer,Office Supplies,East,3,180,0.08,496.8,139.1
3385,2025-05-05,Storage Cabinet,Furniture,South,1,280,0.18,229.6,64.29
3386,2025-05-05,Office Chair,Furniture,North,8,240,0.05,1824.0,510.72
3387,2025-05-06,Ergonomic Chair,Furniture,East,10,320,0.05,3040.0,851.2
3388,2025-05-06,Plant Pot,Home Decor,South,4,30,0.2,96.0,26.88
3389,2025-05-06,"Monitor 27""",Electronics,South,9,390,0.08,3229.2,904.18
3390,2025-05-06,Air Purifier,Home Decor,East,9,170,0.0,1530.0,428.4
3391,2025-05-06,Ergonomic Chair,Furniture,North,2,320,0.0,640.0,179.2
3392,2025-05-06,Desk Lamp,Home Decor,South,9,60,0.18,442.8,123.98
3393,2025-05-06,Air Purifier,Home Decor,West,2,170,0.18,278.8,78.06
3394,2025-05-06,Ergonomic Chair,Furniture,East,7,320,0.08,2060.8,577.02
3395,2025-05-06,Plant Pot,Home Decor,North,1,30,0.18,24.6,6.89
3396,2025-05-06,Ergonomic Chair,Furniture,East,5,320,0.12,1408.0,394.24
3397,2025-05-06,Smart Speaker,Electronics,West,5,95,0.05,451.25,126.35
3398,2025-05-06,Storage Cabinet,Furniture,South,4,280,0.18,918.4,257.15
3399,2025-05-06,Laptop Pro 14,Electronics,South,6,1200,0.2,5760.0,1612.8
3400,2025-05-07,Ergonomic Chair,Furniture,North,7,320,0.0,2240.0,627.2
3401,2025-05-07,Wireless Headset,Electronics,North,6,120,0.0,720.0,201.6
3402,2025-05-07,Projector,Office Supplies,East,10,680,0.08,6256.0,1751.68
3403,2025-05-07,Smart Speaker,Electronics,North,3,95,0.05,270.75,75.81
3404,2025-05-07,USB-C Dock,Electronics,North,7,120,0.08,772.8,216.38
3405,2025-05-07,Color Printer,Office Supplies,West,5,260,0.05,1235.0,345.8
3406,2025-05-07,Color Printer,Office Supplies,South,7,260,0.08,1674.4,468.83
3407,2025-05-07,Storage Cabinet,Furniture,West,8,280,0.0,2240.0,627.2
3408,2025-05-07,Air Purifier,Home Decor,North,9,170,0.12,1346.4,376.99
3409,2025-05-07,Desk Lamp,Home Decor,East,4,60,0.05,228.0,63.84
3410,2025-05-07,Projector,Office Supplies,West,9,680,0.12,5385.6,1507.97
3411,2025-05-07,Inkjet Printer,Office Supplies,West,4,180,0.05,684.0,191.52
3412,2025-05-07,Desk Lamp,Home Decor,South,10,60,0.2,480.0,134.4
3413,2025-05-07,Ergonomic Chair,Furniture,South,8,320,0.2,2048.0,573.44
3414,2025-05-07,Projector,Office Supplies,East,10,680,0.08,6256.0,1751.68
3415,2025-05-07,Ergonomic Chair,Furniture,West,7,320,0.0,2240.0,627.2
3416,2025-05-07,USB-C Dock,Electronics,West,6,120,0.12,633.6,177.41
3417,2025-05-08,Projector,Office Supplies,East,9,680,0.18,5018.4,1405.15
3418,2025-05-08,Notebook Set,Office Supplies,South,2,18,0.12,31.68,8.87
3419,2025-05-08,USB-C Dock,Electronics,South,1,120,0.0,120.0,33.6
3420,2025-05-08,Notebook Set,Office Supplies,West,9,18,0.18,132.84,37.2
3421,2025-05-08,Tablet Air,Electronics,East,5,680,0.0,3400.0,952.0
3422,2025-05-08,Projector,Office Supplies,North,1,680,0.08,625.6,175.17
3423,2025-05-08,Inkjet Printer,Office Supplies,South,3,180,0.0,540.0,151.2
3424,2025-05-08,Wireless Mouse,Electronics,East,9,45,0.08,372.6,104.33
3425,2025-05-08,"Monitor 27""",Electronics,West,3,390,0.08,1076.4,301.39
3426,2025-05-08,Inkjet Printer,Office Supplies,South,6,180,0.08,993.6,278.21
3427,2025-05-08,Color Printer,Office Supplies,North,1,260,0.08,239.2,66.98
3428,2025-05-08,Plant Pot,Home Decor,North,8,30,0.08,220.8,61.82
3429,2025-05-08,Smart Speaker,Electronics,East,6,95,0.12,501.6,140.45
3430,2025-05-08,Ergonomic Chair,Furniture,West,4,320,0.08,1177.6,329.73
3431,2025-05-08,Wireless Headset,Electronics,North,3,120,0.18,295.2,82.66
3432,2025-05-09,Desk Lamp,Home Decor,South,6,60,0.12,316.8,88.7
3433,2025-05-09,Office Chair,Furniture,West,3,240,0.18,590.4,165.31
3434,2025-05-09,Office Chair,Furniture,South,4,240,0.18,787.2,220.42
3435,2025-05-09,Plant Pot,Home Decor,East,4,30,0.12,105.6,29.57
3436,2025-05-09,Projector,Office Supplies,West,8,680,0.18,4460.8,1249.02
3437,2025-05-09,Plant Pot,Home Decor,East,9,30,0.0,270.0,75.6
3438,2025-05-09,Air Purifier,Home Decor,South,6,170,0.08,938.4,262.75
3439,2025-05-09,Air Purifier,Home Decor,West,8,170,0.0,1360.0,380.8
3440,2025-05-10,Smart Speaker,Electronics,North,11,95,0.08,961.4,269.19
3441,2025-05-10,Wireless Mouse,Electronics,South,8,45,0.2,288.0,80.64
3442,2025-05-10,Color Printer,Office Supplies,West,10,260,0.05,2470.0,691.6
3443,2025-05-10,Desk Lamp,Home Decor,West,2,60,0.0,120.0,33.6
3444,2025-05-10,Air Purifier,Home Decor,North,10,170,0.0,1700.0,476.0
3445,2025-05-10,Notebook Set,Office Supplies,North,9,18,0.2,129.6,36.29
3446,2025-05-10,Wireless Mouse,Electronics,East,1,45,0.18,36.9,10.33
3447,2025-05-10,Air Purifier,Home Decor,North,3,170,0.18,418.2,117.1
3448,2025-05-10,USB-C Dock,Electronics,South,9,120,0.05,1026.0,287.28
3449,2025-05-10,Air Purifier,Home Decor,North,4,170,0.0,680.0,190.4
3450,2025-05-10,Storage Cabinet,Furniture,North,7,280,0.12,1724.8,482.94
3451,2025-05-10,Smart Speaker,Electronics,North,8,95,0.08,699.2,195.78
3452,2025-05-10,Smart Speaker,Electronics,West,3,95,0.18,233.7,65.44
3453,2025-05-10,Standing Desk,Furniture,South,1,550,0.18,451.0,126.28
3454,2025-05-10,Ergonomic Chair,Furniture,North,10,320,0.05,3040.0,851.2
3455,2025-05-10,Projector,Office Supplies,East,7,680,0.2,3808.0,1066.24
3456,2025-05-10,4K Monitor,Electronics,East,5,420,0.05,1995.0,558.6
3457,2025-05-11,Air Purifier,Home Decor,North,6,170,0.18,836.4,234.19
3458,2025-05-11,Executive Desk,Furniture,East,1,910,0.12,800.8,224.22
3459,2025-05-11,"Monitor 27""",Electronics,South,9,390,0.2,2808.0,786.24
3460,2025-05-11,Ergonomic Chair,Furniture,East,8,320,0.12,2252.8,630.78
3461,2025-05-11,Air Purifier,Home Decor,West,2,170,0.08,312.8,87.58
3462,2025-05-11,Ergonomic Chair,Furniture,East,8,320,0.08,2355.2,659.46
3463,2025-05-11,Ergonomic Chair,Furniture,West,4,320,0.0,1280.0,358.4
3464,2025-05-11,Plant Pot,Home Decor,East,9,30,0.05,256.5,71.82
3465,2025-05-11,Storage Cabinet,Furniture,North,2,280,0.05,532.0,148.96
3466,2025-05-11,Ergonomic Chair,Furniture,North,10,320,0.18,2624.0,734.72
3467,2025-05-11,Tablet Air,Electronics,North,7,680,0.08,4379.2,1226.18
3468,2025-05-11,Projector,Office Supplies,West,4,680,0.12,2393.6,670.21
3469,2025-05-11,Air Purifier,Home Decor,West,5,170,0.05,807.5,226.1
3470,2025-05-11,Projector,Office Supplies,West,8,680,0.18,4460.8,1249.02
3471,2025-05-11,Inkjet Printer,Office Supplies,South,6,180,0.18,885.6,247.97
3472,2025-05-12,Plant Pot,Home Decor,West,6,30,0.2,144.0,40.32
3473,2025-05-12,Ergonomic Chair,Furniture,North,9,320,0.18,2361.6,661.25
3474,2025-05-12,Plant Pot,Home Decor,North,10,30,0.0,300.0,84.0
3475,2025-05-12,Inkjet Printer,Office Supplies,West,10,180,0.2,1440.0,403.2
3476,2025-05-12,Ergonomic Chair,Furniture,East,11,320,0.0,3520.0,985.6
3477,2025-05-12,Desk Lamp,Home Decor,North,7,60,0.18,344.4,96.43
3478,2025-05-12,Wireless Mouse,Electronics,West,11,45,0.0,495.0,138.6
3479,2025-05-12,Air Purifier,Home Decor,West,3,170,0.12,448.8,125.66
3480,2025-05-12,Air Purifier,Home Decor,East,3,170,0.0,510.0,142.8
3481,2025-05-12,Standing Desk,Furniture,North,1,550,0.18,451.0,126.28
3482,2025-05-12,Color Printer,Office Supplies,West,5,260,0.08,1196.0,334.88
3483,2025-05-12,"Monitor 27""",Electronics,North,7,390,0.2,2184.0,611.52
3484,2025-05-12,Inkjet Printer,Office Supplies,East,10,180,0.08,1656.0,463.68
3485,2025-05-13,Notebook Set,Office Supplies,West,4,18,0.08,66.24,18.55
3486,2025-05-13,Notebook Set,Office Supplies,North,2,18,0.08,33.12,9.27
3487,2025-05-13,Notebook Set,Office Supplies,South,9,18,0.2,129.6,36.29
3488,2025-05-13,Wireless Headset,Electronics,North,6,120,0.2,576.0,161.28
3489,2025-05-13,Plant Pot,Home Decor,South,9,30,0.18,221.4,61.99
3490,2025-05-13,Standing Desk,Furniture,South,7,550,0.08,3542.0,991.76
3491,2025-05-13,Air Purifier,Home Decor,West,1,170,0.2,136.0,38.08
3492,2025-05-13,Desk Lamp,Home Decor,East,10,60,0.2,480.0,134.4
3493,2025-05-13,Notebook Set,Office Supplies,East,8,18,0.0,144.0,40.32
3494,2025-05-13,Plant Pot,Home Decor,West,7,30,0.05,199.5,55.86
3495,2025-05-14,Wireless Headset,Electronics,South,10,120,0.05,1140.0,319.2
3496,2025-05-14,Air Purifier,Home Decor,North,8,170,0.2,1088.0,304.64
3497,2025-05-14,Standing Desk,Furniture,West,6,550,0.0,3300.0,924.0
3498,2025-05-14,Air Purifier,Home Decor,North,3,170,0.0,510.0,142.8
3499,2025-05-14,Plant Pot,Home Decor,West,6,30,0.12,158.4,44.35
3500,2025-05-14,Air Purifier,Home Decor,North,1,170,0.0,170.0,47.6
3501,2025-05-14,Color Printer,Office Supplies,North,3,260,0.12,686.4,192.19
3502,2025-05-14,Inkjet Printer,Office Supplies,West,11,180,0.18,1623.6,454.61
3503,2025-05-15,Air Purifier,Home Decor,East,5,170,0.18,697.0,195.16
3504,2025-05-15,Notebook Set,Office Supplies,West,1,18,0.18,14.76,4.13
3505,2025-05-15,Color Printer,Office Supplies,North,6,260,0.2,1248.0,349.44
3506,2025-05-15,Wireless Headset,Electronics,West,11,120,0.12,1161.6,325.25
3507,2025-05-15,Executive Desk,Furniture,South,7,910,0.18,5223.4,1462.55
3508,2025-05-15,Notebook Set,Office Supplies,West,6,18,0.2,86.4,24.19
3509,2025-05-15,Projector,Office Supplies,West,11,680,0.18,6133.6,1717.41
3510,2025-05-15,Notebook Set,Office Supplies,South,6,18,0.18,88.56,24.8
3511,2025-05-15,Inkjet Printer,Office Supplies,North,8,180,0.08,1324.8,370.94
3512,2025-05-15,Laptop Pro 14,Electronics,West,2,1200,0.08,2208.0,618.24
3513,2025-05-15,Notebook Set,Office Supplies,North,11,18,0.12,174.24,48.79
3514,2025-05-15,Smart Speaker,Electronics,South,8,95,0.18,623.2,174.5
3515,2025-05-16,Projector,Office Supplies,North,1,680,0.2,544.0,152.32
3516,2025-05-16,Projector,Office Supplies,South,4,680,0.05,2584.0,723.52
3517,2025-05-16,"Monitor 27""",Electronics,North,10,390,0.12,3432.0,960.96
3518,2025-05-16,Desk Lamp,Home Decor,South,6,60,0.0,360.0,100.8
3519,2025-05-16,Air Purifier,Home Decor,North,7,170,0.12,1047.2,293.22
3520,2025-05-16,Wireless Mouse,Electronics,West,3,45,0.12,118.8,33.26
3521,2025-05-16,Wireless Headset,Electronics,North,4,120,0.12,422.4,118.27
3522,2025-05-16,Executive Desk,Furniture,North,5,910,0.18,3731.0,1044.68
3523,2025-05-16,Standing Desk,Furniture,West,9,550,0.18,4059.0,1136.52
3524,2025-05-17,Air Purifier,Home Decor,East,1,170,0.12,149.6,41.89
3525,2025-05-17,Executive Desk,Furniture,South,10,910,0.12,8008.0,2242.24
3526,2025-05-17,Projector,Office Supplies,South,5,680,0.08,3128.0,875.84
3527,2025-05-17,Air Purifier,Home Decor,North,6,170,0.08,938.4,262.75
3528,2025-05-17,Notebook Set,Office Supplies,East,9,18,0.05,153.9,43.09
3529,2025-05-17,Wireless Headset,Electronics,South,11,120,0.18,1082.4,303.07
3530,2025-05-17,Desk Lamp,Home Decor,West,1,60,0.05,57.0,15.96
3531,2025-05-17,Wireless Headset,Electronics,East,4,120,0.05,456.0,127.68
3532,2025-05-17,Notebook Set,Office Supplies,East,7,18,0.05,119.7,33.52
3533,2025-05-17,Laptop Pro 14,Electronics,East,3,1200,0.08,3312.0,927.36
3534,2025-05-17,Notebook Set,Office Supplies,East,2,18,0.0,36.0,10.08
3535,2025-05-17,Laptop Pro 14,Electronics,North,11,1200,0.05,12540.0,3511.2
3536,2025-05-17,Air Purifier,Home Decor,West,10,170,0.0,1700.0,476.0
3537,2025-05-17,Executive Desk,Furniture,East,1,910,0.12,800.8,224.22
3538,2025-05-17,Air Purifier,Home Decor,South,3,170,0.05,484.5,135.66
3539,2025-05-18,Storage Cabinet,Furniture,South,1,280,0.05,266.0,74.48
3540,2025-05-18,Standing Desk,Furniture,West,8,550,0.2,3520.0,985.6
3541,2025-05-18,Notebook Set,Office Supplies,West,6,18,0.18,88.56,24.8
3542,2025-05-18,Ergonomic Chair,Furniture,South,4,320,0.12,1126.4,315.39
3543,2025-05-18,Notebook Set,Office Supplies,North,10,18,0.12,158.4,44.35
3544,2025-05-18,Desk Lamp,Home Decor,East,10,60,0.12,528.0,147.84
3545,2025-05-18,Ergonomic Chair,Furniture,North,4,320,0.18,1049.6,293.89
3546,2025-05-18,Wireless Headset,Electronics,East,4,120,0.0,480.0,134.4
3547,2025-05-18,Projector,Office Supplies,East,5,680,0.12,2992.0,837.76
3548,2025-05-18,Storage Cabinet,Furniture,South,3,280,0.2,672.0,188.16
3549,2025-05-19,Tablet Air,Electronics,North,7,680,0.0,4760.0,1332.8
3550,2025-05-19,Executive Desk,Furniture,West,11,910,0.2,8008.0,2242.24
3551,2025-05-19,Wireless Mouse,Electronics,West,11,45,0.05,470.25,131.67
3552,2025-05-19,Wireless Headset,Electronics,North,1,120,0.2,96.0,26.88
3553,2025-05-19,Standing Desk,Furniture,East,5,550,0.12,2420.0,677.6
3554,2025-05-19,Plant Pot,Home Decor,East,10,30,0.08,276.0,77.28
3555,2025-05-19,Desk Lamp,Home Decor,South,10,60,0.12,528.0,147.84
3556,2025-05-19,Air Purifier,Home Decor,East,3,170,0.08,469.2,131.38
3557,2025-05-19,Desk Lamp,Home Decor,South,4,60,0.18,196.8,55.1
3558,2025-05-19,Wireless Mouse,Electronics,West,4,45,0.18,147.6,41.33
3559,2025-05-19,Projector,Office Supplies,East,10,680,0.2,5440.0,1523.2
3560,2025-05-19,4K Monitor,Electronics,East,2,420,0.0,840.0,235.2
3561,2025-05-19,Standing Desk,Furniture,South,11,550,0.08,5566.0,1558.48
3562,2025-05-19,"Monitor 27""",Electronics,North,10,390,0.0,3900.0,1092.0
3563,2025-05-20,Standing Desk,Furniture,East,6,550,0.18,2706.0,757.68
3564,2025-05-20,Projector,Office Supplies,South,1,680,0.0,680.0,190.4
3565,2025-05-20,Storage Cabinet,Furniture,West,5,280,0.2,1120.0,313.6
3566,2025-05-20,"Monitor 27""",Electronics,West,2,390,0.05,741.0,207.48
3567,2025-05-20,Desk Lamp,Home Decor,West,6,60,0.2,288.0,80.64
3568,2025-05-20,Air Purifier,Home Decor,North,7,170,0.0,1190.0,333.2
3569,2025-05-20,Laptop Pro 14,Electronics,East,5,1200,0.2,4800.0,1344.0
3570,2025-05-20,Executive Desk,Furniture,West,11,910,0.05,9509.5,2662.66
3571,2025-05-20,Notebook Set,Office Supplies,East,5,18,0.2,72.0,20.16
3572,2025-05-20,Air Purifier,Home Decor,West,5,170,0.18,697.0,195.16
3573,2025-05-20,USB-C Dock,Electronics,North,8,120,0.2,768.0,215.04
3574,2025-05-20,Projector,Office Supplies,North,11,680,0.12,6582.4,1843.07
3575,2025-05-20,Projector,Office Supplies,East,4,680,0.12,2393.6,670.21
3576,2025-05-20,Projector,Office Supplies,South,6,680,0.12,3590.4,1005.31
3577,2025-05-20,Wireless Mouse,Electronics,North,8,45,0.08,331.2,92.74
3578,2025-05-21,Notebook Set,Office Supplies,North,5,18,0.2,72.0,20.16
3579,2025-05-21,Smart Speaker,Electronics,North,5,95,0.2,380.0,106.4
3580,2025-05-21,Inkjet Printer,Office Supplies,North,4,180,0.12,633.6,177.41
3581,2025-05-21,Executive Desk,Furniture,West,3,910,0.05,2593.5,726.18
3582,2025-05-21,Wireless Headset,Electronics,South,4,120,0.05,456.0,127.68
3583,2025-05-21,"Monitor 27""",Electronics,East,3,390,0.0,1170.0,327.6
3584,2025-05-21,Executive Desk,Furniture,South,3,910,0.0,2730.0,764.4
3585,2025-05-21,Projector,Office Supplies,West,6,680,0.18,3345.6,936.77
3586,2025-05-21,Standing Desk,Furniture,South,8,550,0.12,3872.0,1084.16
3587,2025-05-21,Air Purifier,Home Decor,North,1,170,0.05,161.5,45.22
3588,2025-05-21,Air Purifier,Home Decor,North,2,170,0.12,299.2,83.78
3589,2025-05-21,Projector,Office Supplies,West,3,680,0.0,2040.0,571.2
3590,2025-05-21,Color Printer,Office Supplies,West,7,260,0.12,1601.6,448.45
3591,2025-05-21,Standing Desk,Furniture,West,10,550,0.0,5500.0,1540.0
3592,2025-05-21,Inkjet Printer,Office Supplies,South,10,180,0.2,1440.0,403.2
3593,2025-05-21,Laptop Pro 14,Electronics,West,11,1200,0.0,13200.0,3696.0
3594,2025-05-22,Ergonomic Chair,Furniture,North,8,320,0.18,2099.2,587.78
3595,2025-05-22,Projector,Office Supplies,West,10,680,0.18,5576.0,1561.28
3596,2025-05-22,Air Purifier,Home Decor,East,6,170,0.18,836.4,234.19
3597,2025-05-22,USB-C Dock,Electronics,South,11,120,0.0,1320.0,369.6
3598,2025-05-22,Notebook Set,Office Supplies,West,10,18,0.05,171.0,47.88
3599,2025-05-22,Desk Lamp,Home Decor,West,9,60,0.0,540.0,151.2
3600,2025-05-22,"Monitor 27""",Electronics,North,2,390,0.2,624.0,174.72
3601,2025-05-22,Desk Lamp,Home Decor,North,2,60,0.2,96.0,26.88
3602,2025-05-22,Standing Desk,Furniture,South,5,550,0.12,2420.0,677.6
3603,2025-05-22,Office Chair,Furniture,East,11,240,0.08,2428.8,680.06
3604,2025-05-22,Inkjet Printer,Office Supplies,East,9,180,0.05,1539.0,430.92
3605,2025-05-22,Air Purifier,Home Decor,West,3,170,0.18,418.2,117.1
3606,2025-05-22,Wireless Mouse,Electronics,West,2,45,0.2,72.0,20.16
3607,2025-05-22,Storage Cabinet,Furniture,North,8,280,0.18,1836.8,514.3
3608,2025-05-22,Office Chair,Furniture,South,7,240,0.05,1596.0,446.88
3609,2025-05-22,Notebook Set,Office Supplies,South,7,18,0.12,110.88,31.05
3610,2025-05-23,Color Printer,Office Supplies,South,3,260,0.12,686.4,192.19
3611,2025-05-23,Air Purifier,Home Decor,East,11,170,0.2,1496.0,418.88
3612,2025-05-23,Notebook Set,Office Supplies,East,7,18,0.05,119.7,33.52
3613,2025-05-23,Air Purifier,Home Decor,South,6,170,0.05,969.0,271.32
3614,2025-05-23,Laptop Pro 14,Electronics,South,4,1200,0.0,4800.0,1344.0
3615,2025-05-23,Executive Desk,Furniture,South,6,910,0.05,5187.0,1452.36
3616,2025-05-23,Color Printer,Office Supplies,West,1,260,0.2,208.0,58.24
3617,2025-05-23,Standing Desk,Furniture,East,2,550,0.05,1045.0,292.6
3618,2025-05-23,Plant Pot,Home Decor,East,3,30,0.0,90.0,25.2
3619,2025-05-23,Wireless Mouse,Electronics,South,5,45,0.0,225.0,63.0
3620,2025-05-23,Storage Cabinet,Furniture,East,11,280,0.18,2525.6,707.17
3621,2025-05-23,Plant Pot,Home Decor,North,9,30,0.05,256.5,71.82
3622,2025-05-24,Storage Cabinet,Furniture,West,7,280,0.18,1607.2,450.02
3623,2025-05-24,Standing Desk,Furniture,East,2,550,0.12,968.0,271.04
3624,2025-05-24,Executive Desk,Furniture,West,5,910,0.2,3640.0,1019.2
3625,2025-05-24,Wireless Mouse,Electronics,West,7,45,0.08,289.8,81.14
3626,2025-05-24,Laptop Pro 14,Electronics,East,10,1200,0.2,9600.0,2688.0
3627,2025-05-24,Ergonomic Chair,Furniture,North,1,320,0.08,294.4,82.43
3628,2025-05-24,Notebook Set,Office Supplies,South,8,18,0.18,118.08,33.06
3629,2025-05-24,Desk Lamp,Home Decor,South,10,60,0.18,492.0,137.76
3630,2025-05-24,Executive Desk,Furniture,North,5,910,0.05,4322.5,1210.3
3631,2025-05-24,Plant Pot,Home Decor,West,4,30,0.0,120.0,33.6
3632,2025-05-24,Color Printer,Office Supplies,North,1,260,0.0,260.0,72.8
3633,2025-05-24,Standing Desk,Furniture,East,1,550,0.18,451.0,126.28
3634,2025-05-24,Air Purifier,Home Decor,West,11,170,0.0,1870.0,523.6
3635,2025-05-24,Executive Desk,Furniture,South,9,910,0.18,6715.8,1880.42
3636,2025-05-24,Plant Pot,Home Decor,South,1,30,0.05,28.5,7.98
3637,2025-05-24,Ergonomic Chair,Furniture,South,10,320,0.18,2624.0,734.72
3638,2025-05-25,"Monitor 27""",Electronics,East,3,390,0.08,1076.4,301.39
3639,2025-05-25,Projector,Office Supplies,West,5,680,0.08,3128.0,875.84
3640,2025-05-25,Executive Desk,Furniture,South,5,910,0.05,4322.5,1210.3
3641,2025-05-25,Storage Cabinet,Furniture,East,10,280,0.18,2296.0,642.88
3642,2025-05-25,Office Chair,Furniture,West,5,240,0.18,984.0,275.52
3643,2025-05-25,Office Chair,Furniture,South,3,240,0.0,720.0,201.6
3644,2025-05-25,Plant Pot,Home Decor,West,1,30,0.12,26.4,7.39
3645,2025-05-25,Ergonomic Chair,Furniture,North,1,320,0.08,294.4,82.43
3646,2025-05-25,Executive Desk,Furniture,South,3,910,0.05,2593.5,726.18
3647,2025-05-25,Inkjet Printer,Office Supplies,West,5,180,0.12,792.0,221.76
3648,2025-05-25,Smart Speaker,Electronics,West,4,95,0.08,349.6,97.89
3649,2025-05-25,Notebook Set,Office Supplies,East,4,18,0.0,72.0,20.16
3650,2025-05-25,Ergonomic Chair,Furniture,North,6,320,0.18,1574.4,440.83
3651,2025-05-25,Office Chair,Furniture,East,9,240,0.0,2160.0,604.8
3652,2025-05-25,Desk Lamp,Home Decor,East,9,60,0.05,513.0,143.64
3653,2025-05-26,USB-C Dock,Electronics,West,5,120,0.0,600.0,168.0
3654,2025-05-26,Ergonomic Chair,Furniture,West,2,320,0.08,588.8,164.86
3655,2025-05-26,Notebook Set,Office Supplies,West,11,18,0.08,182.16,51.0
3656,2025-05-26,Projector,Office Supplies,East,3,680,0.0,2040.0,571.2
3657,2025-05-26,Standing Desk,Furniture,South,8,550,0.12,3872.0,1084.16
3658,2025-05-26,Wireless Mouse,Electronics,North,6,45,0.18,221.4,61.99
3659,2025-05-26,Storage Cabinet,Furniture,East,1,280,0.05,266.0,74.48
3660,2025-05-26,USB-C Dock,Electronics,South,7,120,0.12,739.2,206.98
3661,2025-05-26,Office Chair,Furniture,West,2,240,0.2,384.0,107.52
3662,2025-05-26,Smart Speaker,Electronics,East,1,95,0.08,87.4,24.47
3663,2025-05-27,Office Chair,Furniture,West,3,240,0.12,633.6,177.41
3664,2025-05-27,Ergonomic Chair,Furniture,East,11,320,0.08,3238.4,906.75
3665,2025-05-27,4K Monitor,Electronics,West,4,420,0.12,1478.4,413.95
3666,2025-05-27,Desk Lamp,Home Decor,South,11,60,0.18,541.2,151.54
3667,2025-05-27,Notebook Set,Office Supplies,South,8,18,0.05,136.8,38.3
3668,2025-05-27,Color Printer,Office Supplies,North,7,260,0.18,1492.4,417.87
3669,2025-05-27,USB-C Dock,Electronics,East,1,120,0.12,105.6,29.57
3670,2025-05-27,Storage Cabinet,Furniture,East,1,280,0.0,280.0,78.4
3671,2025-05-27,Office Chair,Furniture,North,9,240,0.0,2160.0,604.8
3672,2025-05-28,Ergonomic Chair,Furniture,North,9,320,0.05,2736.0,766.08
3673,2025-05-28,Desk Lamp,Home Decor,East,4,60,0.12,211.2,59.14
3674,2025-05-28,Air Purifier,Home Decor,West,3,170,0.12,448.8,125.66
3675,2025-05-28,Office Chair,Furniture,West,10,240,0.0,2400.0,672.0
3676,2025-05-28,Executive Desk,Furniture,East,4,910,0.0,3640.0,1019.2
3677,2025-05-28,Wireless Headset,Electronics,South,6,120,0.18,590.4,165.31
3678,2025-05-28,Tablet Air,Electronics,South,11,680,0.2,5984.0,1675.52
3679,2025-05-28,Inkjet Printer,Office Supplies,North,2,180,0.2,288.0,80.64
3680,2025-05-28,"Monitor 27""",Electronics,South,8,390,0.2,2496.0,698.88
3681,2025-05-28,Projector,Office Supplies,East,5,680,0.0,3400.0,952.0
3682,2025-05-28,"Monitor 27""",Electronics,North,4,390,0.08,1435.2,401.86
3683,2025-05-28,Office Chair,Furniture,West,9,240,0.0,2160.0,604.8
3684,2025-05-29,Color Printer,Office Supplies,South,5,260,0.08,1196.0,334.88
3685,2025-05-29,Notebook Set,Office Supplies,East,3,18,0.18,44.28,12.4
3686,2025-05-29,Desk Lamp,Home Decor,South,11,60,0.12,580.8,162.62
3687,2025-05-29,Standing Desk,Furniture,North,3,550,0.05,1567.5,438.9
3688,2025-05-29,Color Printer,Office Supplies,West,6,260,0.2,1248.0,349.44
3689,2025-05-29,Inkjet Printer,Office Supplies,East,5,180,0.05,855.0,239.4
3690,2025-05-29,Executive Desk,Furniture,South,8,910,0.2,5824.0,1630.72
3691,2025-05-29,Storage Cabinet,Furniture,South,10,280,0.05,2660.0,744.8
3692,2025-05-29,Desk Lamp,Home Decor,West,9,60,0.18,442.8,123.98
3693,2025-05-29,Plant Pot,Home Decor,East,2,30,0.05,57.0,15.96
3694,2025-05-29,Wireless Headset,Electronics,East,9,120,0.05,1026.0,287.28
3695,2025-05-29,Executive Desk,Furniture,West,10,910,0.0,9100.0,2548.0
3696,2025-05-30,Tablet Air,Electronics,North,10,680,0.0,6800.0,1904.0
3697,2025-05-30,4K Monitor,Electronics,South,5,420,0.12,1848.0,517.44
3698,2025-05-30,Executive Desk,Furniture,South,3,910,0.08,2511.6,703.25
3699,2025-05-30,Laptop Pro 14,Electronics,East,2,1200,0.0,2400.0,672.0
3700,2025-05-30,Inkjet Printer,Office Supplies,North,9,180,0.18,1328.4,371.95
3701,2025-05-30,Smart Speaker,Electronics,South,9,95,0.0,855.0,239.4
3702,2025-05-30,Plant Pot,Home Decor,North,10,30,0.0,300.0,84.0
3703,2025-05-30,4K Monitor,Electronics,East,6,420,0.18,2066.4,578.59
3704,2025-05-30,Color Printer,Office Supplies,North,7,260,0.05,1729.0,484.12
3705,2025-05-30,Desk Lamp,Home Decor,North,10,60,0.05,570.0,159.6
3706,2025-05-30,Office Chair,Furniture,West,10,240,0.12,2112.0,591.36
3707,2025-05-30,Plant Pot,Home Decor,East,4,30,0.08,110.4,30.91
3708,2025-05-31,"Monitor 27""",Electronics,West,7,390,0.08,2511.6,703.25
3709,2025-05-31,Ergonomic Chair,Furniture,North,6,320,0.18,1574.4,440.83
3710,2025-05-31,USB-C Dock,Electronics,East,6,120,0.05,684.0,191.52
3711,2025-05-31,Projector,Office Supplies,North,7,680,0.18,3903.2,1092.9
3712,2025-05-31,Storage Cabinet,Furniture,West,4,280,0.12,985.6,275.97
3713,2025-05-31,4K Monitor,Electronics,East,9,420,0.12,3326.4,931.39
3714,2025-05-31,Storage Cabinet,Furniture,East,10,280,0.0,2800.0,784.0
3715,2025-05-31,Air Purifier,Home Decor,North,2,170,0.18,278.8,78.06
3716,2025-05-31,Desk Lamp,Home Decor,East,11,60,0.05,627.0,175.56
3717,2025-05-31,4K Monitor,Electronics,South,6,420,0.08,2318.4,649.15
3718,2025-06-01,Executive Desk,Furniture,East,3,910,0.08,2511.6,703.25
3719,2025-06-01,Smart Speaker,Electronics,West,6,95,0.12,501.6,140.45
3720,2025-06-01,Air Purifier,Home Decor,West,8,170,0.08,1251.2,350.34
3721,2025-06-01,Inkjet Printer,Office Supplies,West,2,180,0.2,288.0,80.64
3722,2025-06-01,Plant Pot,Home Decor,East,11,30,0.12,290.4,81.31
3723,2025-06-01,Office Chair,Furniture,East,2,240,0.05,456.0,127.68
3724,2025-06-01,Inkjet Printer,Office Supplies,North,9,180,0.0,1620.0,453.6
3725,2025-06-01,"Monitor 27""",Electronics,North,5,390,0.2,1560.0,436.8
3726,2025-06-01,Air Purifier,Home Decor,South,1,170,0.18,139.4,39.03
3727,2025-06-01,Executive Desk,Furniture,North,8,910,0.12,6406.4,1793.79
3728,2025-06-01,Plant Pot,Home Decor,South,11,30,0.08,303.6,85.01
3729,2025-06-01,Notebook Set,Office Supplies,East,4,18,0.12,63.36,17.74
3730,2025-06-01,Desk Lamp,Home Decor,South,3,60,0.08,165.6,46.37
3731,2025-06-02,Wireless Headset,Electronics,South,4,120,0.18,393.6,110.21
3732,2025-06-02,Storage Cabinet,Furniture,East,9,280,0.2,2016.0,564.48
3733,2025-06-02,Color Printer,Office Supplies,West,3,260,0.05,741.0,207.48
3734,2025-06-02,Executive Desk,Furniture,East,2,910,0.18,1492.4,417.87
3735,2025-06-02,Office Chair,Furniture,East,11,240,0.12,2323.2,650.5
3736,2025-06-02,Notebook Set,Office Supplies,South,10,18,0.08,165.6,46.37
3737,2025-06-02,Smart Speaker,Electronics,East,7,95,0.2,532.0,148.96
3738,2025-06-02,Desk Lamp,Home Decor,East,9,60,0.0,540.0,151.2
3739,2025-06-02,Inkjet Printer,Office Supplies,West,9,180,0.12,1425.6,399.17
3740,2025-06-02,Color Printer,Office Supplies,East,3,260,0.05,741.0,207.48
3741,2025-06-02,Color Printer,Office Supplies,North,10,260,0.2,2080.0,582.4
3742,2025-06-02,Notebook Set,Office Supplies,West,3,18,0.08,49.68,13.91
3743,2025-06-02,Desk Lamp,Home Decor,North,1,60,0.08,55.2,15.46
3744,2025-06-02,Color Printer,Office Supplies,North,2,260,0.18,426.4,119.39
3745,2025-06-02,Wireless Mouse,Electronics,South,7,45,0.05,299.25,83.79
3746,2025-06-02,Smart Speaker,Electronics,South,1,95,0.0,95.0,26.6
3747,2025-06-03,Laptop Pro 14,Electronics,East,1,1200,0.12,1056.0,295.68
3748,2025-06-03,Color Printer,Office Supplies,East,9,260,0.0,2340.0,655.2
3749,2025-06-03,Laptop Pro 14,Electronics,East,10,1200,0.2,9600.0,2688.0
3750,2025-06-03,Inkjet Printer,Office Supplies,South,1,180,0.08,165.6,46.37
3751,2025-06-03,Notebook Set,Office Supplies,West,9,18,0.05,153.9,43.09
3752,2025-06-03,Plant Pot,Home Decor,West,9,30,0.05,256.5,71.82
3753,2025-06-03,Inkjet Printer,Office Supplies,West,2,180,0.05,342.0,95.76
3754,2025-06-03,Standing Desk,Furniture,South,7,550,0.12,3388.0,948.64
3755,2025-06-03,Notebook Set,Office Supplies,North,11,18,0.05,188.1,52.67
3756,2025-06-03,"Monitor 27""",Electronics,North,4,390,0.2,1248.0,349.44
3757,2025-06-03,Executive Desk,Furniture,South,4,910,0.12,3203.2,896.9
3758,2025-06-04,Storage Cabinet,Furniture,West,2,280,0.2,448.0,125.44
3759,2025-06-04,Office Chair,Furniture,South,7,240,0.12,1478.4,413.95
3760,2025-06-04,Storage Cabinet,Furniture,East,8,280,0.05,2128.0,595.84
3761,2025-06-04,Desk Lamp,Home Decor,North,11,60,0.0,660.0,184.8
3762,2025-06-04,Inkjet Printer,Office Supplies,East,9,180,0.18,1328.4,371.95
3763,2025-06-04,Projector,Office Supplies,East,9,680,0.08,5630.4,1576.51
3764,2025-06-04,Smart Speaker,Electronics,East,6,95,0.0,570.0,159.6
3765,2025-06-04,4K Monitor,Electronics,East,9,420,0.05,3591.0,1005.48
3766,2025-06-04,Laptop Pro 14,Electronics,West,6,1200,0.18,5904.0,1653.12
3767,2025-06-04,Ergonomic Chair,Furniture,East,11,320,0.08,3238.4,906.75
3768,2025-06-04,Projector,Office Supplies,South,10,680,0.12,5984.0,1675.52
3769,2025-06-04,Desk Lamp,Home Decor,East,4,60,0.12,211.2,59.14
3770,2025-06-04,Executive Desk,Furniture,West,5,910,0.08,4186.0,1172.08
3771,2025-06-05,Color Printer,Office Supplies,East,1,260,0.0,260.0,72.8
3772,2025-06-05,Tablet Air,Electronics,West,1,680,0.0,680.0,190.4
3773,2025-06-05,Desk Lamp,Home Decor,South,7,60,0.05,399.0,111.72
3774,2025-06-05,Laptop Pro 14,Electronics,West,9,1200,0.05,10260.0,2872.8
3775,2025-06-05,Projector,Office Supplies,West,9,680,0.0,6120.0,1713.6
3776,2025-06-05,Smart Speaker,Electronics,North,2,95,0.05,180.5,50.54
3777,2025-06-05,Inkjet Printer,Office Supplies,South,3,180,0.0,540.0,151.2
3778,2025-06-05,Desk Lamp,Home Decor,North,9,60,0.18,442.8,123.98
3779,2025-06-05,Plant Pot,Home Decor,East,11,30,0.18,270.6,75.77
3780,2025-06-05,4K Monitor,Electronics,South,6,420,0.12,2217.6,620.93
3781,2025-06-05,Plant Pot,Home Decor,East,9,30,0.12,237.6,66.53
3782,2025-06-06,USB-C Dock,Electronics,East,7,120,0.2,672.0,188.16
3783,2025-06-06,Color Printer,Office Supplies,North,7,260,0.05,1729.0,484.12
3784,2025-06-06,Notebook Set,Office Supplies,West,4,18,0.08,66.24,18.55
3785,2025-06-06,Smart Speaker,Electronics,West,4,95,0.12,334.4,93.63
3786,2025-06-06,Desk Lamp,Home Decor,North,4,60,0.08,220.8,61.82
3787,2025-06-06,Storage Cabinet,Furniture,East,5,280,0.05,1330.0,372.4
3788,2025-06-06,Storage Cabinet,Furniture,North,5,280,0.2,1120.0,313.6
3789,2025-06-06,Color Printer,Office Supplies,West,7,260,0.05,1729.0,484.12
3790,2025-06-06,Ergonomic Chair,Furniture,South,2,320,0.0,640.0,179.2
3791,2025-06-06,Office Chair,Furniture,East,10,240,0.05,2280.0,638.4
3792,2025-06-07,Inkjet Printer,Office Supplies,South,4,180,0.0,720.0,201.6
3793,2025-06-07,Air Purifier,Home Decor,North,5,170,0.12,748.0,209.44
3794,2025-06-07,Air Purifier,Home Decor,South,9,170,0.2,1224.0,342.72
3795,2025-06-07,Plant Pot,Home Decor,West,5,30,0.0,150.0,42.0
3796,2025-06-07,Air Purifier,Home Decor,South,5,170,0.08,782.0,218.96
3797,2025-06-07,4K Monitor,Electronics,North,7,420,0.0,2940.0,823.2
3798,2025-06-07,Projector,Office Supplies,East,7,680,0.18,3903.2,1092.9
3799,2025-06-07,Air Purifier,Home Decor,North,7,170,0.18,975.8,273.22
3800,2025-06-07,Executive Desk,Furniture,North,10,910,0.12,8008.0,2242.24
3801,2025-06-07,Projector,Office Supplies,North,5,680,0.2,2720.0,761.6
3802,2025-06-07,Tablet Air,Electronics,South,7,680,0.12,4188.8,1172.86
3803,2025-06-07,Projector,Office Supplies,South,2,680,0.08,1251.2,350.34
3804,2025-06-08,Air Purifier,Home Decor,South,11,170,0.0,1870.0,523.6
3805,2025-06-08,Wireless Mouse,Electronics,West,2,45,0.12,79.2,22.18
3806,2025-06-08,Air Purifier,Home Decor,West,1,170,0.08,156.4,43.79
3807,2025-06-08,Color Printer,Office Supplies,East,7,260,0.05,1729.0,484.12
3808,2025-06-08,"Monitor 27""",Electronics,South,7,390,0.18,2238.6,626.81
3809,2025-06-08,Color Printer,Office Supplies,North,8,260,0.08,1913.6,535.81
3810,2025-06-08,Smart Speaker,Electronics,West,11,95,0.12,919.6,257.49
3811,2025-06-08,Plant Pot,Home Decor,South,11,30,0.05,313.5,87.78
3812,2025-06-08,Notebook Set,Office Supplies,South,6,18,0.08,99.36,27.82
3813,2025-06-08,Air Purifier,Home Decor,East,6,170,0.0,1020.0,285.6
3814,2025-06-08,Wireless Mouse,Electronics,West,3,45,0.08,124.2,34.78
3815,2025-06-08,Air Purifier,Home Decor,East,1,170,0.12,149.6,41.89
3816,2025-06-08,Inkjet Printer,Office Supplies,East,11,180,0.05,1881.0,526.68
3817,2025-06-08,Storage Cabinet,Furniture,West,1,280,0.2,224.0,62.72
3818,2025-06-09,Ergonomic Chair,Furniture,West,9,320,0.05,2736.0,766.08
3819,2025-06-09,Wireless Headset,Electronics,North,1,120,0.2,96.0,26.88
3820,2025-06-09,Executive Desk,Furniture,North,2,910,0.0,1820.0,509.6
3821,2025-06-09,Standing Desk,Furniture,South,4,550,0.12,1936.0,542.08
3822,2025-06-09,Inkjet Printer,Office Supplies,South,1,180,0.05,171.0,47.88
3823,2025-06-09,Air Purifier,Home Decor,South,11,170,0.12,1645.6,460.77
3824,2025-06-09,Tablet Air,Electronics,South,7,680,0.12,4188.8,1172.86
3825,2025-06-09,Executive Desk,Furniture,East,5,910,0.05,4322.5,1210.3
3826,2025-06-09,Notebook Set,Office Supplies,North,10,18,0.05,171.0,47.88
3827,2025-06-09,Color Printer,Office Supplies,West,7,260,0.18,1492.4,417.87
3828,2025-06-09,Air Purifier,Home Decor,North,9,170,0.05,1453.5,406.98
3829,2025-06-09,Plant Pot,Home Decor,North,3,30,0.12,79.2,22.18
3830,2025-06-09,Wireless Mouse,Electronics,East,11,45,0.12,435.6,121.97
3831,2025-06-09,Executive Desk,Furniture,East,5,910,0.12,4004.0,1121.12
3832,2025-06-09,Smart Speaker,Electronics,East,4,95,0.0,380.0,106.4
3833,2025-06-10,Plant Pot,Home Decor,North,9,30,0.12,237.6,66.53
3834,2025-06-10,Office Chair,Furniture,South,7,240,0.18,1377.6,385.73
3835,2025-06-10,Notebook Set,Office Supplies,East,9,18,0.0,162.0,45.36
3836,2025-06-10,Wireless Headset,Electronics,North,10,120,0.0,1200.0,336.0
3837,2025-06-10,Air Purifier,Home Decor,South,3,170,0.08,469.2,131.38
3838,2025-06-10,Projector,Office Supplies,North,6,680,0.2,3264.0,913.92
3839,2025-06-10,Executive Desk,Furniture,North,10,910,0.05,8645.0,2420.6
3840,2025-06-10,Ergonomic Chair,Furniture,South,2,320,0.12,563.2,157.7
3841,2025-06-10,4K Monitor,Electronics,North,4,420,0.2,1344.0,376.32
3842,2025-06-11,Wireless Headset,Electronics,North,10,120,0.08,1104.0,309.12
3843,2025-06-11,Plant Pot,Home Decor,North,11,30,0.18,270.6,75.77
3844,2025-06-11,Plant Pot,Home Decor,South,7,30,0.08,193.2,54.1
3845,2025-06-11,"Monitor 27""",Electronics,East,1,390,0.08,358.8,100.46
3846,2025-06-11,Standing Desk,Furniture,North,6,550,0.0,3300.0,924.0
3847,2025-06-11,Ergonomic Chair,Furniture,West,2,320,0.08,588.8,164.86
3848,2025-06-11,"Monitor 27""",Electronics,South,9,390,0.08,3229.2,904.18
3849,2025-06-11,Plant Pot,Home Decor,North,1,30,0.08,27.6,7.73
3850,2025-06-11,Wireless Mouse,Electronics,North,11,45,0.18,405.9,113.65
3851,2025-06-12,Plant Pot,Home Decor,South,4,30,0.08,110.4,30.91
3852,2025-06-12,Air Purifier,Home Decor,East,7,170,0.18,975.8,273.22
3853,2025-06-12,"Monitor 27""",Electronics,North,8,390,0.08,2870.4,803.71
3854,2025-06-12,Color Printer,Office Supplies,South,2,260,0.2,416.0,116.48
3855,2025-06-12,Standing Desk,Furniture,South,10,550,0.05,5225.0,1463.0
3856,2025-06-12,Desk Lamp,Home Decor,West,8,60,0.0,480.0,134.4
3857,2025-06-12,Inkjet Printer,Office Supplies,North,7,180,0.0,1260.0,352.8
3858,2025-06-12,Projector,Office Supplies,North,6,680,0.12,3590.4,1005.31
3859,2025-06-13,Storage Cabinet,Furniture,North,9,280,0.08,2318.4,649.15
3860,2025-06-13,Desk Lamp,Home Decor,West,11,60,0.12,580.8,162.62
3861,2025-06-13,Ergonomic Chair,Furniture,West,5,320,0.12,1408.0,394.24
3862,2025-06-13,4K Monitor,Electronics,East,4,420,0.12,1478.4,413.95
3863,2025-06-13,Standing Desk,Furniture,West,10,550,0.2,4400.0,1232.0
3864,2025-06-13,Storage Cabinet,Furniture,North,9,280,0.05,2394.0,670.32
3865,2025-06-13,Air Purifier,Home Decor,North,11,170,0.0,1870.0,523.6
3866,2025-06-13,Ergonomic Chair,Furniture,West,8,320,0.2,2048.0,573.44
3867,2025-06-14,Air Purifier,Home Decor,West,5,170,0.08,782.0,218.96
3868,2025-06-14,Air Purifier,Home Decor,West,7,170,0.2,952.0,266.56
3869,2025-06-14,Color Printer,Office Supplies,North,7,260,0.18,1492.4,417.87
3870,2025-06-14,Air Purifier,Home Decor,South,4,170,0.2,544.0,152.32
3871,2025-06-14,Plant Pot,Home Decor,South,11,30,0.05,313.5,87.78
3872,2025-06-14,Plant Pot,Home Decor,North,9,30,0.12,237.6,66.53
3873,2025-06-14,Projector,Office Supplies,South,6,680,0.12,3590.4,1005.31
3874,2025-06-14,Inkjet Printer,Office Supplies,East,5,180,0.12,792.0,221.76
3875,2025-06-14,Desk Lamp,Home Decor,East,11,60,0.18,541.2,151.54
3876,2025-06-14,Desk Lamp,Home Decor,South,11,60,0.12,580.8,162.62
3877,2025-06-14,Laptop Pro 14,Electronics,South,10,1200,0.0,12000.0,3360.0
3878,2025-06-14,Color Printer,Office Supplies,North,7,260,0.18,1492.4,417.87
3879,2025-06-14,Color Printer,Office Supplies,South,2,260,0.0,520.0,145.6
3880,2025-06-15,Notebook Set,Office Supplies,West,7,18,0.05,119.7,33.52
3881,2025-06-15,Plant Pot,Home Decor,West,4,30,0.08,110.4,30.91
3882,2025-06-15,Office Chair,Furniture,South,11,240,0.08,2428.8,680.06
3883,2025-06-15,Executive Desk,Furniture,East,4,910,0.0,3640.0,1019.2
3884,2025-06-15,Ergonomic Chair,Furniture,North,1,320,0.2,256.0,71.68
3885,2025-06-15,"Monitor 27""",Electronics,West,4,390,0.08,1435.2,401.86
3886,2025-06-15,Tablet Air,Electronics,East,10,680,0.2,5440.0,1523.2
3887,2025-06-15,Standing Desk,Furniture,South,2,550,0.12,968.0,271.04
3888,2025-06-15,4K Monitor,Electronics,East,3,420,0.2,1008.0,282.24
3889,2025-06-15,Desk Lamp,Home Decor,North,4,60,0.12,211.2,59.14
3890,2025-06-15,Plant Pot,Home Decor,East,4,30,0.05,114.0,31.92
3891,2025-06-16,"Monitor 27""",Electronics,South,4,390,0.18,1279.2,358.18
3892,2025-06-16,Executive Desk,Furniture,East,8,910,0.05,6916.0,1936.48
3893,2025-06-16,Plant Pot,Home Decor,South,10,30,0.08,276.0,77.28
3894,2025-06-16,Notebook Set,Office Supplies,East,10,18,0.18,147.6,41.33
3895,2025-06-16,Projector,Office Supplies,South,5,680,0.0,3400.0,952.0
3896,2025-06-16,Color Printer,Office Supplies,West,9,260,0.0,2340.0,655.2
3897,2025-06-16,Projector,Office Supplies,North,6,680,0.2,3264.0,913.92
3898,2025-06-16,Executive Desk,Furniture,East,8,910,0.12,6406.4,1793.79
3899,2025-06-16,Projector,Office Supplies,West,4,680,0.2,2176.0,609.28
3900,2025-06-16,Color Printer,Office Supplies,South,5,260,0.12,1144.0,320.32
3901,2025-06-16,Storage Cabinet,Furniture,West,5,280,0.12,1232.0,344.96
3902,2025-06-16,Wireless Mouse,Electronics,West,2,45,0.18,73.8,20.66
3903,2025-06-17,Office Chair,Furniture,South,11,240,0.05,2508.0,702.24
3904,2025-06-17,Storage Cabinet,Furniture,West,1,280,0.18,229.6,64.29
3905,2025-06-17,Laptop Pro 14,Electronics,East,2,1200,0.08,2208.0,618.24
3906,2025-06-17,Air Purifier,Home Decor,North,7,170,0.12,1047.2,293.22
3907,2025-06-17,Wireless Headset,Electronics,East,8,120,0.05,912.0,255.36
3908,2025-06-17,Executive Desk,Furniture,East,2,910,0.05,1729.0,484.12
3909,2025-06-17,Projector,Office Supplies,North,3,680,0.18,1672.8,468.38
3910,2025-06-17,Projector,Office Supplies,West,11,680,0.05,7106.0,1989.68
3911,2025-06-17,Storage Cabinet,Furniture,North,9,280,0.12,2217.6,620.93
3912,2025-06-17,Smart Speaker,Electronics,North,5,95,0.08,437.0,122.36
3913,2025-06-17,Office Chair,Furniture,North,7,240,0.08,1545.6,432.77
3914,2025-06-17,Office Chair,Furniture,West,1,240,0.08,220.8,61.82
3915,2025-06-17,"Monitor 27""",Electronics,East,5,390,0.05,1852.5,518.7
3916,2025-06-17,Storage Cabinet,Furniture,South,5,280,0.18,1148.0,321.44
3917,2025-06-17,Wireless Mouse,Electronics,East,8,45,0.05,342.0,95.76
3918,2025-06-17,USB-C Dock,Electronics,South,9,120,0.0,1080.0,302.4
3919,2025-06-17,USB-C Dock,Electronics,South,9,120,0.12,950.4,266.11
3920,2025-06-18,Smart Speaker,Electronics,West,3,95,0.12,250.8,70.22
3921,2025-06-18,Air Purifier,Home Decor,South,2,170,0.18,278.8,78.06
3922,2025-06-18,Inkjet Printer,Office Supplies,East,3,180,0.18,442.8,123.98
3923,2025-06-18,Inkjet Printer,Office Supplies,South,4,180,0.0,720.0,201.6
3924,2025-06-18,4K Monitor,Electronics,South,2,420,0.0,840.0,235.2
3925,2025-06-18,Office Chair,Furniture,South,11,240,0.08,2428.8,680.06
3926,2025-06-18,Air Purifier,Home Decor,North,1,170,0.2,136.0,38.08
3927,2025-06-18,Plant Pot,Home Decor,East,11,30,0.2,264.0,73.92
3928,2025-06-18,Office Chair,Furniture,East,11,240,0.0,2640.0,739.2
3929,2025-06-18,Notebook Set,Office Supplies,South,1,18,0.08,16.56,4.64
3930,2025-06-18,Desk Lamp,Home Decor,South,5,60,0.08,276.0,77.28
3931,2025-06-19,Standing Desk,Furniture,East,10,550,0.08,5060.0,1416.8
3932,2025-06-19,Wireless Mouse,Electronics,West,9,45,0.0,405.0,113.4
3933,2025-06-19,Smart Speaker,Electronics,South,9,95,0.0,855.0,239.4
3934,2025-06-19,Plant Pot,Home Decor,East,4,30,0.2,96.0,26.88
3935,2025-06-19,Storage Cabinet,Furniture,North,10,280,0.08,2576.0,721.28
3936,2025-06-19,Executive Desk,Furniture,East,8,910,0.08,6697.6,1875.33
3937,2025-06-19,Wireless Mouse,Electronics,North,7,45,0.12,277.2,77.62
3938,2025-06-19,Projector,Office Supplies,North,11,680,0.2,5984.0,1675.52
3939,2025-06-19,Color Printer,Office Supplies,North,2,260,0.0,520.0,145.6
3940,2025-06-19,Inkjet Printer,Office Supplies,North,2,180,0.0,360.0,100.8
3941,2025-06-19,Color Printer,Office Supplies,East,2,260,0.0,520.0,145.6
3942,2025-06-19,Tablet Air,Electronics,East,4,680,0.0,2720.0,761.6
3943,2025-06-19,Office Chair,Furniture,North,9,240,0.08,1987.2,556.42
3944,2025-06-19,4K Monitor,Electronics,East,8,420,0.0,3360.0,940.8
3945,2025-06-19,Executive Desk,Furniture,East,1,910,0.12,800.8,224.22
3946,2025-06-20,Plant Pot,Home Decor,West,8,30,0.0,240.0,67.2
3947,2025-06-20,4K Monitor,Electronics,North,2,420,0.08,772.8,216.38
3948,2025-06-20,Color Printer,Office Supplies,East,11,260,0.18,2345.2,656.66
3949,2025-06-20,Wireless Mouse,Electronics,North,5,45,0.08,207.0,57.96
3950,2025-06-20,Desk Lamp,Home Decor,North,10,60,0.05,570.0,159.6
3951,2025-06-20,Air Purifier,Home Decor,West,10,170,0.0,1700.0,476.0
3952,2025-06-20,Inkjet Printer,Office Supplies,East,9,180,0.12,1425.6,399.17
3953,2025-06-20,Office Chair,Furniture,East,10,240,0.05,2280.0,638.4
3954,2025-06-20,Plant Pot,Home Decor,South,10,30,0.08,276.0,77.28
3955,2025-06-20,Office Chair,Furniture,West,4,240,0.05,912.0,255.36
3956,2025-06-20,Wireless Mouse,Electronics,East,3,45,0.2,108.0,30.24
3957,2025-06-20,Wireless Headset,Electronics,East,7,120,0.0,840.0,235.2
3958,2025-06-20,Executive Desk,Furniture,South,10,910,0.12,8008.0,2242.24
3959,2025-06-20,Standing Desk,Furniture,North,6,550,0.08,3036.0,850.08
3960,2025-06-20,Air Purifier,Home Decor,North,7,170,0.08,1094.8,306.54
3961,2025-06-20,Wireless Headset,Electronics,East,1,120,0.08,110.4,30.91
3962,2025-06-20,Inkjet Printer,Office Supplies,South,2,180,0.05,342.0,95.76
3963,2025-06-21,Notebook Set,Office Supplies,South,3,18,0.08,49.68,13.91
3964,2025-06-21,USB-C Dock,Electronics,East,7,120,0.08,772.8,216.38
3965,2025-06-21,Storage Cabinet,Furniture,North,5,280,0.08,1288.0,360.64
3966,2025-06-21,Notebook Set,Office Supplies,South,10,18,0.2,144.0,40.32
3967,2025-06-21,Plant Pot,Home Decor,North,3,30,0.0,90.0,25.2
3968,2025-06-21,Air Purifier,Home Decor,West,9,170,0.08,1407.6,394.13
3969,2025-06-21,Office Chair,Furniture,West,6,240,0.2,1152.0,322.56
3970,2025-06-21,Ergonomic Chair,Furniture,West,5,320,0.18,1312.0,367.36
3971,2025-06-21,Storage Cabinet,Furniture,North,7,280,0.08,1803.2,504.9
3972,2025-06-21,Executive Desk,Furniture,North,2,910,0.2,1456.0,407.68
3973,2025-06-21,Color Printer,Office Supplies,North,7,260,0.08,1674.4,468.83
3974,2025-06-21,Notebook Set,Office Supplies,East,7,18,0.05,119.7,33.52
3975,2025-06-21,4K Monitor,Electronics,East,7,420,0.18,2410.8,675.02
3976,2025-06-21,Notebook Set,Office Supplies,South,10,18,0.05,171.0,47.88
3977,2025-06-21,Plant Pot,Home Decor,South,4,30,0.12,105.6,29.57
3978,2025-06-21,Smart Speaker,Electronics,East,4,95,0.2,304.0,85.12
3979,2025-06-21,Plant Pot,Home Decor,East,4,30,0.08,110.4,30.91
3980,2025-06-22,Standing Desk,Furniture,South,11,550,0.05,5747.5,1609.3
3981,2025-06-22,Executive Desk,Furniture,North,3,910,0.05,2593.5,726.18
3982,2025-06-22,Air Purifier,Home Decor,West,3,170,0.12,448.8,125.66
3983,2025-06-22,Projector,Office Supplies,North,9,680,0.05,5814.0,1627.92
3984,2025-06-22,Projector,Office Supplies,North,2,680,0.18,1115.2,312.26
3985,2025-06-22,Wireless Headset,Electronics,East,4,120,0.2,384.0,107.52
3986,2025-06-22,Plant Pot,Home Decor,North,2,30,0.0,60.0,16.8
3987,2025-06-22,Desk Lamp,Home Decor,East,3,60,0.2,144.0,40.32
3988,2025-06-22,Projector,Office Supplies,South,8,680,0.12,4787.2,1340.42
3989,2025-06-22,Ergonomic Chair,Furniture,South,11,320,0.18,2886.4,808.19
3990,2025-06-22,Color Printer,Office Supplies,South,11,260,0.05,2717.0,760.76
3991,2025-06-22,Notebook Set,Office Supplies,South,7,18,0.08,115.92,32.46
3992,2025-06-22,Desk Lamp,Home Decor,South,5,60,0.12,264.0,73.92
3993,2025-06-22,Plant Pot,Home Decor,East,7,30,0.0,210.0,58.8
3994,2025-06-23,Notebook Set,Office Supplies,East,8,18,0.2,115.2,32.26
3995,2025-06-23,"Monitor 27""",Electronics,North,7,390,0.12,2402.4,672.67
3996,2025-06-23,Office Chair,Furniture,East,5,240,0.0,1200.0,336.0
3997,2025-06-23,Office Chair,Furniture,South,11,240,0.12,2323.2,650.5
3998,2025-06-23,Inkjet Printer,Office Supplies,East,1,180,0.0,180.0,50.4
3999,2025-06-23,Ergonomic Chair,Furniture,East,5,320,0.05,1520.0,425.6
4000,2025-06-23,Color Printer,Office Supplies,North,5,260,0.18,1066.0,298.48
4001,2025-06-23,Plant Pot,Home Decor,West,8,30,0.08,220.8,61.82
4002,2025-06-23,Projector,Office Supplies,North,2,680,0.08,1251.2,350.34
4003,2025-06-23,Tablet Air,Electronics,West,7,680,0.2,3808.0,1066.24
4004,2025-06-23,Wireless Headset,Electronics,South,4,120,0.05,456.0,127.68
4005,2025-06-23,Color Printer,Office Supplies,North,7,260,0.2,1456.0,407.68
4006,2025-06-23,4K Monitor,Electronics,East,4,420,0.18,1377.6,385.73
4007,2025-06-23,Projector,Office Supplies,North,1,680,0.12,598.4,167.55
4008,2025-06-23,Storage Cabinet,Furniture,South,8,280,0.05,2128.0,595.84
4009,2025-06-23,Desk Lamp,Home Decor,North,1,60,0.2,48.0,13.44
4010,2025-06-23,"Monitor 27""",Electronics,East,6,390,0.05,2223.0,622.44
4011,2025-06-24,Inkjet Printer,Office Supplies,North,2,180,0.12,316.8,88.7
4012,2025-06-24,"Monitor 27""",Electronics,North,9,390,0.12,3088.8,864.86
4013,2025-06-24,Plant Pot,Home Decor,South,3,30,0.12,79.2,22.18
4014,2025-06-24,Plant Pot,Home Decor,West,7,30,0.18,172.2,48.22
4015,2025-06-24,4K Monitor,Electronics,South,4,420,0.05,1596.0,446.88
4016,2025-06-24,Air Purifier,Home Decor,North,5,170,0.18,697.0,195.16
4017,2025-06-24,Notebook Set,Office Supplies,South,5,18,0.05,85.5,23.94
4018,2025-06-24,Plant Pot,Home Decor,East,11,30,0.18,270.6,75.77
4019,2025-06-24,Plant Pot,Home Decor,North,9,30,0.18,221.4,61.99
4020,2025-06-25,Ergonomic Chair,Furniture,North,4,320,0.12,1126.4,315.39
4021,2025-06-25,Smart Speaker,Electronics,North,3,95,0.2,228.0,63.84
4022,2025-06-25,Projector,Office Supplies,South,7,680,0.2,3808.0,1066.24
4023,2025-06-25,Executive Desk,Furniture,East,10,910,0.2,7280.0,2038.4
4024,2025-06-25,Color Printer,Office Supplies,West,8,260,0.08,1913.6,535.81
4025,2025-06-25,Color Printer,Office Supplies,North,6,260,0.12,1372.8,384.38
4026,2025-06-25,Desk Lamp,Home Decor,North,11,60,0.12,580.8,162.62
4027,2025-06-25,Executive Desk,Furniture,South,5,910,0.2,3640.0,1019.2
4028,2025-06-25,Desk Lamp,Home Decor,South,10,60,0.05,570.0,159.6
4029,2025-06-25,Color Printer,Office Supplies,West,5,260,0.18,1066.0,298.48
4030,2025-06-25,Tablet Air,Electronics,North,8,680,0.05,5168.0,1447.04
4031,2025-06-25,Air Purifier,Home Decor,North,10,170,0.05,1615.0,452.2
4032,2025-06-25,Notebook Set,Office Supplies,North,3,18,0.12,47.52,13.31
4033,2025-06-25,Projector,Office Supplies,North,9,680,0.0,6120.0,1713.6
4034,2025-06-25,Standing Desk,Furniture,North,7,550,0.2,3080.0,862.4
4035,2025-06-26,Desk Lamp,Home Decor,North,4,60,0.18,196.8,55.1
4036,2025-06-26,Wireless Mouse,Electronics,West,1,45,0.2,36.0,10.08
4037,2025-06-26,Desk Lamp,Home Decor,East,1,60,0.08,55.2,15.46
4038,2025-06-26,Air Purifier,Home Decor,South,10,170,0.18,1394.0,390.32
4039,2025-06-26,USB-C Dock,Electronics,East,6,120,0.18,590.4,165.31
4040,2025-06-26,Desk Lamp,Home Decor,South,11,60,0.2,528.0,147.84
4041,2025-06-26,Color Printer,Office Supplies,North,5,260,0.05,1235.0,345.8
4042,2025-06-26,Projector,Office Supplies,North,11,680,0.0,7480.0,2094.4
4043,2025-06-26,4K Monitor,Electronics,North,9,420,0.18,3099.6,867.89
4044,2025-06-26,Standing Desk,Furniture,South,1,550,0.18,451.0,126.28
4045,2025-06-26,Air Purifier,Home Decor,West,9,170,0.2,1224.0,342.72
4046,2025-06-26,Desk Lamp,Home Decor,West,4,60,0.08,220.8,61.82
4047,2025-06-26,Plant Pot,Home Decor,South,2,30,0.05,57.0,15.96
4048,2025-06-26,Projector,Office Supplies,North,8,680,0.18,4460.8,1249.02
4049,2025-06-27,Plant Pot,Home Decor,South,11,30,0.2,264.0,73.92
4050,2025-06-27,Projector,Office Supplies,East,1,680,0.2,544.0,152.32
4051,2025-06-27,"Monitor 27""",Electronics,North,8,390,0.0,3120.0,873.6
4052,2025-06-27,Projector,Office Supplies,West,4,680,0.2,2176.0,609.28
4053,2025-06-27,Executive Desk,Furniture,East,1,910,0.0,910.0,254.8
4054,2025-06-27,4K Monitor,Electronics,West,5,420,0.2,1680.0,470.4
4055,2025-06-27,4K Monitor,Electronics,North,1,420,0.18,344.4,96.43
4056,2025-06-27,Storage Cabinet,Furniture,West,4,280,0.18,918.4,257.15
4057,2025-06-27,Wireless Mouse,Electronics,South,7,45,0.05,299.25,83.79
4058,2025-06-27,Wireless Headset,Electronics,South,5,120,0.05,570.0,159.6
4059,2025-06-27,Wireless Mouse,Electronics,East,1,45,0.05,42.75,11.97
4060,2025-06-27,Desk Lamp,Home Decor,East,4,60,0.2,192.0,53.76
4061,2025-06-27,Desk Lamp,Home Decor,East,5,60,0.2,240.0,67.2
4062,2025-06-27,Office Chair,Furniture,East,8,240,0.08,1766.4,494.59
4063,2025-06-27,Air Purifier,Home Decor,West,9,170,0.0,1530.0,428.4
4064,2025-06-27,Air Purifier,Home Decor,North,11,170,0.12,1645.6,460.77
4065,2025-06-28,Laptop Pro 14,Electronics,North,8,1200,0.18,7872.0,2204.16
4066,2025-06-28,Color Printer,Office Supplies,South,8,260,0.2,1664.0,465.92
4067,2025-06-28,"Monitor 27""",Electronics,West,10,390,0.2,3120.0,873.6
4068,2025-06-28,"Monitor 27""",Electronics,North,10,390,0.12,3432.0,960.96
4069,2025-06-28,Wireless Mouse,Electronics,East,9,45,0.2,324.0,90.72
4070,2025-06-28,Air Purifier,Home Decor,West,9,170,0.2,1224.0,342.72
4071,2025-06-28,Executive Desk,Furniture,West,2,910,0.18,1492.4,417.87
4072,2025-06-28,Standing Desk,Furniture,North,2,550,0.2,880.0,246.4
4073,2025-06-28,Plant Pot,Home Decor,East,8,30,0.12,211.2,59.14
4074,2025-06-28,Projector,Office Supplies,East,8,680,0.12,4787.2,1340.42
4075,2025-06-28,Office Chair,Furniture,South,9,240,0.12,1900.8,532.22
4076,2025-06-29,Air Purifier,Home Decor,East,7,170,0.12,1047.2,293.22
4077,2025-06-29,Executive Desk,Furniture,West,8,910,0.18,5969.6,1671.49
4078,2025-06-29,Desk Lamp,Home Decor,North,4,60,0.18,196.8,55.1
4079,2025-06-29,Desk Lamp,Home Decor,West,1,60,0.12,52.8,14.78
4080,2025-06-29,Color Printer,Office Supplies,East,6,260,0.12,1372.8,384.38
4081,2025-06-29,Projector,Office Supplies,North,4,680,0.08,2502.4,700.67
4082,2025-06-29,Laptop Pro 14,Electronics,South,4,1200,0.08,4416.0,1236.48
4083,2025-06-29,Color Printer,Office Supplies,South,10,260,0.08,2392.0,669.76
4084,2025-06-29,Notebook Set,Office Supplies,North,5,18,0.08,82.8,23.18
4085,2025-06-29,Standing Desk,Furniture,South,8,550,0.18,3608.0,1010.24
4086,2025-06-29,Laptop Pro 14,Electronics,East,6,1200,0.18,5904.0,1653.12
4087,2025-06-29,Executive Desk,Furniture,West,4,910,0.18,2984.8,835.74
4088,2025-06-29,Storage Cabinet,Furniture,East,7,280,0.12,1724.8,482.94
4089,2025-06-29,Wireless Mouse,Electronics,West,10,45,0.2,360.0,100.8
4090,2025-06-30,Desk Lamp,Home Decor,North,3,60,0.05,171.0,47.88
4091,2025-06-30,Office Chair,Furniture,South,7,240,0.05,1596.0,446.88
4092,2025-06-30,Color Printer,Office Supplies,North,6,260,0.0,1560.0,436.8
4093,2025-06-30,Air Purifier,Home Decor,West,10,170,0.05,1615.0,452.2
4094,2025-06-30,Notebook Set,Office Supplies,West,9,18,0.18,132.84,37.2
4095,2025-06-30,Air Purifier,Home Decor,West,2,170,0.0,340.0,95.2
4096,2025-06-30,Plant Pot,Home Decor,South,1,30,0.12,26.4,7.39
4097,2025-06-30,Air Purifier,Home Decor,East,8,170,0.12,1196.8,335.1
4098,2025-06-30,Ergonomic Chair,Furniture,West,3,320,0.08,883.2,247.3
4099,2025-06-30,Color Printer,Office Supplies,North,4,260,0.12,915.2,256.26
4100,2025-06-30,Color Printer,Office Supplies,West,8,260,0.12,1830.4,512.51
4101,2025-06-30,Storage Cabinet,Furniture,West,6,280,0.18,1377.6,385.73
4102,2025-06-30,Smart Speaker,Electronics,North,3,95,0.12,250.8,70.22
4103,2025-07-01,Inkjet Printer,Office Supplies,East,2,180,0.08,331.2,92.74
4104,2025-07-01,Wireless Mouse,Electronics,North,2,45,0.08,82.8,23.18
4105,2025-07-01,Color Printer,Office Supplies,South,2,260,0.0,520.0,145.6
4106,2025-07-01,Projector,Office Supplies,South,3,680,0.05,1938.0,542.64
4107,2025-07-01,Smart Speaker,Electronics,South,9,95,0.18,701.1,196.31
4108,2025-07-01,Desk Lamp,Home Decor,South,5,60,0.0,300.0,84.0
4109,2025-07-01,Storage Cabinet,Furniture,South,2,280,0.18,459.2,128.58
4110,2025-07-01,Air Purifier,Home Decor,North,2,170,0.2,272.0,76.16
4111,2025-07-01,Desk Lamp,Home Decor,South,6,60,0.12,316.8,88.7
4112,2025-07-01,Desk Lamp,Home Decor,North,8,60,0.18,393.6,110.21
4113,2025-07-01,Standing Desk,Furniture,North,10,550,0.08,5060.0,1416.8
4114,2025-07-01,Projector,Office Supplies,North,3,680,0.18,1672.8,468.38
4115,2025-07-01,Notebook Set,Office Supplies,East,2,18,0.18,29.52,8.27
4116,2025-07-01,Air Purifier,Home Decor,South,3,170,0.2,408.0,114.24
4117,2025-07-02,Notebook Set,Office Supplies,East,7,18,0.05,119.7,33.52
4118,2025-07-02,Plant Pot,Home Decor,East,11,30,0.12,290.4,81.31
4119,2025-07-02,USB-C Dock,Electronics,East,7,120,0.05,798.0,223.44
4120,2025-07-02,Inkjet Printer,Office Supplies,East,7,180,0.12,1108.8,310.46
4121,2025-07-02,Air Purifier,Home Decor,West,9,170,0.2,1224.0,342.72
4122,2025-07-02,Laptop Pro 14,Electronics,East,6,1200,0.18,5904.0,1653.12
4123,2025-07-02,Smart Speaker,Electronics,East,10,95,0.05,902.5,252.7
4124,2025-07-02,Ergonomic Chair,Furniture,South,2,320,0.12,563.2,157.7
4125,2025-07-02,Air Purifier,Home Decor,West,8,170,0.2,1088.0,304.64
4126,2025-07-02,Wireless Mouse,Electronics,North,11,45,0.12,435.6,121.97
4127,2025-07-02,Tablet Air,Electronics,South,7,680,0.05,4522.0,1266.16
4128,2025-07-02,Laptop Pro 14,Electronics,North,7,1200,0.0,8400.0,2352.0
4129,2025-07-02,USB-C Dock,Electronics,South,7,120,0.12,739.2,206.98
4130,2025-07-03,Plant Pot,Home Decor,East,7,30,0.12,184.8,51.74
4131,2025-07-03,Plant Pot,Home Decor,South,9,30,0.2,216.0,60.48
4132,2025-07-03,"Monitor 27""",Electronics,South,2,390,0.0,780.0,218.4
4133,2025-07-03,Color Printer,Office Supplies,East,5,260,0.18,1066.0,298.48
4134,2025-07-03,Projector,Office Supplies,South,3,680,0.08,1876.8,525.5
4135,2025-07-03,Inkjet Printer,Office Supplies,West,1,180,0.12,158.4,44.35
4136,2025-07-03,Storage Cabinet,Furniture,East,9,280,0.12,2217.6,620.93
4137,2025-07-03,Wireless Mouse,Electronics,South,8,45,0.05,342.0,95.76
4138,2025-07-03,Office Chair,Furniture,North,1,240,0.0,240.0,67.2
4139,2025-07-03,Desk Lamp,Home Decor,North,4,60,0.2,192.0,53.76
4140,2025-07-03,Notebook Set,Office Supplies,North,1,18,0.18,14.76,4.13
4141,2025-07-03,Laptop Pro 14,Electronics,South,7,1200,0.12,7392.0,2069.76
4142,2025-07-03,Plant Pot,Home Decor,South,5,30,0.0,150.0,42.0
4143,2025-07-03,Color Printer,Office Supplies,South,11,260,0.05,2717.0,760.76
4144,2025-07-03,Air Purifier,Home Decor,North,8,170,0.18,1115.2,312.26
4145,2025-07-03,Storage Cabinet,Furniture,West,2,280,0.0,560.0,156.8
4146,2025-07-03,Projector,Office Supplies,East,2,680,0.12,1196.8,335.1
4147,2025-07-04,Desk Lamp,Home Decor,South,7,60,0.18,344.4,96.43
4148,2025-07-04,Inkjet Printer,Office Supplies,East,1,180,0.08,165.6,46.37
4149,2025-07-04,Ergonomic Chair,Furniture,West,11,320,0.08,3238.4,906.75
4150,2025-07-04,Notebook Set,Office Supplies,South,8,18,0.18,118.08,33.06
4151,2025-07-04,Desk Lamp,Home Decor,West,11,60,0.12,580.8,162.62
4152,2025-07-04,"Monitor 27""",Electronics,West,7,390,0.2,2184.0,611.52
4153,2025-07-04,Plant Pot,Home Decor,West,4,30,0.18,98.4,27.55
4154,2025-07-04,Inkjet Printer,Office Supplies,North,2,180,0.12,316.8,88.7
4155,2025-07-04,Color Printer,Office Supplies,North,6,260,0.0,1560.0,436.8
4156,2025-07-04,"Monitor 27""",Electronics,East,8,390,0.2,2496.0,698.88
4157,2025-07-05,Executive Desk,Furniture,North,10,910,0.08,8372.0,2344.16
4158,2025-07-05,Air Purifier,Home Decor,East,11,170,0.0,1870.0,523.6
4159,2025-07-05,Wireless Headset,Electronics,East,2,120,0.18,196.8,55.1
4160,2025-07-05,4K Monitor,Electronics,North,5,420,0.18,1722.0,482.16
4161,2025-07-05,Color Printer,Office Supplies,East,11,260,0.08,2631.2,736.74
4162,2025-07-05,Desk Lamp,Home Decor,West,9,60,0.0,540.0,151.2
4163,2025-07-05,Projector,Office Supplies,North,10,680,0.0,6800.0,1904.0
4164,2025-07-05,Air Purifier,Home Decor,North,8,170,0.0,1360.0,380.8
4165,2025-07-05,Projector,Office Supplies,North,2,680,0.08,1251.2,350.34
4166,2025-07-05,Standing Desk,Furniture,South,3,550,0.0,1650.0,462.0
4167,2025-07-05,Standing Desk,Furniture,West,11,550,0.08,5566.0,1558.48
4168,2025-07-05,Desk Lamp,Home Decor,West,2,60,0.05,114.0,31.92
4169,2025-07-05,Notebook Set,Office Supplies,West,5,18,0.08,82.8,23.18
4170,2025-07-05,Executive Desk,Furniture,North,9,910,0.18,6715.8,1880.42
4171,2025-07-05,Air Purifier,Home Decor,West,6,170,0.08,938.4,262.75
4172,2025-07-05,Office Chair,Furniture,South,7,240,0.0,1680.0,470.4
4173,2025-07-06,Ergonomic Chair,Furniture,East,8,320,0.08,2355.2,659.46
4174,2025-07-06,USB-C Dock,Electronics,North,10,120,0.18,984.0,275.52
4175,2025-07-06,Laptop Pro 14,Electronics,North,5,1200,0.0,6000.0,1680.0
4176,2025-07-06,Plant Pot,Home Decor,East,7,30,0.05,199.5,55.86
4177,2025-07-06,Plant Pot,Home Decor,West,9,30,0.12,237.6,66.53
4178,2025-07-06,Desk Lamp,Home Decor,South,2,60,0.2,96.0,26.88
4179,2025-07-06,Office Chair,Furniture,South,11,240,0.2,2112.0,591.36
4180,2025-07-06,Ergonomic Chair,Furniture,West,3,320,0.0,960.0,268.8
4181,2025-07-06,Ergonomic Chair,Furniture,North,4,320,0.2,1024.0,286.72
4182,2025-07-06,Wireless Mouse,Electronics,South,1,45,0.0,45.0,12.6
4183,2025-07-06,Wireless Mouse,Electronics,West,2,45,0.12,79.2,22.18
4184,2025-07-07,Color Printer,Office Supplies,South,10,260,0.0,2600.0,728.0
4185,2025-07-07,Tablet Air,Electronics,North,3,680,0.05,1938.0,542.64
4186,2025-07-07,Wireless Mouse,Electronics,East,8,45,0.0,360.0,100.8
4187,2025-07-07,Plant Pot,Home Decor,East,9,30,0.12,237.6,66.53
4188,2025-07-07,Standing Desk,Furniture,North,10,550,0.08,5060.0,1416.8
4189,2025-07-07,Wireless Headset,Electronics,East,1,120,0.0,120.0,33.6
4190,2025-07-07,Wireless Mouse,Electronics,East,2,45,0.12,79.2,22.18
4191,2025-07-07,4K Monitor,Electronics,East,5,420,0.08,1932.0,540.96
4192,2025-07-07,Wireless Mouse,Electronics,East,1,45,0.12,39.6,11.09
4193,2025-07-07,Standing Desk,Furniture,East,7,550,0.18,3157.0,883.96
4194,2025-07-07,USB-C Dock,Electronics,West,3,120,0.2,288.0,80.64
4195,2025-07-07,Inkjet Printer,Office Supplies,West,11,180,0.05,1881.0,526.68
4196,2025-07-07,Plant Pot,Home Decor,North,1,30,0.08,27.6,7.73
4197,2025-07-07,Desk Lamp,Home Decor,East,1,60,0.12,52.8,14.78
4198,2025-07-07,Ergonomic Chair,Furniture,South,3,320,0.2,768.0,215.04
4199,2025-07-08,Standing Desk,Furniture,West,6,550,0.08,3036.0,850.08
4200,2025-07-08,Notebook Set,Office Supplies,East,10,18,0.08,165.6,46.37
4201,2025-07-08,Smart Speaker,Electronics,North,6,95,0.08,524.4,146.83
4202,2025-07-08,Wireless Headset,Electronics,North,4,120,0.2,384.0,107.52
4203,2025-07-08,Smart Speaker,Electronics,South,6,95,0.05,541.5,151.62
4204,2025-07-08,Plant Pot,Home Decor,West,6,30,0.0,180.0,50.4
4205,2025-07-08,Wireless Mouse,Electronics,South,4,45,0.12,158.4,44.35
4206,2025-07-08,Executive Desk,Furniture,South,3,910,0.05,2593.5,726.18
4207,2025-07-08,Office Chair,Furniture,North,4,240,0.2,768.0,215.04
4208,2025-07-08,Notebook Set,Office Supplies,West,3,18,0.0,54.0,15.12
4209,2025-07-08,Executive Desk,Furniture,North,9,910,0.0,8190.0,2293.2
4210,2025-07-08,Plant Pot,Home Decor,South,8,30,0.05,228.0,63.84
4211,2025-07-08,Color Printer,Office Supplies,East,5,260,0.18,1066.0,298.48
4212,2025-07-09,Executive Desk,Furniture,West,9,910,0.18,6715.8,1880.42
4213,2025-07-09,Air Purifier,Home Decor,South,8,170,0.05,1292.0,361.76
4214,2025-07-09,Office Chair,Furniture,South,10,240,0.08,2208.0,618.24
4215,2025-07-09,Wireless Mouse,Electronics,East,5,45,0.12,198.0,55.44
4216,2025-07-09,Laptop Pro 14,Electronics,North,4,1200,0.2,3840.0,1075.2
4217,2025-07-09,Wireless Headset,Electronics,North,7,120,0.2,672.0,188.16
4218,2025-07-09,Standing Desk,Furniture,East,4,550,0.2,1760.0,492.8
4219,2025-07-09,Desk Lamp,Home Decor,East,7,60,0.18,344.4,96.43
4220,2025-07-09,Office Chair,Furniture,South,1,240,0.18,196.8,55.1
4221,2025-07-09,Projector,Office Supplies,South,5,680,0.12,2992.0,837.76
4222,2025-07-09,Executive Desk,Furniture,South,9,910,0.08,7534.8,2109.74
4223,2025-07-09,4K Monitor,Electronics,East,8,420,0.12,2956.8,827.9
4224,2025-07-09,Office Chair,Furniture,South,11,240,0.08,2428.8,680.06
4225,2025-07-09,Wireless Mouse,Electronics,West,6,45,0.08,248.4,69.55
4226,2025-07-09,Desk Lamp,Home Decor,East,8,60,0.05,456.0,127.68
4227,2025-07-10,Notebook Set,Office Supplies,East,2,18,0.05,34.2,9.58
4228,2025-07-10,Color Printer,Office Supplies,West,7,260,0.0,1820.0,509.6
4229,2025-07-10,Plant Pot,Home Decor,North,10,30,0.05,285.0,79.8
4230,2025-07-10,Inkjet Printer,Office Supplies,West,1,180,0.0,180.0,50.4
4231,2025-07-10,Ergonomic Chair,Furniture,West,7,320,0.0,2240.0,627.2
4232,2025-07-10,Desk Lamp,Home Decor,West,11,60,0.0,660.0,184.8
4233,2025-07-10,Inkjet Printer,Office Supplies,South,4,180,0.12,633.6,177.41
4234,2025-07-10,Standing Desk,Furniture,South,2,550,0.2,880.0,246.4
4235,2025-07-11,Storage Cabinet,Furniture,North,4,280,0.2,896.0,250.88
4236,2025-07-11,Smart Speaker,Electronics,West,6,95,0.0,570.0,159.6
4237,2025-07-11,Executive Desk,Furniture,South,5,910,0.12,4004.0,1121.12
4238,2025-07-11,Projector,Office Supplies,North,4,680,0.0,2720.0,761.6
4239,2025-07-11,Color Printer,Office Supplies,South,8,260,0.08,1913.6,535.81
4240,2025-07-11,USB-C Dock,Electronics,South,5,120,0.08,552.0,154.56
4241,2025-07-11,Plant Pot,Home Decor,South,7,30,0.0,210.0,58.8
4242,2025-07-11,USB-C Dock,Electronics,East,8,120,0.0,960.0,268.8
4243,2025-07-11,Desk Lamp,Home Decor,North,4,60,0.05,228.0,63.84
4244,2025-07-11,Ergonomic Chair,Furniture,South,6,320,0.2,1536.0,430.08
4245,2025-07-11,Desk Lamp,Home Decor,West,10,60,0.18,492.0,137.76
4246,2025-07-11,"Monitor 27""",Electronics,South,2,390,0.0,780.0,218.4
4247,2025-07-11,Inkjet Printer,Office Supplies,West,8,180,0.0,1440.0,403.2
4248,2025-07-11,Desk Lamp,Home Decor,East,11,60,0.12,580.8,162.62
4249,2025-07-12,"Monitor 27""",Electronics,North,2,390,0.18,639.6,179.09
4250,2025-07-12,Smart Speaker,Electronics,East,2,95,0.05,180.5,50.54
4251,2025-07-12,Desk Lamp,Home Decor,West,4,60,0.12,211.2,59.14
4252,2025-07-12,"Monitor 27""",Electronics,North,10,390,0.05,3705.0,1037.4
4253,2025-07-12,"Monitor 27""",Electronics,South,4,390,0.08,1435.2,401.86
4254,2025-07-12,Office Chair,Furniture,East,11,240,0.2,2112.0,591.36
4255,2025-07-12,Projector,Office Supplies,North,11,680,0.08,6881.6,1926.85
4256,2025-07-12,Notebook Set,Office Supplies,North,10,18,0.08,165.6,46.37
4257,2025-07-13,Notebook Set,Office Supplies,South,8,18,0.18,118.08,33.06
4258,2025-07-13,Storage Cabinet,Furniture,West,3,280,0.0,840.0,235.2
4259,2025-07-13,Tablet Air,Electronics,South,1,680,0.05,646.0,180.88
4260,2025-07-13,Tablet Air,Electronics,South,1,680,0.05,646.0,180.88
4261,2025-07-13,Color Printer,Office Supplies,West,1,260,0.0,260.0,72.8
4262,2025-07-13,"Monitor 27""",Electronics,East,8,390,0.05,2964.0,829.92
4263,2025-07-13,Color Printer,Office Supplies,North,9,260,0.08,2152.8,602.78
4264,2025-07-13,"Monitor 27""",Electronics,West,8,390,0.05,2964.0,829.92
4265,2025-07-13,Desk Lamp,Home Decor,South,1,60,0.2,48.0,13.44
4266,2025-07-14,USB-C Dock,Electronics,West,6,120,0.05,684.0,191.52
4267,2025-07-14,Plant Pot,Home Decor,South,5,30,0.2,120.0,33.6
4268,2025-07-14,Color Printer,Office Supplies,West,11,260,0.2,2288.0,640.64
4269,2025-07-14,Air Purifier,Home Decor,West,8,170,0.0,1360.0,380.8
4270,2025-07-14,Tablet Air,Electronics,South,9,680,0.2,4896.0,1370.88
4271,2025-07-14,Projector,Office Supplies,South,5,680,0.2,2720.0,761.6
4272,2025-07-14,Plant Pot,Home Decor,West,6,30,0.2,144.0,40.32
4273,2025-07-14,Color Printer,Office Supplies,North,4,260,0.18,852.8,238.78
4274,2025-07-14,Plant Pot,Home Decor,North,8,30,0.08,220.8,61.82
4275,2025-07-14,Plant Pot,Home Decor,South,1,30,0.18,24.6,6.89
4276,2025-07-14,Plant Pot,Home Decor,South,10,30,0.0,300.0,84.0
4277,2025-07-14,Air Purifier,Home Decor,North,2,170,0.18,278.8,78.06
4278,2025-07-14,USB-C Dock,Electronics,North,6,120,0.08,662.4,185.47
4279,2025-07-14,Projector,Office Supplies,South,8,680,0.12,4787.2,1340.42
4280,2025-07-14,Plant Pot,Home Decor,North,5,30,0.18,123.0,34.44
4281,2025-07-14,Plant Pot,Home Decor,North,7,30,0.12,184.8,51.74
4282,2025-07-15,Tablet Air,Electronics,West,9,680,0.12,5385.6,1507.97
4283,2025-07-15,Ergonomic Chair,Furniture,North,3,320,0.08,883.2,247.3
4284,2025-07-15,Standing Desk,Furniture,West,3,550,0.12,1452.0,406.56
4285,2025-07-15,Ergonomic Chair,Furniture,West,9,320,0.2,2304.0,645.12
4286,2025-07-15,Storage Cabinet,Furniture,South,7,280,0.08,1803.2,504.9
4287,2025-07-15,Standing Desk,Furniture,East,8,550,0.12,3872.0,1084.16
4288,2025-07-15,Air Purifier,Home Decor,West,2,170,0.2,272.0,76.16
4289,2025-07-15,Ergonomic Chair,Furniture,South,4,320,0.2,1024.0,286.72
4290,2025-07-15,Projector,Office Supplies,West,5,680,0.18,2788.0,780.64
4291,2025-07-15,Inkjet Printer,Office Supplies,East,8,180,0.2,1152.0,322.56
4292,2025-07-15,Desk Lamp,Home Decor,West,2,60,0.18,98.4,27.55
4293,2025-07-16,Executive Desk,Furniture,South,10,910,0.08,8372.0,2344.16
4294,2025-07-16,Storage Cabinet,Furniture,South,11,280,0.0,3080.0,862.4
4295,2025-07-16,Projector,Office Supplies,South,7,680,0.08,4379.2,1226.18
4296,2025-07-16,Wireless Headset,Electronics,West,6,120,0.08,662.4,185.47
4297,2025-07-16,4K Monitor,Electronics,West,10,420,0.08,3864.0,1081.92
4298,2025-07-16,Inkjet Printer,Office Supplies,North,3,180,0.08,496.8,139.1
4299,2025-07-16,Notebook Set,Office Supplies,East,6,18,0.2,86.4,24.19
4300,2025-07-16,Standing Desk,Furniture,South,11,550,0.05,5747.5,1609.3
4301,2025-07-16,Projector,Office Supplies,South,8,680,0.05,5168.0,1447.04
4302,2025-07-16,Storage Cabinet,Furniture,East,10,280,0.05,2660.0,744.8
4303,2025-07-16,Office Chair,Furniture,South,6,240,0.18,1180.8,330.62
4304,2025-07-17,Desk Lamp,Home Decor,East,5,60,0.18,246.0,68.88
4305,2025-07-17,Notebook Set,Office Supplies,North,10,18,0.12,158.4,44.35
4306,2025-07-17,Standing Desk,Furniture,North,11,550,0.2,4840.0,1355.2
4307,2025-07-17,Storage Cabinet,Furniture,South,2,280,0.12,492.8,137.98
4308,2025-07-17,Projector,Office Supplies,South,3,680,0.0,2040.0,571.2
4309,2025-07-17,Executive Desk,Furniture,North,9,910,0.08,7534.8,2109.74
4310,2025-07-17,Desk Lamp,Home Decor,North,1,60,0.12,52.8,14.78
4311,2025-07-17,Projector,Office Supplies,West,2,680,0.05,1292.0,361.76
4312,2025-07-17,Wireless Mouse,Electronics,North,1,45,0.12,39.6,11.09
4313,2025-07-18,Wireless Mouse,Electronics,East,7,45,0.2,252.0,70.56
4314,2025-07-18,Smart Speaker,Electronics,South,8,95,0.0,760.0,212.8
4315,2025-07-18,"Monitor 27""",Electronics,North,5,390,0.18,1599.0,447.72
4316,2025-07-18,Inkjet Printer,Office Supplies,South,11,180,0.12,1742.4,487.87
4317,2025-07-18,Projector,Office Supplies,North,2,680,0.08,1251.2,350.34
4318,2025-07-18,Storage Cabinet,Furniture,North,10,280,0.12,2464.0,689.92
4319,2025-07-18,Notebook Set,Office Supplies,South,7,18,0.12,110.88,31.05
4320,2025-07-18,Color Printer,Office Supplies,South,9,260,0.05,2223.0,622.44
4321,2025-07-18,4K Monitor,Electronics,North,4,420,0.0,1680.0,470.4
4322,2025-07-19,Standing Desk,Furniture,South,11,550,0.0,6050.0,1694.0
4323,2025-07-19,Desk Lamp,Home Decor,East,5,60,0.05,285.0,79.8
4324,2025-07-19,USB-C Dock,Electronics,West,6,120,0.12,633.6,177.41
4325,2025-07-19,Inkjet Printer,Office Supplies,North,6,180,0.2,864.0,241.92
4326,2025-07-19,Office Chair,Furniture,West,3,240,0.12,633.6,177.41
4327,2025-07-19,Inkjet Printer,Office Supplies,East,11,180,0.12,1742.4,487.87
4328,2025-07-19,Air Purifier,Home Decor,West,10,170,0.05,1615.0,452.2
4329,2025-07-19,Smart Speaker,Electronics,North,8,95,0.12,668.8,187.26
4330,2025-07-19,Standing Desk,Furniture,East,5,550,0.18,2255.0,631.4
4331,2025-07-19,Laptop Pro 14,Electronics,North,4,1200,0.2,3840.0,1075.2
4332,2025-07-20,Storage Cabinet,Furniture,South,8,280,0.2,1792.0,501.76
4333,2025-07-20,Color Printer,Office Supplies,South,2,260,0.18,426.4,119.39
4334,2025-07-20,Desk Lamp,Home Decor,North,8,60,0.2,384.0,107.52
4335,2025-07-20,Smart Speaker,Electronics,East,4,95,0.18,311.6,87.25
4336,2025-07-20,Inkjet Printer,Office Supplies,North,7,180,0.08,1159.2,324.58
4337,2025-07-20,Desk Lamp,Home Decor,North,10,60,0.18,492.0,137.76
4338,2025-07-20,Projector,Office Supplies,West,10,680,0.18,5576.0,1561.28
4339,2025-07-20,Standing Desk,Furniture,East,9,550,0.2,3960.0,1108.8
4340,2025-07-20,Color Printer,Office Supplies,East,2,260,0.0,520.0,145.6
4341,2025-07-20,4K Monitor,Electronics,West,3,420,0.08,1159.2,324.58
4342,2025-07-20,Storage Cabinet,Furniture,South,4,280,0.18,918.4,257.15
4343,2025-07-20,Plant Pot,Home Decor,South,11,30,0.2,264.0,73.92
4344,2025-07-21,Notebook Set,Office Supplies,West,9,18,0.2,129.6,36.29
4345,2025-07-21,Plant Pot,Home Decor,North,8,30,0.08,220.8,61.82
4346,2025-07-21,Laptop Pro 14,Electronics,West,4,1200,0.05,4560.0,1276.8
4347,2025-07-21,Color Printer,Office Supplies,South,10,260,0.12,2288.0,640.64
4348,2025-07-21,Laptop Pro 14,Electronics,West,1,1200,0.0,1200.0,336.0
4349,2025-07-21,Inkjet Printer,Office Supplies,South,6,180,0.05,1026.0,287.28
4350,2025-07-21,Storage Cabinet,Furniture,East,8,280,0.2,1792.0,501.76
4351,2025-07-21,Laptop Pro 14,Electronics,South,7,1200,0.12,7392.0,2069.76
4352,2025-07-21,Air Purifier,Home Decor,West,3,170,0.0,510.0,142.8
4353,2025-07-21,Air Purifier,Home Decor,South,1,170,0.18,139.4,39.03
4354,2025-07-21,Projector,Office Supplies,East,9,680,0.18,5018.4,1405.15
4355,2025-07-21,Smart Speaker,Electronics,West,2,95,0.05,180.5,50.54
4356,2025-07-21,Plant Pot,Home Decor,North,1,30,0.08,27.6,7.73
4357,2025-07-21,Color Printer,Office Supplies,West,8,260,0.18,1705.6,477.57
4358,2025-07-21,Laptop Pro 14,Electronics,South,1,1200,0.2,960.0,268.8
4359,2025-07-22,Storage Cabinet,Furniture,North,10,280,0.05,2660.0,744.8
4360,2025-07-22,Laptop Pro 14,Electronics,North,11,1200,0.05,12540.0,3511.2
4361,2025-07-22,Storage Cabinet,Furniture,North,1,280,0.12,246.4,68.99
4362,2025-07-22,Wireless Mouse,Electronics,South,4,45,0.08,165.6,46.37
4363,2025-07-22,Plant Pot,Home Decor,East,9,30,0.0,270.0,75.6
4364,2025-07-22,Inkjet Printer,Office Supplies,East,2,180,0.08,331.2,92.74
4365,2025-07-22,4K Monitor,Electronics,East,1,420,0.12,369.6,103.49
4366,2025-07-22,Air Purifier,Home Decor,South,10,170,0.05,1615.0,452.2
4367,2025-07-22,Smart Speaker,Electronics,West,8,95,0.12,668.8,187.26
4368,2025-07-22,Inkjet Printer,Office Supplies,North,10,180,0.2,1440.0,403.2
4369,2025-07-23,USB-C Dock,Electronics,North,8,120,0.2,768.0,215.04
4370,2025-07-23,Storage Cabinet,Furniture,West,4,280,0.05,1064.0,297.92
4371,2025-07-23,Tablet Air,Electronics,West,1,680,0.18,557.6,156.13
4372,2025-07-23,Smart Speaker,Electronics,South,5,95,0.2,380.0,106.4
4373,2025-07-23,Notebook Set,Office Supplies,East,10,18,0.12,158.4,44.35
4374,2025-07-23,Smart Speaker,Electronics,South,6,95,0.08,524.4,146.83
4375,2025-07-23,Wireless Mouse,Electronics,East,11,45,0.12,435.6,121.97
4376,2025-07-23,Office Chair,Furniture,East,8,240,0.12,1689.6,473.09
4377,2025-07-24,Color Printer,Office Supplies,East,9,260,0.2,1872.0,524.16
4378,2025-07-24,Executive Desk,Furniture,North,6,910,0.2,4368.0,1223.04
4379,2025-07-24,Inkjet Printer,Office Supplies,East,4,180,0.08,662.4,185.47
4380,2025-07-24,USB-C Dock,Electronics,North,5,120,0.2,480.0,134.4
4381,2025-07-24,Desk Lamp,Home Decor,West,1,60,0.2,48.0,13.44
4382,2025-07-24,Office Chair,Furniture,West,7,240,0.12,1478.4,413.95
4383,2025-07-24,Notebook Set,Office Supplies,North,4,18,0.08,66.24,18.55
4384,2025-07-24,Inkjet Printer,Office Supplies,East,1,180,0.0,180.0,50.4
4385,2025-07-24,Air Purifier,Home Decor,West,4,170,0.12,598.4,167.55
4386,2025-07-24,Inkjet Printer,Office Supplies,East,8,180,0.08,1324.8,370.94
4387,2025-07-24,Storage Cabinet,Furniture,West,11,280,0.2,2464.0,689.92
4388,2025-07-24,Desk Lamp,Home Decor,West,3,60,0.2,144.0,40.32
4389,2025-07-24,Ergonomic Chair,Furniture,North,1,320,0.08,294.4,82.43
4390,2025-07-24,Notebook Set,Office Supplies,West,2,18,0.2,28.8,8.06
4391,2025-07-24,Storage Cabinet,Furniture,North,10,280,0.18,2296.0,642.88
4392,2025-07-25,USB-C Dock,Electronics,West,2,120,0.05,228.0,63.84
4393,2025-07-25,Notebook Set,Office Supplies,South,1,18,0.08,16.56,4.64
4394,2025-07-25,Inkjet Printer,Office Supplies,South,5,180,0.12,792.0,221.76
4395,2025-07-25,Wireless Mouse,Electronics,North,11,45,0.18,405.9,113.65
4396,2025-07-25,Laptop Pro 14,Electronics,South,2,1200,0.2,1920.0,537.6
4397,2025-07-25,Plant Pot,Home Decor,North,3,30,0.12,79.2,22.18
4398,2025-07-25,Desk Lamp,Home Decor,South,3,60,0.0,180.0,50.4
4399,2025-07-25,"Monitor 27""",Electronics,East,1,390,0.05,370.5,103.74
4400,2025-07-26,Desk Lamp,Home Decor,East,7,60,0.08,386.4,108.19
4401,2025-07-26,"Monitor 27""",Electronics,East,8,390,0.18,2558.4,716.35
4402,2025-07-26,Notebook Set,Office Supplies,East,10,18,0.12,158.4,44.35
4403,2025-07-26,Notebook Set,Office Supplies,West,5,18,0.05,85.5,23.94
4404,2025-07-26,Standing Desk,Furniture,West,8,550,0.05,4180.0,1170.4
4405,2025-07-26,Plant Pot,Home Decor,South,8,30,0.0,240.0,67.2
4406,2025-07-26,Projector,Office Supplies,East,3,680,0.18,1672.8,468.38
4407,2025-07-26,Executive Desk,Furniture,East,2,910,0.0,1820.0,509.6
4408,2025-07-26,Wireless Mouse,Electronics,South,1,45,0.2,36.0,10.08
4409,2025-07-26,Plant Pot,Home Decor,South,9,30,0.12,237.6,66.53
4410,2025-07-26,Projector,Office Supplies,East,8,680,0.12,4787.2,1340.42
4411,2025-07-26,Inkjet Printer,Office Supplies,East,11,180,0.08,1821.6,510.05
4412,2025-07-26,USB-C Dock,Electronics,West,11,120,0.12,1161.6,325.25
4413,2025-07-26,Plant Pot,Home Decor,South,5,30,0.05,142.5,39.9
4414,2025-07-26,Projector,Office Supplies,South,2,680,0.18,1115.2,312.26
4415,2025-07-26,Air Purifier,Home Decor,South,8,170,0.18,1115.2,312.26
4416,2025-07-26,Air Purifier,Home Decor,West,6,170,0.0,1020.0,285.6
4417,2025-07-27,Air Purifier,Home Decor,North,5,170,0.05,807.5,226.1
4418,2025-07-27,Executive Desk,Furniture,East,6,910,0.08,5023.2,1406.5
4419,2025-07-27,Color Printer,Office Supplies,North,2,260,0.08,478.4,133.95
4420,2025-07-27,Office Chair,Furniture,West,8,240,0.0,1920.0,537.6
4421,2025-07-27,"Monitor 27""",Electronics,East,8,390,0.0,3120.0,873.6
4422,2025-07-27,Desk Lamp,Home Decor,East,1,60,0.18,49.2,13.78
4423,2025-07-27,Notebook Set,Office Supplies,South,4,18,0.0,72.0,20.16
4424,2025-07-27,Air Purifier,Home Decor,West,4,170,0.12,598.4,167.55
4425,2025-07-27,Ergonomic Chair,Furniture,East,5,320,0.18,1312.0,367.36
4426,2025-07-28,4K Monitor,Electronics,West,9,420,0.08,3477.6,973.73
4427,2025-07-28,Standing Desk,Furniture,South,8,550,0.08,4048.0,1133.44
4428,2025-07-28,Standing Desk,Furniture,South,8,550,0.12,3872.0,1084.16
4429,2025-07-28,Projector,Office Supplies,North,4,680,0.12,2393.6,670.21
4430,2025-07-28,Office Chair,Furniture,North,2,240,0.08,441.6,123.65
4431,2025-07-28,Office Chair,Furniture,South,5,240,0.05,1140.0,319.2
4432,2025-07-28,Ergonomic Chair,Furniture,East,7,320,0.08,2060.8,577.02
4433,2025-07-28,Smart Speaker,Electronics,North,7,95,0.2,532.0,148.96
4434,2025-07-29,Standing Desk,Furniture,East,1,550,0.12,484.0,135.52
4435,2025-07-29,Office Chair,Furniture,East,9,240,0.08,1987.2,556.42
4436,2025-07-29,Desk Lamp,Home Decor,East,4,60,0.08,220.8,61.82
4437,2025-07-29,Desk Lamp,Home Decor,North,5,60,0.08,276.0,77.28
4438,2025-07-29,Standing Desk,Furniture,North,4,550,0.08,2024.0,566.72
4439,2025-07-29,"Monitor 27""",Electronics,South,1,390,0.05,370.5,103.74
4440,2025-07-29,Standing Desk,Furniture,West,1,550,0.12,484.0,135.52
4441,2025-07-29,Projector,Office Supplies,East,6,680,0.18,3345.6,936.77
4442,2025-07-29,Plant Pot,Home Decor,West,6,30,0.0,180.0,50.4
4443,2025-07-29,Projector,Office Supplies,North,1,680,0.2,544.0,152.32
4444,2025-07-29,Notebook Set,Office Supplies,West,5,18,0.05,85.5,23.94
4445,2025-07-29,Ergonomic Chair,Furniture,North,4,320,0.05,1216.0,340.48
4446,2025-07-29,Tablet Air,Electronics,North,11,680,0.0,7480.0,2094.4
4447,2025-07-29,Standing Desk,Furniture,South,7,550,0.0,3850.0,1078.0
4448,2025-07-29,Projector,Office Supplies,South,2,680,0.18,1115.2,312.26
4449,2025-07-29,Wireless Mouse,Electronics,South,3,45,0.0,135.0,37.8
4450,2025-07-30,Projector,Office Supplies,South,5,680,0.2,2720.0,761.6
4451,2025-07-30,Laptop Pro 14,Electronics,West,4,1200,0.2,3840.0,1075.2
4452,2025-07-30,Ergonomic Chair,Furniture,West,3,320,0.2,768.0,215.04
4453,2025-07-30,Laptop Pro 14,Electronics,East,7,1200,0.2,6720.0,1881.6
4454,2025-07-30,Air Purifier,Home Decor,East,4,170,0.18,557.6,156.13
4455,2025-07-30,Notebook Set,Office Supplies,West,4,18,0.08,66.24,18.55
4456,2025-07-30,Office Chair,Furniture,South,5,240,0.0,1200.0,336.0
4457,2025-07-30,Standing Desk,Furniture,East,10,550,0.08,5060.0,1416.8
4458,2025-07-30,Air Purifier,Home Decor,North,6,170,0.12,897.6,251.33
4459,2025-07-30,Office Chair,Furniture,South,1,240,0.12,211.2,59.14
4460,2025-07-30,Laptop Pro 14,Electronics,East,8,1200,0.05,9120.0,2553.6
4461,2025-07-30,Standing Desk,Furniture,South,7,550,0.12,3388.0,948.64
4462,2025-07-30,Standing Desk,Furniture,East,8,550,0.0,4400.0,1232.0
4463,2025-07-30,Notebook Set,Office Supplies,South,8,18,0.18,118.08,33.06
4464,2025-07-30,Projector,Office Supplies,North,10,680,0.08,6256.0,1751.68
4465,2025-07-31,Plant Pot,Home Decor,North,8,30,0.12,211.2,59.14
4466,2025-07-31,Notebook Set,Office Supplies,East,3,18,0.12,47.52,13.31
4467,2025-07-31,Projector,Office Supplies,West,3,680,0.0,2040.0,571.2
4468,2025-07-31,Projector,Office Supplies,North,6,680,0.08,3753.6,1051.01
4469,2025-07-31,Executive Desk,Furniture,South,6,910,0.2,4368.0,1223.04
4470,2025-07-31,Standing Desk,Furniture,West,4,550,0.18,1804.0,505.12
4471,2025-07-31,Desk Lamp,Home Decor,North,11,60,0.18,541.2,151.54
4472,2025-07-31,Office Chair,Furniture,West,9,240,0.05,2052.0,574.56
4473,2025-07-31,Inkjet Printer,Office Supplies,North,4,180,0.0,720.0,201.6
4474,2025-07-31,Wireless Headset,Electronics,East,5,120,0.05,570.0,159.6
4475,2025-07-31,Desk Lamp,Home Decor,East,3,60,0.0,180.0,50.4
4476,2025-08-01,4K Monitor,Electronics,South,8,420,0.2,2688.0,752.64
4477,2025-08-01,Plant Pot,Home Decor,South,6,30,0.0,180.0,50.4
4478,2025-08-01,Desk Lamp,Home Decor,South,7,60,0.18,344.4,96.43
4479,2025-08-01,Wireless Headset,Electronics,West,8,120,0.12,844.8,236.54
4480,2025-08-01,Wireless Headset,Electronics,West,6,120,0.12,633.6,177.41
4481,2025-08-01,Notebook Set,Office Supplies,South,9,18,0.2,129.6,36.29
4482,2025-08-01,Ergonomic Chair,Furniture,West,2,320,0.05,608.0,170.24
4483,2025-08-01,Smart Speaker,Electronics,East,4,95,0.2,304.0,85.12
4484,2025-08-01,Air Purifier,Home Decor,East,8,170,0.12,1196.8,335.1
4485,2025-08-02,Wireless Headset,Electronics,North,4,120,0.05,456.0,127.68
4486,2025-08-02,Projector,Office Supplies,North,7,680,0.05,4522.0,1266.16
4487,2025-08-02,"Monitor 27""",Electronics,East,3,390,0.08,1076.4,301.39
4488,2025-08-02,Desk Lamp,Home Decor,West,10,60,0.08,552.0,154.56
4489,2025-08-02,Color Printer,Office Supplies,South,5,260,0.05,1235.0,345.8
4490,2025-08-02,Wireless Mouse,Electronics,South,9,45,0.05,384.75,107.73
4491,2025-08-02,Laptop Pro 14,Electronics,East,3,1200,0.05,3420.0,957.6
4492,2025-08-02,Laptop Pro 14,Electronics,North,10,1200,0.2,9600.0,2688.0
4493,2025-08-02,Standing Desk,Furniture,North,4,550,0.08,2024.0,566.72
4494,2025-08-02,Inkjet Printer,Office Supplies,South,4,180,0.12,633.6,177.41
4495,2025-08-02,Notebook Set,Office Supplies,South,8,18,0.18,118.08,33.06
4496,2025-08-02,Color Printer,Office Supplies,East,5,260,0.12,1144.0,320.32
4497,2025-08-02,Ergonomic Chair,Furniture,North,4,320,0.0,1280.0,358.4
4498,2025-08-02,"Monitor 27""",Electronics,East,11,390,0.0,4290.0,1201.2
4499,2025-08-02,Plant Pot,Home Decor,East,8,30,0.2,192.0,53.76
4500,2025-08-02,4K Monitor,Electronics,North,10,420,0.12,3696.0,1034.88
4501,2025-08-02,Storage Cabinet,Furniture,North,9,280,0.18,2066.4,578.59
4502,2025-08-03,Projector,Office Supplies,West,5,680,0.18,2788.0,780.64
4503,2025-08-03,Executive Desk,Furniture,East,5,910,0.12,4004.0,1121.12
4504,2025-08-03,Executive Desk,Furniture,South,4,910,0.2,2912.0,815.36
4505,2025-08-03,Tablet Air,Electronics,North,3,680,0.0,2040.0,571.2
4506,2025-08-03,Wireless Mouse,Electronics,West,11,45,0.12,435.6,121.97
4507,2025-08-03,Tablet Air,Electronics,East,6,680,0.2,3264.0,913.92
4508,2025-08-03,Storage Cabinet,Furniture,West,6,280,0.18,1377.6,385.73
4509,2025-08-03,Projector,Office Supplies,South,1,680,0.08,625.6,175.17
4510,2025-08-03,Projector,Office Supplies,South,9,680,0.18,5018.4,1405.15
4511,2025-08-03,Air Purifier,Home Decor,West,8,170,0.08,1251.2,350.34
4512,2025-08-03,Executive Desk,Furniture,North,7,910,0.12,5605.6,1569.57
4513,2025-08-03,Inkjet Printer,Office Supplies,East,1,180,0.18,147.6,41.33
4514,2025-08-03,Air Purifier,Home Decor,West,4,170,0.0,680.0,190.4
4515,2025-08-03,Notebook Set,Office Supplies,South,8,18,0.12,126.72,35.48
4516,2025-08-03,Projector,Office Supplies,North,9,680,0.12,5385.6,1507.97
4517,2025-08-03,Ergonomic Chair,Furniture,East,7,320,0.08,2060.8,577.02
4518,2025-08-03,Smart Speaker,Electronics,South,3,95,0.12,250.8,70.22
4519,2025-08-04,Laptop Pro 14,Electronics,North,11,1200,0.18,10824.0,3030.72
4520,2025-08-04,"Monitor 27""",Electronics,East,11,390,0.12,3775.2,1057.06
4521,2025-08-04,Executive Desk,Furniture,East,8,910,0.0,7280.0,2038.4
4522,2025-08-04,Notebook Set,Office Supplies,West,10,18,0.12,158.4,44.35
4523,2025-08-04,Notebook Set,Office Supplies,West,3,18,0.05,51.3,14.36
4524,2025-08-04,Projector,Office Supplies,South,6,680,0.12,3590.4,1005.31
4525,2025-08-04,Ergonomic Chair,Furniture,West,5,320,0.18,1312.0,367.36
4526,2025-08-04,Air Purifier,Home Decor,East,11,170,0.18,1533.4,429.35
4527,2025-08-04,Air Purifier,Home Decor,West,10,170,0.2,1360.0,380.8
4528,2025-08-04,Color Printer,Office Supplies,West,5,260,0.0,1300.0,364.0
4529,2025-08-04,Desk Lamp,Home Decor,South,8,60,0.0,480.0,134.4
4530,2025-08-04,Storage Cabinet,Furniture,South,11,280,0.12,2710.4,758.91
4531,2025-08-04,Laptop Pro 14,Electronics,North,11,1200,0.05,12540.0,3511.2
4532,2025-08-04,Storage Cabinet,Furniture,North,9,280,0.12,2217.6,620.93
4533,2025-08-04,Storage Cabinet,Furniture,East,2,280,0.2,448.0,125.44
4534,2025-08-04,Notebook Set,Office Supplies,East,10,18,0.05,171.0,47.88
4535,2025-08-04,Color Printer,Office Supplies,West,7,260,0.18,1492.4,417.87
4536,2025-08-05,Desk Lamp,Home Decor,East,3,60,0.2,144.0,40.32
4537,2025-08-05,Plant Pot,Home Decor,East,10,30,0.0,300.0,84.0
4538,2025-08-05,Projector,Office Supplies,West,3,680,0.18,1672.8,468.38
4539,2025-08-05,Plant Pot,Home Decor,East,7,30,0.2,168.0,47.04
4540,2025-08-05,4K Monitor,Electronics,East,4,420,0.08,1545.6,432.77
4541,2025-08-05,Air Purifier,Home Decor,South,11,170,0.12,1645.6,460.77
4542,2025-08-05,USB-C Dock,Electronics,West,1,120,0.0,120.0,33.6
4543,2025-08-05,USB-C Dock,Electronics,North,11,120,0.0,1320.0,369.6
4544,2025-08-05,Laptop Pro 14,Electronics,West,10,1200,0.05,11400.0,3192.0
4545,2025-08-05,Projector,Office Supplies,West,2,680,0.2,1088.0,304.64
4546,2025-08-05,Air Purifier,Home Decor,East,5,170,0.2,680.0,190.4
4547,2025-08-05,Desk Lamp,Home Decor,East,5,60,0.18,246.0,68.88
4548,2025-08-05,4K Monitor,Electronics,East,7,420,0.05,2793.0,782.04
4549,2025-08-05,Notebook Set,Office Supplies,West,9,18,0.08,149.04,41.73
4550,2025-08-05,Air Purifier,Home Decor,North,1,170,0.05,161.5,45.22
4551,2025-08-06,Color Printer,Office Supplies,East,1,260,0.2,208.0,58.24
4552,2025-08-06,Desk Lamp,Home Decor,North,5,60,0.18,246.0,68.88
4553,2025-08-06,Notebook Set,Office Supplies,West,11,18,0.12,174.24,48.79
4554,2025-08-06,Ergonomic Chair,Furniture,North,6,320,0.0,1920.0,537.6
4555,2025-08-06,USB-C Dock,Electronics,East,11,120,0.12,1161.6,325.25
4556,2025-08-06,Air Purifier,Home Decor,South,11,170,0.08,1720.4,481.71
4557,2025-08-06,Notebook Set,Office Supplies,North,6,18,0.05,102.6,28.73
4558,2025-08-06,Notebook Set,Office Supplies,South,8,18,0.12,126.72,35.48
4559,2025-08-07,Air Purifier,Home Decor,North,7,170,0.05,1130.5,316.54
4560,2025-08-07,Storage Cabinet,Furniture,South,2,280,0.12,492.8,137.98
4561,2025-08-07,USB-C Dock,Electronics,East,2,120,0.0,240.0,67.2
4562,2025-08-07,Air Purifier,Home Decor,South,10,170,0.05,1615.0,452.2
4563,2025-08-07,Plant Pot,Home Decor,East,1,30,0.05,28.5,7.98
4564,2025-08-07,Standing Desk,Furniture,South,3,550,0.0,1650.0,462.0
4565,2025-08-07,Air Purifier,Home Decor,West,2,170,0.08,312.8,87.58
4566,2025-08-07,Storage Cabinet,Furniture,South,6,280,0.08,1545.6,432.77
4567,2025-08-07,Office Chair,Furniture,West,4,240,0.05,912.0,255.36
4568,2025-08-07,Inkjet Printer,Office Supplies,West,5,180,0.0,900.0,252.0
4569,2025-08-07,Wireless Mouse,Electronics,South,4,45,0.2,144.0,40.32
4570,2025-08-07,Plant Pot,Home Decor,West,7,30,0.05,199.5,55.86
4571,2025-08-07,Ergonomic Chair,Furniture,North,10,320,0.0,3200.0,896.0
4572,2025-08-07,Laptop Pro 14,Electronics,North,1,1200,0.08,1104.0,309.12
4573,2025-08-07,Standing Desk,Furniture,West,10,550,0.18,4510.0,1262.8
4574,2025-08-07,Projector,Office Supplies,South,5,680,0.0,3400.0,952.0
4575,2025-08-07,Notebook Set,Office Supplies,East,9,18,0.05,153.9,43.09
4576,2025-08-08,Storage Cabinet,Furniture,East,3,280,0.18,688.8,192.86
4577,2025-08-08,Ergonomic Chair,Furniture,West,3,320,0.08,883.2,247.3
4578,2025-08-08,Desk Lamp,Home Decor,North,4,60,0.2,192.0,53.76
4579,2025-08-08,Air Purifier,Home Decor,South,10,170,0.08,1564.0,437.92
4580,2025-08-08,Air Purifier,Home Decor,North,11,170,0.12,1645.6,460.77
4581,2025-08-08,Projector,Office Supplies,North,9,680,0.05,5814.0,1627.92
4582,2025-08-08,Standing Desk,Furniture,North,11,550,0.05,5747.5,1609.3
4583,2025-08-08,Ergonomic Chair,Furniture,East,7,320,0.12,1971.2,551.94
4584,2025-08-08,Desk Lamp,Home Decor,West,11,60,0.18,541.2,151.54
4585,2025-08-08,Laptop Pro 14,Electronics,East,6,1200,0.05,6840.0,1915.2
4586,2025-08-08,Standing Desk,Furniture,North,9,550,0.0,4950.0,1386.0
4587,2025-08-08,Desk Lamp,Home Decor,West,3,60,0.18,147.6,41.33
4588,2025-08-08,Projector,Office Supplies,North,9,680,0.05,5814.0,1627.92
4589,2025-08-08,Standing Desk,Furniture,West,8,550,0.2,3520.0,985.6
4590,2025-08-09,Laptop Pro 14,Electronics,South,2,1200,0.2,1920.0,537.6
4591,2025-08-09,Desk Lamp,Home Decor,East,8,60,0.18,393.6,110.21
4592,2025-08-09,USB-C Dock,Electronics,West,9,120,0.12,950.4,266.11
4593,2025-08-09,Desk Lamp,Home Decor,South,5,60,0.18,246.0,68.88
4594,2025-08-09,Plant Pot,Home Decor,South,8,30,0.18,196.8,55.1
4595,2025-08-09,Executive Desk,Furniture,North,4,910,0.2,2912.0,815.36
4596,2025-08-09,Projector,Office Supplies,North,4,680,0.2,2176.0,609.28
4597,2025-08-09,Air Purifier,Home Decor,South,9,170,0.08,1407.6,394.13
4598,2025-08-09,Air Purifier,Home Decor,South,4,170,0.2,544.0,152.32
4599,2025-08-09,Ergonomic Chair,Furniture,East,11,320,0.0,3520.0,985.6
4600,2025-08-09,Desk Lamp,Home Decor,North,4,60,0.08,220.8,61.82
4601,2025-08-09,Color Printer,Office Supplies,North,6,260,0.05,1482.0,414.96
4602,2025-08-09,Executive Desk,Furniture,West,2,910,0.12,1601.6,448.45
4603,2025-08-10,Executive Desk,Furniture,North,9,910,0.08,7534.8,2109.74
4604,2025-08-10,Tablet Air,Electronics,West,7,680,0.18,3903.2,1092.9
4605,2025-08-10,Laptop Pro 14,Electronics,South,9,1200,0.08,9936.0,2782.08
4606,2025-08-10,Inkjet Printer,Office Supplies,East,3,180,0.12,475.2,133.06
4607,2025-08-10,Wireless Headset,Electronics,North,11,120,0.2,1056.0,295.68
4608,2025-08-10,Projector,Office Supplies,West,2,680,0.18,1115.2,312.26
4609,2025-08-10,Office Chair,Furniture,West,11,240,0.08,2428.8,680.06
4610,2025-08-10,Smart Speaker,Electronics,North,11,95,0.12,919.6,257.49
4611,2025-08-10,Ergonomic Chair,Furniture,North,7,320,0.08,2060.8,577.02
4612,2025-08-10,Plant Pot,Home Decor,West,1,30,0.08,27.6,7.73
4613,2025-08-10,Executive Desk,Furniture,East,3,910,0.08,2511.6,703.25
4614,2025-08-10,Inkjet Printer,Office Supplies,North,2,180,0.12,316.8,88.7
4615,2025-08-11,Notebook Set,Office Supplies,East,3,18,0.12,47.52,13.31
4616,2025-08-11,Desk Lamp,Home Decor,North,1,60,0.08,55.2,15.46
4617,2025-08-11,4K Monitor,Electronics,West,11,420,0.2,3696.0,1034.88
4618,2025-08-11,Inkjet Printer,Office Supplies,South,3,180,0.2,432.0,120.96
4619,2025-08-11,Storage Cabinet,Furniture,East,5,280,0.08,1288.0,360.64
4620,2025-08-11,Wireless Mouse,Electronics,North,5,45,0.2,180.0,50.4
4621,2025-08-11,Executive Desk,Furniture,South,4,910,0.0,3640.0,1019.2
4622,2025-08-11,Color Printer,Office Supplies,South,6,260,0.08,1435.2,401.86
4623,2025-08-11,Executive Desk,Furniture,East,1,910,0.08,837.2,234.42
4624,2025-08-11,Executive Desk,Furniture,South,11,910,0.12,8808.8,2466.46
4625,2025-08-12,Office Chair,Furniture,South,8,240,0.18,1574.4,440.83
4626,2025-08-12,Notebook Set,Office Supplies,South,4,18,0.08,66.24,18.55
4627,2025-08-12,Plant Pot,Home Decor,East,11,30,0.2,264.0,73.92
4628,2025-08-12,Projector,Office Supplies,South,7,680,0.12,4188.8,1172.86
4629,2025-08-12,Wireless Mouse,Electronics,West,2,45,0.08,82.8,23.18
4630,2025-08-12,Color Printer,Office Supplies,East,11,260,0.18,2345.2,656.66
4631,2025-08-12,Desk Lamp,Home Decor,West,7,60,0.12,369.6,103.49
4632,2025-08-12,Air Purifier,Home Decor,North,11,170,0.18,1533.4,429.35
4633,2025-08-12,Air Purifier,Home Decor,West,4,170,0.05,646.0,180.88
4634,2025-08-13,Storage Cabinet,Furniture,South,3,280,0.0,840.0,235.2
4635,2025-08-13,Projector,Office Supplies,North,6,680,0.12,3590.4,1005.31
4636,2025-08-13,Notebook Set,Office Supplies,East,1,18,0.05,17.1,4.79
4637,2025-08-13,Office Chair,Furniture,North,9,240,0.2,1728.0,483.84
4638,2025-08-13,Plant Pot,Home Decor,North,3,30,0.18,73.8,20.66
4639,2025-08-13,Wireless Headset,Electronics,South,9,120,0.12,950.4,266.11
4640,2025-08-13,Projector,Office Supplies,West,5,680,0.12,2992.0,837.76
4641,2025-08-13,Projector,Office Supplies,South,5,680,0.2,2720.0,761.6
4642,2025-08-13,Desk Lamp,Home Decor,North,4,60,0.08,220.8,61.82
4643,2025-08-14,Projector,Office Supplies,North,6,680,0.18,3345.6,936.77
4644,2025-08-14,Plant Pot,Home Decor,West,1,30,0.05,28.5,7.98
4645,2025-08-14,Air Purifier,Home Decor,West,7,170,0.12,1047.2,293.22
4646,2025-08-14,Color Printer,Office Supplies,East,4,260,0.2,832.0,232.96
4647,2025-08-14,Executive Desk,Furniture,East,6,910,0.12,4804.8,1345.34
4648,2025-08-14,Laptop Pro 14,Electronics,South,5,1200,0.2,4800.0,1344.0
4649,2025-08-14,Air Purifier,Home Decor,South,1,170,0.18,139.4,39.03
4650,2025-08-14,Desk Lamp,Home Decor,West,11,60,0.12,580.8,162.62
4651,2025-08-14,Wireless Mouse,Electronics,West,7,45,0.0,315.0,88.2
4652,2025-08-14,4K Monitor,Electronics,South,4,420,0.12,1478.4,413.95
4653,2025-08-14,Office Chair,Furniture,East,4,240,0.05,912.0,255.36
4654,2025-08-14,Desk Lamp,Home Decor,West,4,60,0.0,240.0,67.2
4655,2025-08-14,Plant Pot,Home Decor,West,8,30,0.05,228.0,63.84
4656,2025-08-14,Plant Pot,Home Decor,South,4,30,0.12,105.6,29.57
4657,2025-08-14,Color Printer,Office Supplies,South,9,260,0.0,2340.0,655.2
4658,2025-08-15,Wireless Mouse,Electronics,East,2,45,0.18,73.8,20.66
4659,2025-08-15,Smart Speaker,Electronics,West,2,95,0.2,152.0,42.56
4660,2025-08-15,Executive Desk,Furniture,West,2,910,0.05,1729.0,484.12
4661,2025-08-15,Projector,Office Supplies,North,3,680,0.08,1876.8,525.5
4662,2025-08-15,Laptop Pro 14,Electronics,North,10,1200,0.18,9840.0,2755.2
4663,2025-08-15,USB-C Dock,Electronics,East,7,120,0.2,672.0,188.16
4664,2025-08-15,Color Printer,Office Supplies,North,1,260,0.12,228.8,64.06
4665,2025-08-15,Desk Lamp,Home Decor,East,3,60,0.08,165.6,46.37
4666,2025-08-15,Desk Lamp,Home Decor,North,10,60,0.2,480.0,134.4
4667,2025-08-15,Storage Cabinet,Furniture,East,9,280,0.08,2318.4,649.15
4668,2025-08-15,Wireless Mouse,Electronics,West,9,45,0.18,332.1,92.99
4669,2025-08-15,Smart Speaker,Electronics,South,3,95,0.08,262.2,73.42
4670,2025-08-15,Inkjet Printer,Office Supplies,North,5,180,0.18,738.0,206.64
4671,2025-08-15,Inkjet Printer,Office Supplies,South,7,180,0.05,1197.0,335.16
4672,2025-08-15,Air Purifier,Home Decor,North,11,170,0.0,1870.0,523.6
4673,2025-08-16,Inkjet Printer,Office Supplies,North,1,180,0.18,147.6,41.33
4674,2025-08-16,"Monitor 27""",Electronics,South,11,390,0.2,3432.0,960.96
4675,2025-08-16,Air Purifier,Home Decor,East,4,170,0.0,680.0,190.4
4676,2025-08-16,Desk Lamp,Home Decor,South,2,60,0.05,114.0,31.92
4677,2025-08-16,Inkjet Printer,Office Supplies,East,3,180,0.0,540.0,151.2
4678,2025-08-16,Desk Lamp,Home Decor,South,4,60,0.12,211.2,59.14
4679,2025-08-16,Inkjet Printer,Office Supplies,West,10,180,0.05,1710.0,478.8
4680,2025-08-16,Projector,Office Supplies,South,1,680,0.0,680.0,190.4
4681,2025-08-16,Projector,Office Supplies,North,7,680,0.08,4379.2,1226.18
4682,2025-08-16,Executive Desk,Furniture,West,3,910,0.0,2730.0,764.4
4683,2025-08-16,Storage Cabinet,Furniture,East,6,280,0.0,1680.0,470.4
4684,2025-08-16,Executive Desk,Furniture,South,7,910,0.05,6051.5,1694.42
4685,2025-08-17,Wireless Mouse,Electronics,North,7,45,0.0,315.0,88.2
4686,2025-08-17,Projector,Office Supplies,East,7,680,0.0,4760.0,1332.8
4687,2025-08-17,Office Chair,Furniture,South,10,240,0.18,1968.0,551.04
4688,2025-08-17,Standing Desk,Furniture,North,4,550,0.05,2090.0,585.2
4689,2025-08-17,Color Printer,Office Supplies,South,8,260,0.18,1705.6,477.57
4690,2025-08-17,Projector,Office Supplies,South,10,680,0.08,6256.0,1751.68
4691,2025-08-17,Smart Speaker,Electronics,North,11,95,0.05,992.75,277.97
4692,2025-08-17,Air Purifier,Home Decor,South,11,170,0.2,1496.0,418.88
4693,2025-08-17,Desk Lamp,Home Decor,South,1,60,0.2,48.0,13.44
4694,2025-08-17,Desk Lamp,Home Decor,North,10,60,0.05,570.0,159.6
4695,2025-08-17,Color Printer,Office Supplies,North,1,260,0.0,260.0,72.8
4696,2025-08-18,Desk Lamp,Home Decor,South,5,60,0.08,276.0,77.28
4697,2025-08-18,Inkjet Printer,Office Supplies,East,5,180,0.12,792.0,221.76
4698,2025-08-18,Plant Pot,Home Decor,North,6,30,0.0,180.0,50.4
4699,2025-08-18,Tablet Air,Electronics,South,7,680,0.18,3903.2,1092.9
4700,2025-08-18,"Monitor 27""",Electronics,North,6,390,0.05,2223.0,622.44
4701,2025-08-18,Plant Pot,Home Decor,North,1,30,0.0,30.0,8.4
4702,2025-08-18,Smart Speaker,Electronics,East,10,95,0.2,760.0,212.8
4703,2025-08-18,Air Purifier,Home Decor,South,5,170,0.12,748.0,209.44
4704,2025-08-18,Executive Desk,Furniture,West,3,910,0.18,2238.6,626.81
4705,2025-08-18,Desk Lamp,Home Decor,South,3,60,0.05,171.0,47.88
4706,2025-08-18,Executive Desk,Furniture,East,3,910,0.12,2402.4,672.67
4707,2025-08-18,Plant Pot,Home Decor,North,11,30,0.18,270.6,75.77
4708,2025-08-18,Projector,Office Supplies,East,6,680,0.05,3876.0,1085.28
4709,2025-08-18,Air Purifier,Home Decor,South,9,170,0.18,1254.6,351.29
4710,2025-08-18,Smart Speaker,Electronics,East,7,95,0.12,585.2,163.86
4711,2025-08-18,Office Chair,Furniture,South,3,240,0.0,720.0,201.6
4712,2025-08-18,Air Purifier,Home Decor,South,3,170,0.0,510.0,142.8
4713,2025-08-19,USB-C Dock,Electronics,North,2,120,0.05,228.0,63.84
4714,2025-08-19,Inkjet Printer,Office Supplies,North,9,180,0.08,1490.4,417.31
4715,2025-08-19,Wireless Headset,Electronics,West,6,120,0.0,720.0,201.6
4716,2025-08-19,Ergonomic Chair,Furniture,West,11,320,0.2,2816.0,788.48
4717,2025-08-19,Desk Lamp,Home Decor,East,9,60,0.18,442.8,123.98
4718,2025-08-19,Notebook Set,Office Supplies,West,1,18,0.08,16.56,4.64
4719,2025-08-19,Office Chair,Furniture,North,6,240,0.08,1324.8,370.94
4720,2025-08-19,Smart Speaker,Electronics,South,11,95,0.08,961.4,269.19
4721,2025-08-19,Air Purifier,Home Decor,West,10,170,0.18,1394.0,390.32
4722,2025-08-20,Wireless Headset,Electronics,North,9,120,0.12,950.4,266.11
4723,2025-08-20,Desk Lamp,Home Decor,South,5,60,0.12,264.0,73.92
4724,2025-08-20,Storage Cabinet,Furniture,South,6,280,0.05,1596.0,446.88
4725,2025-08-20,Inkjet Printer,Office Supplies,South,5,180,0.0,900.0,252.0
4726,2025-08-20,Color Printer,Office Supplies,West,4,260,0.12,915.2,256.26
4727,2025-08-20,Color Printer,Office Supplies,East,9,260,0.2,1872.0,524.16
4728,2025-08-20,Laptop Pro 14,Electronics,East,6,1200,0.08,6624.0,1854.72
4729,2025-08-20,USB-C Dock,Electronics,East,1,120,0.12,105.6,29.57
4730,2025-08-20,Desk Lamp,Home Decor,West,4,60,0.0,240.0,67.2
4731,2025-08-20,Notebook Set,Office Supplies,North,2,18,0.2,28.8,8.06
4732,2025-08-20,Plant Pot,Home Decor,East,4,30,0.05,114.0,31.92
4733,2025-08-20,Air Purifier,Home Decor,South,4,170,0.18,557.6,156.13
4734,2025-08-20,Storage Cabinet,Furniture,South,5,280,0.12,1232.0,344.96
4735,2025-08-20,"Monitor 27""",Electronics,South,4,390,0.08,1435.2,401.86
4736,2025-08-20,Storage Cabinet,Furniture,West,6,280,0.12,1478.4,413.95
4737,2025-08-21,Plant Pot,Home Decor,East,2,30,0.18,49.2,13.78
4738,2025-08-21,Storage Cabinet,Furniture,North,9,280,0.08,2318.4,649.15
4739,2025-08-21,Office Chair,Furniture,North,6,240,0.0,1440.0,403.2
4740,2025-08-21,Wireless Mouse,Electronics,North,11,45,0.08,455.4,127.51
4741,2025-08-21,Plant Pot,Home Decor,West,1,30,0.0,30.0,8.4
4742,2025-08-21,4K Monitor,Electronics,East,9,420,0.2,3024.0,846.72
4743,2025-08-21,Executive Desk,Furniture,East,6,910,0.12,4804.8,1345.34
4744,2025-08-21,Standing Desk,Furniture,North,6,550,0.12,2904.0,813.12
4745,2025-08-21,Color Printer,Office Supplies,North,5,260,0.08,1196.0,334.88
4746,2025-08-21,Desk Lamp,Home Decor,East,9,60,0.08,496.8,139.1
4747,2025-08-22,Projector,Office Supplies,East,7,680,0.0,4760.0,1332.8
4748,2025-08-22,Notebook Set,Office Supplies,East,8,18,0.12,126.72,35.48
4749,2025-08-22,Standing Desk,Furniture,East,8,550,0.08,4048.0,1133.44
4750,2025-08-22,Projector,Office Supplies,East,1,680,0.2,544.0,152.32
4751,2025-08-22,Executive Desk,Furniture,West,4,910,0.12,3203.2,896.9
4752,2025-08-22,4K Monitor,Electronics,North,6,420,0.08,2318.4,649.15
4753,2025-08-22,"Monitor 27""",Electronics,West,2,390,0.05,741.0,207.48
4754,2025-08-22,Wireless Mouse,Electronics,North,7,45,0.18,258.3,72.32
4755,2025-08-22,Projector,Office Supplies,East,5,680,0.2,2720.0,761.6
4756,2025-08-22,Wireless Headset,Electronics,North,9,120,0.0,1080.0,302.4
4757,2025-08-22,"Monitor 27""",Electronics,East,1,390,0.05,370.5,103.74
4758,2025-08-22,Executive Desk,Furniture,West,7,910,0.12,5605.6,1569.57
4759,2025-08-22,Office Chair,Furniture,North,2,240,0.05,456.0,127.68
4760,2025-08-22,Ergonomic Chair,Furniture,West,8,320,0.08,2355.2,659.46
4761,2025-08-22,Wireless Headset,Electronics,South,11,120,0.08,1214.4,340.03
4762,2025-08-22,Projector,Office Supplies,South,6,680,0.12,3590.4,1005.31
4763,2025-08-22,Standing Desk,Furniture,South,2,550,0.18,902.0,252.56
4764,2025-08-23,Office Chair,Furniture,East,8,240,0.18,1574.4,440.83
4765,2025-08-23,Executive Desk,Furniture,North,7,910,0.18,5223.4,1462.55
4766,2025-08-23,Air Purifier,Home Decor,North,4,170,0.12,598.4,167.55
4767,2025-08-23,Executive Desk,Furniture,West,3,910,0.2,2184.0,611.52
4768,2025-08-23,Air Purifier,Home Decor,North,4,170,0.0,680.0,190.4
4769,2025-08-23,Wireless Mouse,Electronics,South,1,45,0.05,42.75,11.97
4770,2025-08-23,Air Purifier,Home Decor,West,1,170,0.12,149.6,41.89
4771,2025-08-23,Notebook Set,Office Supplies,West,5,18,0.2,72.0,20.16
4772,2025-08-24,Notebook Set,Office Supplies,West,7,18,0.0,126.0,35.28
4773,2025-08-24,Laptop Pro 14,Electronics,North,1,1200,0.2,960.0,268.8
4774,2025-08-24,Desk Lamp,Home Decor,West,8,60,0.0,480.0,134.4
4775,2025-08-24,Notebook Set,Office Supplies,West,5,18,0.0,90.0,25.2
4776,2025-08-24,Executive Desk,Furniture,West,7,910,0.0,6370.0,1783.6
4777,2025-08-24,Air Purifier,Home Decor,South,7,170,0.2,952.0,266.56
4778,2025-08-24,Standing Desk,Furniture,North,7,550,0.2,3080.0,862.4
4779,2025-08-24,Color Printer,Office Supplies,South,5,260,0.0,1300.0,364.0
4780,2025-08-24,Executive Desk,Furniture,West,11,910,0.18,8208.2,2298.3
4781,2025-08-25,Plant Pot,Home Decor,East,11,30,0.2,264.0,73.92
4782,2025-08-25,Inkjet Printer,Office Supplies,East,8,180,0.12,1267.2,354.82
4783,2025-08-25,Ergonomic Chair,Furniture,East,1,320,0.2,256.0,71.68
4784,2025-08-25,4K Monitor,Electronics,North,6,420,0.08,2318.4,649.15
4785,2025-08-25,Inkjet Printer,Office Supplies,West,1,180,0.2,144.0,40.32
4786,2025-08-25,Projector,Office Supplies,North,1,680,0.08,625.6,175.17
4787,2025-08-25,Executive Desk,Furniture,West,5,910,0.18,3731.0,1044.68
4788,2025-08-25,Wireless Headset,Electronics,North,8,120,0.08,883.2,247.3
4789,2025-08-26,Ergonomic Chair,Furniture,West,9,320,0.08,2649.6,741.89
4790,2025-08-26,Ergonomic Chair,Furniture,East,3,320,0.18,787.2,220.42
4791,2025-08-26,Air Purifier,Home Decor,East,4,170,0.05,646.0,180.88
4792,2025-08-26,Inkjet Printer,Office Supplies,North,8,180,0.0,1440.0,403.2
4793,2025-08-26,Desk Lamp,Home Decor,South,1,60,0.05,57.0,15.96
4794,2025-08-26,Desk Lamp,Home Decor,West,11,60,0.0,660.0,184.8
4795,2025-08-26,Office Chair,Furniture,South,6,240,0.12,1267.2,354.82
4796,2025-08-26,Projector,Office Supplies,West,7,680,0.12,4188.8,1172.86
4797,2025-08-26,Standing Desk,Furniture,East,1,550,0.18,451.0,126.28
4798,2025-08-26,Executive Desk,Furniture,West,7,910,0.12,5605.6,1569.57
4799,2025-08-26,Storage Cabinet,Furniture,North,1,280,0.18,229.6,64.29
4800,2025-08-26,Plant Pot,Home Decor,South,7,30,0.18,172.2,48.22
4801,2025-08-27,Notebook Set,Office Supplies,South,6,18,0.0,108.0,30.24
4802,2025-08-27,Storage Cabinet,Furniture,West,4,280,0.2,896.0,250.88
4803,2025-08-27,Color Printer,Office Supplies,West,10,260,0.05,2470.0,691.6
4804,2025-08-27,Ergonomic Chair,Furniture,West,1,320,0.08,294.4,82.43
4805,2025-08-27,Smart Speaker,Electronics,West,3,95,0.18,233.7,65.44
4806,2025-08-27,Air Purifier,Home Decor,North,2,170,0.08,312.8,87.58
4807,2025-08-27,Projector,Office Supplies,South,2,680,0.2,1088.0,304.64
4808,2025-08-27,Desk Lamp,Home Decor,East,11,60,0.08,607.2,170.02
4809,2025-08-27,USB-C Dock,Electronics,South,9,120,0.18,885.6,247.97
4810,2025-08-27,Storage Cabinet,Furniture,South,7,280,0.12,1724.8,482.94
4811,2025-08-27,Color Printer,Office Supplies,West,3,260,0.05,741.0,207.48
4812,2025-08-27,Air Purifier,Home Decor,East,5,170,0.08,782.0,218.96
4813,2025-08-27,Standing Desk,Furniture,East,3,550,0.05,1567.5,438.9
4814,2025-08-27,Projector,Office Supplies,North,11,680,0.12,6582.4,1843.07
4815,2025-08-27,Desk Lamp,Home Decor,West,8,60,0.18,393.6,110.21
4816,2025-08-28,Ergonomic Chair,Furniture,West,9,320,0.0,2880.0,806.4
4817,2025-08-28,Projector,Office Supplies,East,6,680,0.08,3753.6,1051.01
4818,2025-08-28,Color Printer,Office Supplies,South,5,260,0.08,1196.0,334.88
4819,2025-08-28,Wireless Mouse,Electronics,North,5,45,0.12,198.0,55.44
4820,2025-08-28,Office Chair,Furniture,North,5,240,0.05,1140.0,319.2
4821,2025-08-28,Ergonomic Chair,Furniture,South,4,320,0.18,1049.6,293.89
4822,2025-08-28,Plant Pot,Home Decor,North,3,30,0.12,79.2,22.18
4823,2025-08-28,Plant Pot,Home Decor,North,6,30,0.2,144.0,40.32
4824,2025-08-28,Projector,Office Supplies,East,1,680,0.08,625.6,175.17
4825,2025-08-28,Desk Lamp,Home Decor,North,2,60,0.12,105.6,29.57
4826,2025-08-28,Ergonomic Chair,Furniture,South,4,320,0.12,1126.4,315.39
4827,2025-08-28,"Monitor 27""",Electronics,South,9,390,0.18,2878.2,805.9
4828,2025-08-28,Storage Cabinet,Furniture,North,3,280,0.05,798.0,223.44
4829,2025-08-29,Wireless Mouse,Electronics,East,3,45,0.18,110.7,31.0
4830,2025-08-29,Air Purifier,Home Decor,South,5,170,0.08,782.0,218.96
4831,2025-08-29,USB-C Dock,Electronics,West,3,120,0.0,360.0,100.8
4832,2025-08-29,Inkjet Printer,Office Supplies,West,10,180,0.2,1440.0,403.2
4833,2025-08-29,Office Chair,Furniture,North,5,240,0.05,1140.0,319.2
4834,2025-08-29,Desk Lamp,Home Decor,South,2,60,0.18,98.4,27.55
4835,2025-08-29,Projector,Office Supplies,South,2,680,0.08,1251.2,350.34
4836,2025-08-29,Notebook Set,Office Supplies,North,10,18,0.12,158.4,44.35
4837,2025-08-29,Ergonomic Chair,Furniture,East,1,320,0.08,294.4,82.43
4838,2025-08-29,Standing Desk,Furniture,North,5,550,0.12,2420.0,677.6
4839,2025-08-29,Projector,Office Supplies,South,7,680,0.18,3903.2,1092.9
4840,2025-08-29,Projector,Office Supplies,North,9,680,0.18,5018.4,1405.15
4841,2025-08-29,Notebook Set,Office Supplies,East,10,18,0.12,158.4,44.35
4842,2025-08-29,Laptop Pro 14,Electronics,East,9,1200,0.08,9936.0,2782.08
4843,2025-08-29,Air Purifier,Home Decor,South,3,170,0.2,408.0,114.24
4844,2025-08-30,Air Purifier,Home Decor,South,1,170,0.2,136.0,38.08
4845,2025-08-30,Notebook Set,Office Supplies,East,1,18,0.05,17.1,4.79
4846,2025-08-30,Ergonomic Chair,Furniture,East,10,320,0.08,2944.0,824.32
4847,2025-08-30,Projector,Office Supplies,East,3,680,0.18,1672.8,468.38
4848,2025-08-30,Ergonomic Chair,Furniture,East,4,320,0.0,1280.0,358.4
4849,2025-08-30,Air Purifier,Home Decor,North,5,170,0.05,807.5,226.1
4850,2025-08-30,Air Purifier,Home Decor,East,5,170,0.0,850.0,238.0
4851,2025-08-30,Wireless Mouse,Electronics,West,1,45,0.18,36.9,10.33
4852,2025-08-30,Plant Pot,Home Decor,East,10,30,0.08,276.0,77.28
4853,2025-08-30,Storage Cabinet,Furniture,South,10,280,0.12,2464.0,689.92
4854,2025-08-30,USB-C Dock,Electronics,East,1,120,0.18,98.4,27.55
4855,2025-08-30,Laptop Pro 14,Electronics,South,6,1200,0.2,5760.0,1612.8
4856,2025-08-30,Laptop Pro 14,Electronics,South,10,1200,0.2,9600.0,2688.0
4857,2025-08-31,Projector,Office Supplies,West,8,680,0.12,4787.2,1340.42
4858,2025-08-31,Plant Pot,Home Decor,South,8,30,0.0,240.0,67.2
4859,2025-08-31,Projector,Office Supplies,North,9,680,0.08,5630.4,1576.51
4860,2025-08-31,Desk Lamp,Home Decor,North,9,60,0.0,540.0,151.2
4861,2025-08-31,4K Monitor,Electronics,West,1,420,0.08,386.4,108.19
4862,2025-08-31,Laptop Pro 14,Electronics,West,3,1200,0.12,3168.0,887.04
4863,2025-08-31,Air Purifier,Home Decor,South,8,170,0.08,1251.2,350.34
4864,2025-08-31,Smart Speaker,Electronics,East,8,95,0.12,668.8,187.26
4865,2025-08-31,Air Purifier,Home Decor,South,4,170,0.2,544.0,152.32
4866,2025-08-31,Plant Pot,Home Decor,West,2,30,0.2,48.0,13.44
4867,2025-08-31,Color Printer,Office Supplies,East,7,260,0.05,1729.0,484.12
4868,2025-08-31,Desk Lamp,Home Decor,East,4,60,0.0,240.0,67.2
4869,2025-09-01,Executive Desk,Furniture,South,11,910,0.18,8208.2,2298.3
4870,2025-09-01,Executive Desk,Furniture,East,7,910,0.12,5605.6,1569.57
4871,2025-09-01,Plant Pot,Home Decor,South,3,30,0.12,79.2,22.18
4872,2025-09-01,Desk Lamp,Home Decor,North,11,60,0.18,541.2,151.54
4873,2025-09-01,Standing Desk,Furniture,South,9,550,0.12,4356.0,1219.68
4874,2025-09-01,Smart Speaker,Electronics,West,5,95,0.18,389.5,109.06
4875,2025-09-01,Standing Desk,Furniture,South,8,550,0.08,4048.0,1133.44
4876,2025-09-01,Inkjet Printer,Office Supplies,South,3,180,0.05,513.0,143.64
4877,2025-09-01,Executive Desk,Furniture,South,9,910,0.05,7780.5,2178.54
4878,2025-09-01,Office Chair,Furniture,West,5,240,0.05,1140.0,319.2
4879,2025-09-01,Notebook Set,Office Supplies,South,7,18,0.18,103.32,28.93
4880,2025-09-01,Wireless Mouse,Electronics,South,2,45,0.12,79.2,22.18
4881,2025-09-01,Plant Pot,Home Decor,South,3,30,0.0,90.0,25.2
4882,2025-09-02,Ergonomic Chair,Furniture,East,10,320,0.05,3040.0,851.2
4883,2025-09-02,Projector,Office Supplies,South,1,680,0.05,646.0,180.88
4884,2025-09-02,Air Purifier,Home Decor,South,3,170,0.05,484.5,135.66
4885,2025-09-02,Wireless Headset,Electronics,West,1,120,0.18,98.4,27.55
4886,2025-09-02,Desk Lamp,Home Decor,West,1,60,0.18,49.2,13.78
4887,2025-09-02,4K Monitor,Electronics,South,1,420,0.18,344.4,96.43
4888,2025-09-02,Inkjet Printer,Office Supplies,South,1,180,0.2,144.0,40.32
4889,2025-09-02,Tablet Air,Electronics,East,8,680,0.18,4460.8,1249.02
4890,2025-09-02,Plant Pot,Home Decor,West,1,30,0.2,24.0,6.72
4891,2025-09-02,Office Chair,Furniture,North,6,240,0.12,1267.2,354.82
4892,2025-09-02,Plant Pot,Home Decor,North,8,30,0.0,240.0,67.2
4893,2025-09-02,Plant Pot,Home Decor,West,6,30,0.2,144.0,40.32
4894,2025-09-02,Laptop Pro 14,Electronics,South,1,1200,0.0,1200.0,336.0
4895,2025-09-02,Executive Desk,Furniture,East,1,910,0.0,910.0,254.8
4896,2025-09-02,Inkjet Printer,Office Supplies,West,4,180,0.08,662.4,185.47
4897,2025-09-03,Executive Desk,Furniture,South,8,910,0.0,7280.0,2038.4
4898,2025-09-03,Inkjet Printer,Office Supplies,West,5,180,0.0,900.0,252.0
4899,2025-09-03,Notebook Set,Office Supplies,West,5,18,0.18,73.8,20.66
4900,2025-09-03,Inkjet Printer,Office Supplies,East,3,180,0.0,540.0,151.2
4901,2025-09-03,Air Purifier,Home Decor,West,4,170,0.08,625.6,175.17
4902,2025-09-03,Executive Desk,Furniture,East,9,910,0.2,6552.0,1834.56
4903,2025-09-03,Executive Desk,Furniture,East,11,910,0.08,9209.2,2578.58
4904,2025-09-03,"Monitor 27""",Electronics,East,11,390,0.18,3517.8,984.98
4905,2025-09-03,USB-C Dock,Electronics,North,4,120,0.2,384.0,107.52
4906,2025-09-03,Plant Pot,Home Decor,North,8,30,0.08,220.8,61.82
4907,2025-09-04,Air Purifier,Home Decor,West,9,170,0.2,1224.0,342.72
4908,2025-09-04,Projector,Office Supplies,East,1,680,0.18,557.6,156.13
4909,2025-09-04,Plant Pot,Home Decor,South,7,30,0.12,184.8,51.74
4910,2025-09-04,Inkjet Printer,Office Supplies,West,9,180,0.2,1296.0,362.88
4911,2025-09-04,Notebook Set,Office Supplies,West,1,18,0.05,17.1,4.79
4912,2025-09-04,Standing Desk,Furniture,East,5,550,0.05,2612.5,731.5
4913,2025-09-04,Smart Speaker,Electronics,East,9,95,0.05,812.25,227.43
4914,2025-09-04,USB-C Dock,Electronics,West,1,120,0.18,98.4,27.55
4915,2025-09-04,Laptop Pro 14,Electronics,East,1,1200,0.05,1140.0,319.2
4916,2025-09-04,Smart Speaker,Electronics,West,3,95,0.0,285.0,79.8
4917,2025-09-04,Wireless Mouse,Electronics,East,11,45,0.05,470.25,131.67
4918,2025-09-04,Inkjet Printer,Office Supplies,North,8,180,0.05,1368.0,383.04
4919,2025-09-05,Color Printer,Office Supplies,North,3,260,0.18,639.6,179.09
4920,2025-09-05,Plant Pot,Home Decor,South,10,30,0.05,285.0,79.8
4921,2025-09-05,Office Chair,Furniture,West,8,240,0.18,1574.4,440.83
4922,2025-09-05,Inkjet Printer,Office Supplies,West,1,180,0.0,180.0,50.4
4923,2025-09-05,Projector,Office Supplies,West,8,680,0.08,5004.8,1401.34
4924,2025-09-05,Ergonomic Chair,Furniture,South,5,320,0.0,1600.0,448.0
4925,2025-09-05,Office Chair,Furniture,East,2,240,0.05,456.0,127.68
4926,2025-09-05,Storage Cabinet,Furniture,East,10,280,0.18,2296.0,642.88
4927,2025-09-05,Standing Desk,Furniture,North,9,550,0.18,4059.0,1136.52
4928,2025-09-05,Color Printer,Office Supplies,West,9,260,0.0,2340.0,655.2
4929,2025-09-05,Standing Desk,Furniture,South,8,550,0.05,4180.0,1170.4
4930,2025-09-05,"Monitor 27""",Electronics,East,8,390,0.0,3120.0,873.6
4931,2025-09-05,Tablet Air,Electronics,East,10,680,0.18,5576.0,1561.28
4932,2025-09-06,Projector,Office Supplies,South,10,680,0.08,6256.0,1751.68
4933,2025-09-06,Executive Desk,Furniture,South,2,910,0.2,1456.0,407.68
4934,2025-09-06,Office Chair,Furniture,South,11,240,0.12,2323.2,650.5
4935,2025-09-06,Air Purifier,Home Decor,North,9,170,0.2,1224.0,342.72
4936,2025-09-06,Projector,Office Supplies,West,8,680,0.08,5004.8,1401.34
4937,2025-09-06,Plant Pot,Home Decor,East,9,30,0.2,216.0,60.48
4938,2025-09-06,Standing Desk,Furniture,South,10,550,0.12,4840.0,1355.2
4939,2025-09-06,Wireless Mouse,Electronics,South,4,45,0.0,180.0,50.4
4940,2025-09-06,Ergonomic Chair,Furniture,North,3,320,0.12,844.8,236.54
4941,2025-09-06,Air Purifier,Home Decor,East,1,170,0.2,136.0,38.08
4942,2025-09-06,Plant Pot,Home Decor,South,1,30,0.18,24.6,6.89
4943,2025-09-06,Plant Pot,Home Decor,East,5,30,0.12,132.0,36.96
4944,2025-09-06,Tablet Air,Electronics,South,10,680,0.0,6800.0,1904.0
4945,2025-09-06,Inkjet Printer,Office Supplies,West,7,180,0.18,1033.2,289.3
4946,2025-09-06,Wireless Headset,Electronics,North,4,120,0.05,456.0,127.68
4947,2025-09-06,USB-C Dock,Electronics,North,6,120,0.18,590.4,165.31
4948,2025-09-07,Inkjet Printer,Office Supplies,South,7,180,0.12,1108.8,310.46
4949,2025-09-07,Notebook Set,Office Supplies,East,3,18,0.05,51.3,14.36
4950,2025-09-07,Plant Pot,Home Decor,South,5,30,0.05,142.5,39.9
4951,2025-09-07,Desk Lamp,Home Decor,East,5,60,0.2,240.0,67.2
4952,2025-09-07,Inkjet Printer,Office Supplies,West,10,180,0.12,1584.0,443.52
4953,2025-09-07,USB-C Dock,Electronics,East,5,120,0.0,600.0,168.0
4954,2025-09-07,Projector,Office Supplies,South,6,680,0.0,4080.0,1142.4
4955,2025-09-07,Projector,Office Supplies,West,5,680,0.0,3400.0,952.0
4956,2025-09-07,Office Chair,Furniture,North,3,240,0.2,576.0,161.28
4957,2025-09-08,Wireless Mouse,Electronics,South,7,45,0.2,252.0,70.56
4958,2025-09-08,Desk Lamp,Home Decor,South,11,60,0.18,541.2,151.54
4959,2025-09-08,Wireless Headset,Electronics,East,3,120,0.2,288.0,80.64
4960,2025-09-08,Ergonomic Chair,Furniture,South,8,320,0.2,2048.0,573.44
4961,2025-09-08,Storage Cabinet,Furniture,West,11,280,0.2,2464.0,689.92
4962,2025-09-08,Air Purifier,Home Decor,West,11,170,0.0,1870.0,523.6
4963,2025-09-08,Notebook Set,Office Supplies,East,5,18,0.05,85.5,23.94
4964,2025-09-08,Air Purifier,Home Decor,East,10,170,0.0,1700.0,476.0
4965,2025-09-08,Notebook Set,Office Supplies,North,3,18,0.12,47.52,13.31
4966,2025-09-08,Projector,Office Supplies,South,11,680,0.08,6881.6,1926.85
4967,2025-09-08,Wireless Mouse,Electronics,North,5,45,0.08,207.0,57.96
4968,2025-09-08,Plant Pot,Home Decor,South,11,30,0.0,330.0,92.4
4969,2025-09-08,Standing Desk,Furniture,East,11,550,0.05,5747.5,1609.3
4970,2025-09-09,Executive Desk,Furniture,West,2,910,0.08,1674.4,468.83
4971,2025-09-09,Plant Pot,Home Decor,West,3,30,0.12,79.2,22.18
4972,2025-09-09,Desk Lamp,Home Decor,West,7,60,0.05,399.0,111.72
4973,2025-09-09,Color Printer,Office Supplies,South,1,260,0.12,228.8,64.06
4974,2025-09-09,Projector,Office Supplies,North,6,680,0.18,3345.6,936.77
4975,2025-09-09,Air Purifier,Home Decor,North,2,170,0.12,299.2,83.78
4976,2025-09-09,Storage Cabinet,Furniture,North,2,280,0.08,515.2,144.26
4977,2025-09-09,Notebook Set,Office Supplies,North,3,18,0.2,43.2,12.1
4978,2025-09-09,Desk Lamp,Home Decor,North,1,60,0.2,48.0,13.44
4979,2025-09-09,Standing Desk,Furniture,West,6,550,0.08,3036.0,850.08
4980,2025-09-09,Storage Cabinet,Furniture,West,9,280,0.05,2394.0,670.32
4981,2025-09-10,"Monitor 27""",Electronics,East,1,390,0.18,319.8,89.54
4982,2025-09-10,Wireless Headset,Electronics,South,1,120,0.18,98.4,27.55
4983,2025-09-10,Office Chair,Furniture,West,3,240,0.12,633.6,177.41
4984,2025-09-10,Executive Desk,Furniture,East,4,910,0.12,3203.2,896.9
4985,2025-09-10,Office Chair,Furniture,West,2,240,0.18,393.6,110.21
4986,2025-09-10,Plant Pot,Home Decor,East,11,30,0.05,313.5,87.78
4987,2025-09-10,Projector,Office Supplies,South,3,680,0.08,1876.8,525.5
4988,2025-09-10,Executive Desk,Furniture,South,5,910,0.2,3640.0,1019.2
4989,2025-09-10,Projector,Office Supplies,East,10,680,0.05,6460.0,1808.8
4990,2025-09-10,Air Purifier,Home Decor,North,4,170,0.08,625.6,175.17
4991,2025-09-10,Executive Desk,Furniture,East,3,910,0.12,2402.4,672.67
4992,2025-09-10,Desk Lamp,Home Decor,West,8,60,0.2,384.0,107.52
4993,2025-09-10,Plant Pot,Home Decor,West,3,30,0.18,73.8,20.66
4994,2025-09-10,Plant Pot,Home Decor,North,5,30,0.05,142.5,39.9
4995,2025-09-10,Notebook Set,Office Supplies,North,5,18,0.18,73.8,20.66
4996,2025-09-11,Standing Desk,Furniture,South,4,550,0.05,2090.0,585.2
4997,2025-09-11,Storage Cabinet,Furniture,East,4,280,0.18,918.4,257.15
4998,2025-09-11,Color Printer,Office Supplies,East,11,260,0.05,2717.0,760.76
4999,2025-09-11,Plant Pot,Home Decor,North,10,30,0.2,240.0,67.2
5000,2025-09-11,USB-C Dock,Electronics,East,3,120,0.12,316.8,88.7
5001,2025-09-11,Color Printer,Office Supplies,East,10,260,0.05,2470.0,691.6
5002,2025-09-11,Inkjet Printer,Office Supplies,West,3,180,0.2,432.0,120.96
5003,2025-09-11,Notebook Set,Office Supplies,West,3,18,0.05,51.3,14.36
5004,2025-09-11,Executive Desk,Furniture,South,7,910,0.12,5605.6,1569.57
5005,2025-09-11,Smart Speaker,Electronics,South,3,95,0.2,228.0,63.84
5006,2025-09-11,Ergonomic Chair,Furniture,East,9,320,0.18,2361.6,661.25
5007,2025-09-12,Air Purifier,Home Decor,North,2,170,0.08,312.8,87.58
5008,2025-09-12,Air Purifier,Home Decor,East,8,170,0.05,1292.0,361.76
5009,2025-09-12,Notebook Set,Office Supplies,East,3,18,0.0,54.0,15.12
5010,2025-09-12,Air Purifier,Home Decor,East,7,170,0.05,1130.5,316.54
5011,2025-09-12,Color Printer,Office Supplies,East,4,260,0.08,956.8,267.9
5012,2025-09-12,Plant Pot,Home Decor,West,9,30,0.2,216.0,60.48
5013,2025-09-12,Notebook Set,Office Supplies,North,6,18,0.08,99.36,27.82
5014,2025-09-12,4K Monitor,Electronics,West,5,420,0.18,1722.0,482.16
5015,2025-09-12,Ergonomic Chair,Furniture,East,5,320,0.18,1312.0,367.36
5016,2025-09-12,Wireless Headset,Electronics,West,10,120,0.0,1200.0,336.0
5017,2025-09-12,Wireless Headset,Electronics,West,10,120,0.2,960.0,268.8
5018,2025-09-12,USB-C Dock,Electronics,East,7,120,0.18,688.8,192.86
5019,2025-09-12,"Monitor 27""",Electronics,South,11,390,0.05,4075.5,1141.14
5020,2025-09-13,Smart Speaker,Electronics,West,10,95,0.05,902.5,252.7
5021,2025-09-13,Color Printer,Office Supplies,West,4,260,0.2,832.0,232.96
5022,2025-09-13,Executive Desk,Furniture,South,8,910,0.08,6697.6,1875.33
5023,2025-09-13,Desk Lamp,Home Decor,South,11,60,0.18,541.2,151.54
5024,2025-09-13,Standing Desk,Furniture,West,9,550,0.18,4059.0,1136.52
5025,2025-09-13,Desk Lamp,Home Decor,North,3,60,0.0,180.0,50.4
5026,2025-09-13,Wireless Headset,Electronics,West,2,120,0.12,211.2,59.14
5027,2025-09-13,"Monitor 27""",Electronics,West,9,390,0.2,2808.0,786.24
5028,2025-09-13,Office Chair,Furniture,West,4,240,0.05,912.0,255.36
5029,2025-09-13,4K Monitor,Electronics,North,3,420,0.08,1159.2,324.58
5030,2025-09-13,Tablet Air,Electronics,East,2,680,0.0,1360.0,380.8
5031,2025-09-14,Desk Lamp,Home Decor,East,2,60,0.05,114.0,31.92
5032,2025-09-14,Notebook Set,Office Supplies,East,11,18,0.05,188.1,52.67
5033,2025-09-14,Projector,Office Supplies,West,1,680,0.0,680.0,190.4
5034,2025-09-14,Air Purifier,Home Decor,South,6,170,0.12,897.6,251.33
5035,2025-09-14,Projector,Office Supplies,South,10,680,0.0,6800.0,1904.0
5036,2025-09-14,4K Monitor,Electronics,North,11,420,0.05,4389.0,1228.92
5037,2025-09-14,Standing Desk,Furniture,West,4,550,0.05,2090.0,585.2
5038,2025-09-14,Standing Desk,Furniture,West,1,550,0.08,506.0,141.68
5039,2025-09-15,Wireless Mouse,Electronics,East,5,45,0.0,225.0,63.0
5040,2025-09-15,Tablet Air,Electronics,East,7,680,0.2,3808.0,1066.24
5041,2025-09-15,Wireless Headset,Electronics,West,3,120,0.12,316.8,88.7
5042,2025-09-15,Desk Lamp,Home Decor,North,8,60,0.18,393.6,110.21
5043,2025-09-15,USB-C Dock,Electronics,East,5,120,0.0,600.0,168.0
5044,2025-09-15,Tablet Air,Electronics,West,5,680,0.2,2720.0,761.6
5045,2025-09-15,Desk Lamp,Home Decor,East,11,60,0.12,580.8,162.62
5046,2025-09-15,Air Purifier,Home Decor,North,8,170,0.18,1115.2,312.26
5047,2025-09-15,Desk Lamp,Home Decor,West,6,60,0.08,331.2,92.74
5048,2025-09-15,Laptop Pro 14,Electronics,West,8,1200,0.18,7872.0,2204.16
5049,2025-09-15,Plant Pot,Home Decor,East,5,30,0.2,120.0,33.6
5050,2025-09-16,Air Purifier,Home Decor,West,11,170,0.18,1533.4,429.35
5051,2025-09-16,Ergonomic Chair,Furniture,South,1,320,0.12,281.6,78.85
5052,2025-09-16,Storage Cabinet,Furniture,North,6,280,0.12,1478.4,413.95
5053,2025-09-16,Wireless Headset,Electronics,North,2,120,0.08,220.8,61.82
5054,2025-09-16,Office Chair,Furniture,North,4,240,0.18,787.2,220.42
5055,2025-09-16,4K Monitor,Electronics,East,11,420,0.2,3696.0,1034.88
5056,2025-09-16,"Monitor 27""",Electronics,East,1,390,0.08,358.8,100.46
5057,2025-09-16,Projector,Office Supplies,South,10,680,0.18,5576.0,1561.28
5058,2025-09-16,Laptop Pro 14,Electronics,West,1,1200,0.0,1200.0,336.0
5059,2025-09-16,Office Chair,Furniture,East,2,240,0.08,441.6,123.65
5060,2025-09-16,Plant Pot,Home Decor,East,6,30,0.18,147.6,41.33
5061,2025-09-16,Air Purifier,Home Decor,North,5,170,0.18,697.0,195.16
5062,2025-09-17,Color Printer,Office Supplies,South,2,260,0.2,416.0,116.48
5063,2025-09-17,Air Purifier,Home Decor,South,4,170,0.05,646.0,180.88
5064,2025-09-17,Smart Speaker,Electronics,South,11,95,0.05,992.75,277.97
5065,2025-09-17,Color Printer,Office Supplies,South,11,260,0.0,2860.0,800.8
5066,2025-09-17,Air Purifier,Home Decor,South,9,170,0.08,1407.6,394.13
5067,2025-09-17,Plant Pot,Home Decor,North,6,30,0.2,144.0,40.32
5068,2025-09-17,Tablet Air,Electronics,West,6,680,0.2,3264.0,913.92
5069,2025-09-17,Plant Pot,Home Decor,West,8,30,0.0,240.0,67.2
5070,2025-09-17,Color Printer,Office Supplies,West,9,260,0.08,2152.8,602.78
5071,2025-09-17,Standing Desk,Furniture,North,8,550,0.2,3520.0,985.6
5072,2025-09-17,Wireless Headset,Electronics,East,2,120,0.05,228.0,63.84
5073,2025-09-17,Executive Desk,Furniture,South,10,910,0.08,8372.0,2344.16
5074,2025-09-18,"Monitor 27""",Electronics,South,9,390,0.08,3229.2,904.18
5075,2025-09-18,Smart Speaker,Electronics,East,4,95,0.18,311.6,87.25
5076,2025-09-18,Desk Lamp,Home Decor,East,10,60,0.05,570.0,159.6
5077,2025-09-18,Inkjet Printer,Office Supplies,East,9,180,0.0,1620.0,453.6
5078,2025-09-18,Wireless Mouse,Electronics,North,1,45,0.18,36.9,10.33
5079,2025-09-18,Desk Lamp,Home Decor,West,9,60,0.18,442.8,123.98
5080,2025-09-18,Notebook Set,Office Supplies,East,6,18,0.12,95.04,26.61
5081,2025-09-18,Plant Pot,Home Decor,East,10,30,0.0,300.0,84.0
5082,2025-09-18,Office Chair,Furniture,North,2,240,0.18,393.6,110.21
5083,2025-09-19,Projector,Office Supplies,South,6,680,0.08,3753.6,1051.01
5084,2025-09-19,Storage Cabinet,Furniture,East,10,280,0.2,2240.0,627.2
5085,2025-09-19,Plant Pot,Home Decor,South,9,30,0.12,237.6,66.53
5086,2025-09-19,Storage Cabinet,Furniture,North,4,280,0.08,1030.4,288.51
5087,2025-09-19,Ergonomic Chair,Furniture,South,3,320,0.2,768.0,215.04
5088,2025-09-19,Storage Cabinet,Furniture,East,6,280,0.12,1478.4,413.95
5089,2025-09-19,Wireless Headset,Electronics,North,10,120,0.08,1104.0,309.12
5090,2025-09-19,Storage Cabinet,Furniture,South,8,280,0.08,2060.8,577.02
5091,2025-09-19,USB-C Dock,Electronics,South,2,120,0.2,192.0,53.76
5092,2025-09-20,Notebook Set,Office Supplies,South,5,18,0.0,90.0,25.2
5093,2025-09-20,Plant Pot,Home Decor,East,7,30,0.08,193.2,54.1
5094,2025-09-20,Color Printer,Office Supplies,North,8,260,0.0,2080.0,582.4
5095,2025-09-20,Storage Cabinet,Furniture,South,1,280,0.18,229.6,64.29
5096,2025-09-20,Standing Desk,Furniture,North,6,550,0.12,2904.0,813.12
5097,2025-09-20,Color Printer,Office Supplies,West,10,260,0.2,2080.0,582.4
5098,2025-09-20,Air Purifier,Home Decor,South,6,170,0.12,897.6,251.33
5099,2025-09-20,Wireless Headset,Electronics,East,6,120,0.2,576.0,161.28
5100,2025-09-20,Projector,Office Supplies,West,10,680,0.05,6460.0,1808.8
5101,2025-09-20,Laptop Pro 14,Electronics,East,10,1200,0.2,9600.0,2688.0
5102,2025-09-20,Color Printer,Office Supplies,West,8,260,0.0,2080.0,582.4
5103,2025-09-21,Executive Desk,Furniture,East,4,910,0.05,3458.0,968.24
5104,2025-09-21,Laptop Pro 14,Electronics,West,8,1200,0.2,7680.0,2150.4
5105,2025-09-21,Air Purifier,Home Decor,North,4,170,0.0,680.0,190.4
5106,2025-09-21,Smart Speaker,Electronics,South,1,95,0.2,76.0,21.28
5107,2025-09-21,Color Printer,Office Supplies,East,11,260,0.0,2860.0,800.8
5108,2025-09-21,Storage Cabinet,Furniture,East,6,280,0.18,1377.6,385.73
5109,2025-09-21,Notebook Set,Office Supplies,East,11,18,0.12,174.24,48.79
5110,2025-09-21,Notebook Set,Office Supplies,North,3,18,0.0,54.0,15.12
5111,2025-09-21,Office Chair,Furniture,South,8,240,0.2,1536.0,430.08
5112,2025-09-21,Desk Lamp,Home Decor,West,4,60,0.08,220.8,61.82
5113,2025-09-21,Executive Desk,Furniture,South,11,910,0.05,9509.5,2662.66
5114,2025-09-21,Wireless Headset,Electronics,West,8,120,0.05,912.0,255.36
5115,2025-09-21,Laptop Pro 14,Electronics,South,5,1200,0.2,4800.0,1344.0
5116,2025-09-22,Plant Pot,Home Decor,North,5,30,0.12,132.0,36.96
5117,2025-09-22,Inkjet Printer,Office Supplies,North,4,180,0.18,590.4,165.31
5118,2025-09-22,Air Purifier,Home Decor,East,2,170,0.2,272.0,76.16
5119,2025-09-22,Laptop Pro 14,Electronics,West,6,1200,0.05,6840.0,1915.2
5120,2025-09-22,Notebook Set,Office Supplies,South,11,18,0.05,188.1,52.67
5121,2025-09-22,Desk Lamp,Home Decor,East,8,60,0.12,422.4,118.27
5122,2025-09-22,4K Monitor,Electronics,South,8,420,0.12,2956.8,827.9
5123,2025-09-22,Inkjet Printer,Office Supplies,West,3,180,0.12,475.2,133.06
5124,2025-09-22,Color Printer,Office Supplies,North,5,260,0.0,1300.0,364.0
5125,2025-09-22,Color Printer,Office Supplies,East,9,260,0.08,2152.8,602.78
5126,2025-09-22,Ergonomic Chair,Furniture,North,9,320,0.18,2361.6,661.25
5127,2025-09-22,Executive Desk,Furniture,North,2,910,0.05,1729.0,484.12
5128,2025-09-22,Storage Cabinet,Furniture,East,9,280,0.08,2318.4,649.15
5129,2025-09-22,Standing Desk,Furniture,South,9,550,0.18,4059.0,1136.52
5130,2025-09-22,Wireless Mouse,Electronics,West,2,45,0.12,79.2,22.18
5131,2025-09-22,Air Purifier,Home Decor,East,5,170,0.18,697.0,195.16
5132,2025-09-23,Desk Lamp,Home Decor,West,9,60,0.0,540.0,151.2
5133,2025-09-23,Executive Desk,Furniture,North,8,910,0.08,6697.6,1875.33
5134,2025-09-23,USB-C Dock,Electronics,West,10,120,0.08,1104.0,309.12
5135,2025-09-23,4K Monitor,Electronics,West,7,420,0.12,2587.2,724.42
5136,2025-09-23,Notebook Set,Office Supplies,North,2,18,0.2,28.8,8.06
5137,2025-09-23,USB-C Dock,Electronics,South,1,120,0.2,96.0,26.88
5138,2025-09-23,Tablet Air,Electronics,West,9,680,0.0,6120.0,1713.6
5139,2025-09-23,Desk Lamp,Home Decor,South,8,60,0.08,441.6,123.65
5140,2025-09-23,Storage Cabinet,Furniture,East,7,280,0.05,1862.0,521.36
5141,2025-09-23,4K Monitor,Electronics,East,10,420,0.05,3990.0,1117.2
5142,2025-09-23,Storage Cabinet,Furniture,East,9,280,0.12,2217.6,620.93
5143,2025-09-23,Office Chair,Furniture,East,5,240,0.0,1200.0,336.0
5144,2025-09-23,Color Printer,Office Supplies,West,3,260,0.0,780.0,218.4
5145,2025-09-23,Desk Lamp,Home Decor,North,2,60,0.08,110.4,30.91
5146,2025-09-24,Laptop Pro 14,Electronics,East,11,1200,0.08,12144.0,3400.32
5147,2025-09-24,Storage Cabinet,Furniture,North,1,280,0.2,224.0,62.72
5148,2025-09-24,Tablet Air,Electronics,North,8,680,0.2,4352.0,1218.56
5149,2025-09-24,Color Printer,Office Supplies,South,7,260,0.12,1601.6,448.45
5150,2025-09-24,Standing Desk,Furniture,West,3,550,0.2,1320.0,369.6
5151,2025-09-24,Plant Pot,Home Decor,East,7,30,0.05,199.5,55.86
5152,2025-09-24,Plant Pot,Home Decor,North,11,30,0.18,270.6,75.77
5153,2025-09-24,Smart Speaker,Electronics,South,1,95,0.05,90.25,25.27
5154,2025-09-24,Notebook Set,Office Supplies,South,4,18,0.2,57.6,16.13
5155,2025-09-24,Air Purifier,Home Decor,South,6,170,0.12,897.6,251.33
5156,2025-09-24,Air Purifier,Home Decor,West,7,170,0.2,952.0,266.56
5157,2025-09-24,Color Printer,Office Supplies,East,4,260,0.12,915.2,256.26
5158,2025-09-24,Executive Desk,Furniture,South,9,910,0.12,7207.2,2018.02
5159,2025-09-24,Notebook Set,Office Supplies,West,9,18,0.0,162.0,45.36
5160,2025-09-25,Projector,Office Supplies,East,6,680,0.05,3876.0,1085.28
5161,2025-09-25,Air Purifier,Home Decor,West,4,170,0.08,625.6,175.17
5162,2025-09-25,4K Monitor,Electronics,West,2,420,0.05,798.0,223.44
5163,2025-09-25,Inkjet Printer,Office Supplies,South,5,180,0.18,738.0,206.64
5164,2025-09-25,Air Purifier,Home Decor,South,10,170,0.18,1394.0,390.32
5165,2025-09-25,Tablet Air,Electronics,South,7,680,0.18,3903.2,1092.9
5166,2025-09-25,Air Purifier,Home Decor,West,6,170,0.08,938.4,262.75
5167,2025-09-25,Office Chair,Furniture,North,6,240,0.18,1180.8,330.62
5168,2025-09-25,Wireless Headset,Electronics,South,4,120,0.12,422.4,118.27
5169,2025-09-25,Smart Speaker,Electronics,South,7,95,0.0,665.0,186.2
5170,2025-09-25,Storage Cabinet,Furniture,East,4,280,0.0,1120.0,313.6
5171,2025-09-26,Desk Lamp,Home Decor,South,6,60,0.0,360.0,100.8
5172,2025-09-26,"Monitor 27""",Electronics,East,6,390,0.2,1872.0,524.16
5173,2025-09-26,Notebook Set,Office Supplies,East,7,18,0.0,126.0,35.28
5174,2025-09-26,Office Chair,Furniture,South,6,240,0.05,1368.0,383.04
5175,2025-09-26,Laptop Pro 14,Electronics,West,11,1200,0.12,11616.0,3252.48
5176,2025-09-26,Desk Lamp,Home Decor,East,5,60,0.0,300.0,84.0
5177,2025-09-26,Office Chair,Furniture,East,9,240,0.0,2160.0,604.8
5178,2025-09-26,Laptop Pro 14,Electronics,South,11,1200,0.08,12144.0,3400.32
5179,2025-09-26,Color Printer,Office Supplies,South,11,260,0.05,2717.0,760.76
5180,2025-09-26,Wireless Headset,Electronics,East,3,120,0.2,288.0,80.64
5181,2025-09-26,Laptop Pro 14,Electronics,North,3,1200,0.18,2952.0,826.56
5182,2025-09-26,Color Printer,Office Supplies,West,1,260,0.12,228.8,64.06
5183,2025-09-26,4K Monitor,Electronics,East,9,420,0.12,3326.4,931.39
5184,2025-09-27,Projector,Office Supplies,North,10,680,0.18,5576.0,1561.28
5185,2025-09-27,4K Monitor,Electronics,North,7,420,0.0,2940.0,823.2
5186,2025-09-27,Wireless Headset,Electronics,East,8,120,0.08,883.2,247.3
5187,2025-09-27,Plant Pot,Home Decor,West,4,30,0.12,105.6,29.57
5188,2025-09-27,Plant Pot,Home Decor,South,10,30,0.2,240.0,67.2
5189,2025-09-27,USB-C Dock,Electronics,South,6,120,0.08,662.4,185.47
5190,2025-09-27,4K Monitor,Electronics,East,6,420,0.0,2520.0,705.6
5191,2025-09-27,"Monitor 27""",Electronics,East,3,390,0.18,959.4,268.63
5192,2025-09-27,Standing Desk,Furniture,East,2,550,0.0,1100.0,308.0
5193,2025-09-27,Laptop Pro 14,Electronics,East,11,1200,0.05,12540.0,3511.2
5194,2025-09-27,Smart Speaker,Electronics,South,3,95,0.05,270.75,75.81
5195,2025-09-28,Executive Desk,Furniture,East,2,910,0.05,1729.0,484.12
5196,2025-09-28,Ergonomic Chair,Furniture,North,8,320,0.05,2432.0,680.96
5197,2025-09-28,Executive Desk,Furniture,West,10,910,0.2,7280.0,2038.4
5198,2025-09-28,Standing Desk,Furniture,North,4,550,0.05,2090.0,585.2
5199,2025-09-28,Smart Speaker,Electronics,North,8,95,0.08,699.2,195.78
5200,2025-09-28,USB-C Dock,Electronics,West,5,120,0.05,570.0,159.6
5201,2025-09-28,Storage Cabinet,Furniture,South,11,280,0.2,2464.0,689.92
5202,2025-09-28,Office Chair,Furniture,West,1,240,0.08,220.8,61.82
5203,2025-09-28,Inkjet Printer,Office Supplies,South,6,180,0.18,885.6,247.97
5204,2025-09-28,Ergonomic Chair,Furniture,North,10,320,0.0,3200.0,896.0
5205,2025-09-28,Wireless Mouse,Electronics,South,7,45,0.2,252.0,70.56
5206,2025-09-28,Standing Desk,Furniture,South,2,550,0.08,1012.0,283.36
5207,2025-09-28,Notebook Set,Office Supplies,West,3,18,0.18,44.28,12.4
5208,2025-09-28,Air Purifier,Home Decor,East,8,170,0.05,1292.0,361.76
5209,2025-09-28,"Monitor 27""",Electronics,East,7,390,0.18,2238.6,626.81
5210,2025-09-28,Office Chair,Furniture,South,3,240,0.18,590.4,165.31
5211,2025-09-28,"Monitor 27""",Electronics,West,9,390,0.05,3334.5,933.66
5212,2025-09-29,Wireless Mouse,Electronics,West,9,45,0.12,356.4,99.79
5213,2025-09-29,Inkjet Printer,Office Supplies,North,1,180,0.18,147.6,41.33
5214,2025-09-29,Wireless Mouse,Electronics,West,7,45,0.08,289.8,81.14
5215,2025-09-29,Smart Speaker,Electronics,South,4,95,0.12,334.4,93.63
5216,2025-09-29,Smart Speaker,Electronics,North,5,95,0.05,451.25,126.35
5217,2025-09-29,USB-C Dock,Electronics,South,3,120,0.18,295.2,82.66
5218,2025-09-29,Storage Cabinet,Furniture,South,2,280,0.08,515.2,144.26
5219,2025-09-29,Notebook Set,Office Supplies,East,1,18,0.12,15.84,4.44
5220,2025-09-29,Smart Speaker,Electronics,South,7,95,0.18,545.3,152.68
5221,2025-09-30,"Monitor 27""",Electronics,West,1,390,0.18,319.8,89.54
5222,2025-09-30,Standing Desk,Furniture,East,1,550,0.08,506.0,141.68
5223,2025-09-30,USB-C Dock,Electronics,North,2,120,0.12,211.2,59.14
5224,2025-09-30,Plant Pot,Home Decor,South,9,30,0.05,256.5,71.82
5225,2025-09-30,Office Chair,Furniture,East,4,240,0.18,787.2,220.42
5226,2025-09-30,Color Printer,Office Supplies,South,11,260,0.2,2288.0,640.64
5227,2025-09-30,Air Purifier,Home Decor,South,2,170,0.0,340.0,95.2
5228,2025-09-30,Desk Lamp,Home Decor,North,3,60,0.0,180.0,50.4
5229,2025-09-30,Color Printer,Office Supplies,South,9,260,0.08,2152.8,602.78
5230,2025-09-30,Air Purifier,Home Decor,North,4,170,0.18,557.6,156.13
5231,2025-09-30,Projector,Office Supplies,South,1,680,0.18,557.6,156.13
5232,2025-09-30,Desk Lamp,Home Decor,South,1,60,0.18,49.2,13.78
5233,2025-10-01,Notebook Set,Office Supplies,East,8,18,0.2,115.2,32.26
5234,2025-10-01,Color Printer,Office Supplies,South,8,260,0.18,1705.6,477.57
5235,2025-10-01,Air Purifier,Home Decor,North,9,170,0.18,1254.6,351.29
5236,2025-10-01,Color Printer,Office Supplies,East,6,260,0.08,1435.2,401.86
5237,2025-10-01,Air Purifier,Home Decor,North,10,170,0.05,1615.0,452.2
5238,2025-10-01,4K Monitor,Electronics,North,3,420,0.05,1197.0,335.16
5239,2025-10-01,Standing Desk,Furniture,North,5,550,0.05,2612.5,731.5
5240,2025-10-01,4K Monitor,Electronics,East,1,420,0.0,420.0,117.6
5241,2025-10-01,Plant Pot,Home Decor,North,8,30,0.2,192.0,53.76
5242,2025-10-01,Executive Desk,Furniture,South,2,910,0.18,1492.4,417.87
5243,2025-10-01,Air Purifier,Home Decor,North,7,170,0.12,1047.2,293.22
5244,2025-10-01,4K Monitor,Electronics,North,3,420,0.2,1008.0,282.24
5245,2025-10-01,Color Printer,Office Supplies,South,9,260,0.0,2340.0,655.2
5246,2025-10-01,Notebook Set,Office Supplies,North,6,18,0.08,99.36,27.82
5247,2025-10-02,Plant Pot,Home Decor,West,1,30,0.05,28.5,7.98
5248,2025-10-02,Ergonomic Chair,Furniture,South,2,320,0.12,563.2,157.7
5249,2025-10-02,Plant Pot,Home Decor,South,6,30,0.18,147.6,41.33
5250,2025-10-02,Smart Speaker,Electronics,North,7,95,0.0,665.0,186.2
5251,2025-10-02,Inkjet Printer,Office Supplies,South,10,180,0.18,1476.0,413.28
5252,2025-10-02,Air Purifier,Home Decor,North,10,170,0.05,1615.0,452.2
5253,2025-10-02,Ergonomic Chair,Furniture,East,7,320,0.12,1971.2,551.94
5254,2025-10-02,Ergonomic Chair,Furniture,South,6,320,0.12,1689.6,473.09
5255,2025-10-02,Inkjet Printer,Office Supplies,North,4,180,0.08,662.4,185.47
5256,2025-10-03,4K Monitor,Electronics,South,9,420,0.0,3780.0,1058.4
5257,2025-10-03,Plant Pot,Home Decor,South,9,30,0.05,256.5,71.82
5258,2025-10-03,Projector,Office Supplies,North,1,680,0.18,557.6,156.13
5259,2025-10-03,Office Chair,Furniture,West,10,240,0.2,1920.0,537.6
5260,2025-10-03,Desk Lamp,Home Decor,West,4,60,0.12,211.2,59.14
5261,2025-10-03,4K Monitor,Electronics,East,11,420,0.08,4250.4,1190.11
5262,2025-10-03,Ergonomic Chair,Furniture,West,7,320,0.18,1836.8,514.3
5263,2025-10-03,Tablet Air,Electronics,East,10,680,0.0,6800.0,1904.0
5264,2025-10-03,Standing Desk,Furniture,South,9,550,0.12,4356.0,1219.68
5265,2025-10-04,Projector,Office Supplies,West,7,680,0.2,3808.0,1066.24
5266,2025-10-04,Wireless Headset,Electronics,East,11,120,0.12,1161.6,325.25
5267,2025-10-04,Wireless Headset,Electronics,West,1,120,0.0,120.0,33.6
5268,2025-10-04,Color Printer,Office Supplies,East,1,260,0.12,228.8,64.06
5269,2025-10-04,Projector,Office Supplies,South,4,680,0.0,2720.0,761.6
5270,2025-10-04,Color Printer,Office Supplies,South,9,260,0.2,1872.0,524.16
5271,2025-10-04,USB-C Dock,Electronics,East,1,120,0.05,114.0,31.92
5272,2025-10-04,Standing Desk,Furniture,South,2,550,0.2,880.0,246.4
5273,2025-10-04,Inkjet Printer,Office Supplies,West,1,180,0.12,158.4,44.35
5274,2025-10-04,Projector,Office Supplies,North,7,680,0.18,3903.2,1092.9
5275,2025-10-04,Plant Pot,Home Decor,West,4,30,0.08,110.4,30.91
5276,2025-10-04,Smart Speaker,Electronics,South,2,95,0.18,155.8,43.62
5277,2025-10-04,Inkjet Printer,Office Supplies,East,7,180,0.05,1197.0,335.16
5278,2025-10-04,Office Chair,Furniture,North,11,240,0.2,2112.0,591.36
5279,2025-10-04,Storage Cabinet,Furniture,North,7,280,0.05,1862.0,521.36
5280,2025-10-05,Office Chair,Furniture,West,5,240,0.12,1056.0,295.68
5281,2025-10-05,Wireless Mouse,Electronics,East,6,45,0.08,248.4,69.55
5282,2025-10-05,Tablet Air,Electronics,South,6,680,0.08,3753.6,1051.01
5283,2025-10-05,Executive Desk,Furniture,West,7,910,0.0,6370.0,1783.6
5284,2025-10-05,Plant Pot,Home Decor,North,1,30,0.18,24.6,6.89
5285,2025-10-05,Standing Desk,Furniture,West,4,550,0.2,1760.0,492.8
5286,2025-10-05,Plant Pot,Home Decor,East,7,30,0.05,199.5,55.86
5287,2025-10-05,Ergonomic Chair,Furniture,North,8,320,0.05,2432.0,680.96
5288,2025-10-05,Air Purifier,Home Decor,East,2,170,0.0,340.0,95.2
5289,2025-10-05,"Monitor 27""",Electronics,West,2,390,0.18,639.6,179.09
5290,2025-10-05,Laptop Pro 14,Electronics,East,10,1200,0.18,9840.0,2755.2
5291,2025-10-05,Notebook Set,Office Supplies,South,9,18,0.0,162.0,45.36
5292,2025-10-05,Color Printer,Office Supplies,West,3,260,0.05,741.0,207.48
5293,2025-10-05,"Monitor 27""",Electronics,East,2,390,0.12,686.4,192.19
5294,2025-10-05,USB-C Dock,Electronics,South,11,120,0.05,1254.0,351.12
5295,2025-10-06,Wireless Mouse,Electronics,North,5,45,0.2,180.0,50.4
5296,2025-10-06,Tablet Air,Electronics,East,4,680,0.08,2502.4,700.67
5297,2025-10-06,Air Purifier,Home Decor,North,11,170,0.08,1720.4,481.71
5298,2025-10-06,Tablet Air,Electronics,West,5,680,0.18,2788.0,780.64
5299,2025-10-06,Tablet Air,Electronics,South,3,680,0.12,1795.2,502.66
5300,2025-10-06,Executive Desk,Furniture,East,5,910,0.18,3731.0,1044.68
5301,2025-10-06,Office Chair,Furniture,South,8,240,0.12,1689.6,473.09
5302,2025-10-06,Plant Pot,Home Decor,North,10,30,0.2,240.0,67.2
5303,2025-10-06,Inkjet Printer,Office Supplies,South,8,180,0.18,1180.8,330.62
5304,2025-10-06,Standing Desk,Furniture,North,4,550,0.18,1804.0,505.12
5305,2025-10-06,Executive Desk,Furniture,South,3,910,0.18,2238.6,626.81
5306,2025-10-06,Projector,Office Supplies,West,5,680,0.18,2788.0,780.64
5307,2025-10-06,Office Chair,Furniture,East,10,240,0.05,2280.0,638.4
5308,2025-10-06,Smart Speaker,Electronics,East,11,95,0.12,919.6,257.49
5309,2025-10-06,Desk Lamp,Home Decor,West,11,60,0.05,627.0,175.56
5310,2025-10-06,Plant Pot,Home Decor,East,5,30,0.05,142.5,39.9
5311,2025-10-07,Notebook Set,Office Supplies,North,2,18,0.05,34.2,9.58
5312,2025-10-07,Laptop Pro 14,Electronics,West,10,1200,0.18,9840.0,2755.2
5313,2025-10-07,Executive Desk,Furniture,West,1,910,0.2,728.0,203.84
5314,2025-10-07,Inkjet Printer,Office Supplies,South,5,180,0.0,900.0,252.0
5315,2025-10-07,Laptop Pro 14,Electronics,North,6,1200,0.08,6624.0,1854.72
5316,2025-10-07,Standing Desk,Furniture,West,8,550,0.08,4048.0,1133.44
5317,2025-10-07,Inkjet Printer,Office Supplies,North,8,180,0.18,1180.8,330.62
5318,2025-10-07,Color Printer,Office Supplies,North,8,260,0.12,1830.4,512.51
5319,2025-10-07,Storage Cabinet,Furniture,West,5,280,0.05,1330.0,372.4
5320,2025-10-07,Inkjet Printer,Office Supplies,East,8,180,0.08,1324.8,370.94
5321,2025-10-07,Smart Speaker,Electronics,West,6,95,0.08,524.4,146.83
5322,2025-10-07,Executive Desk,Furniture,West,9,910,0.12,7207.2,2018.02
5323,2025-10-07,Office Chair,Furniture,West,5,240,0.2,960.0,268.8
5324,2025-10-07,Air Purifier,Home Decor,North,2,170,0.05,323.0,90.44
5325,2025-10-07,Plant Pot,Home Decor,North,1,30,0.05,28.5,7.98
5326,2025-10-07,Air Purifier,Home Decor,East,4,170,0.12,598.4,167.55
5327,2025-10-07,Desk Lamp,Home Decor,West,7,60,0.05,399.0,111.72
5328,2025-10-08,Air Purifier,Home Decor,South,7,170,0.2,952.0,266.56
5329,2025-10-08,Color Printer,Office Supplies,South,10,260,0.2,2080.0,582.4
5330,2025-10-08,Wireless Mouse,Electronics,North,5,45,0.0,225.0,63.0
5331,2025-10-08,Air Purifier,Home Decor,North,10,170,0.0,1700.0,476.0
5332,2025-10-08,Desk Lamp,Home Decor,North,5,60,0.18,246.0,68.88
5333,2025-10-08,Plant Pot,Home Decor,West,4,30,0.08,110.4,30.91
5334,2025-10-08,4K Monitor,Electronics,West,8,420,0.18,2755.2,771.46
5335,2025-10-08,Plant Pot,Home Decor,North,1,30,0.08,27.6,7.73
5336,2025-10-08,Standing Desk,Furniture,East,1,550,0.18,451.0,126.28
5337,2025-10-08,Projector,Office Supplies,North,10,680,0.12,5984.0,1675.52
5338,2025-10-08,Air Purifier,Home Decor,East,1,170,0.18,139.4,39.03
5339,2025-10-08,Office Chair,Furniture,East,1,240,0.2,192.0,53.76
5340,2025-10-08,Laptop Pro 14,Electronics,North,11,1200,0.0,13200.0,3696.0
5341,2025-10-08,Plant Pot,Home Decor,East,1,30,0.08,27.6,7.73
5342,2025-10-09,Projector,Office Supplies,West,6,680,0.05,3876.0,1085.28
5343,2025-10-09,Office Chair,Furniture,East,10,240,0.08,2208.0,618.24
5344,2025-10-09,Office Chair,Furniture,East,3,240,0.12,633.6,177.41
5345,2025-10-09,Tablet Air,Electronics,North,10,680,0.2,5440.0,1523.2
5346,2025-10-09,Wireless Headset,Electronics,North,4,120,0.08,441.6,123.65
5347,2025-10-09,Projector,Office Supplies,South,5,680,0.0,3400.0,952.0
5348,2025-10-09,Plant Pot,Home Decor,South,2,30,0.05,57.0,15.96
5349,2025-10-09,Projector,Office Supplies,South,7,680,0.2,3808.0,1066.24
5350,2025-10-09,Storage Cabinet,Furniture,North,10,280,0.0,2800.0,784.0
5351,2025-10-09,Smart Speaker,Electronics,East,5,95,0.18,389.5,109.06
5352,2025-10-09,Notebook Set,Office Supplies,South,1,18,0.0,18.0,5.04
5353,2025-10-09,Storage Cabinet,Furniture,North,5,280,0.08,1288.0,360.64
5354,2025-10-09,Desk Lamp,Home Decor,South,6,60,0.0,360.0,100.8
5355,2025-10-09,Ergonomic Chair,Furniture,North,11,320,0.12,3097.6,867.33
5356,2025-10-10,Office Chair,Furniture,South,11,240,0.12,2323.2,650.5
5357,2025-10-10,Notebook Set,Office Supplies,West,3,18,0.0,54.0,15.12
5358,2025-10-10,Office Chair,Furniture,West,10,240,0.12,2112.0,591.36
5359,2025-10-10,Desk Lamp,Home Decor,South,2,60,0.18,98.4,27.55
5360,2025-10-10,Standing Desk,Furniture,South,7,550,0.05,3657.5,1024.1
5361,2025-10-10,Storage Cabinet,Furniture,East,8,280,0.18,1836.8,514.3
5362,2025-10-10,Laptop Pro 14,Electronics,East,3,1200,0.0,3600.0,1008.0
5363,2025-10-10,Executive Desk,Furniture,East,2,910,0.18,1492.4,417.87
5364,2025-10-10,Wireless Headset,Electronics,East,2,120,0.08,220.8,61.82
5365,2025-10-10,Desk Lamp,Home Decor,East,9,60,0.0,540.0,151.2
5366,2025-10-10,Desk Lamp,Home Decor,West,6,60,0.12,316.8,88.7
5367,2025-10-10,Office Chair,Furniture,North,10,240,0.05,2280.0,638.4
5368,2025-10-10,Plant Pot,Home Decor,North,2,30,0.12,52.8,14.78
5369,2025-10-10,Ergonomic Chair,Furniture,West,1,320,0.12,281.6,78.85
5370,2025-10-10,Inkjet Printer,Office Supplies,West,8,180,0.0,1440.0,403.2
5371,2025-10-11,Standing Desk,Furniture,West,3,550,0.0,1650.0,462.0
5372,2025-10-11,Tablet Air,Electronics,East,10,680,0.08,6256.0,1751.68
5373,2025-10-11,"Monitor 27""",Electronics,North,7,390,0.05,2593.5,726.18
5374,2025-10-11,Desk Lamp,Home Decor,South,11,60,0.12,580.8,162.62
5375,2025-10-11,"Monitor 27""",Electronics,South,8,390,0.12,2745.6,768.77
5376,2025-10-11,Projector,Office Supplies,East,4,680,0.05,2584.0,723.52
5377,2025-10-11,Inkjet Printer,Office Supplies,South,9,180,0.2,1296.0,362.88
5378,2025-10-11,Executive Desk,Furniture,West,1,910,0.08,837.2,234.42
5379,2025-10-11,Inkjet Printer,Office Supplies,West,6,180,0.0,1080.0,302.4
5380,2025-10-11,Ergonomic Chair,Furniture,West,2,320,0.0,640.0,179.2
5381,2025-10-11,USB-C Dock,Electronics,West,7,120,0.18,688.8,192.86
5382,2025-10-11,Desk Lamp,Home Decor,East,3,60,0.2,144.0,40.32
5383,2025-10-11,Air Purifier,Home Decor,West,4,170,0.0,680.0,190.4
5384,2025-10-12,Office Chair,Furniture,East,3,240,0.08,662.4,185.47
5385,2025-10-12,Inkjet Printer,Office Supplies,South,3,180,0.12,475.2,133.06
5386,2025-10-12,Wireless Mouse,Electronics,North,9,45,0.0,405.0,113.4
5387,2025-10-12,Standing Desk,Furniture,East,1,550,0.0,550.0,154.0
5388,2025-10-12,Executive Desk,Furniture,North,6,910,0.18,4477.2,1253.62
5389,2025-10-12,Projector,Office Supplies,South,11,680,0.0,7480.0,2094.4
5390,2025-10-12,Inkjet Printer,Office Supplies,North,11,180,0.18,1623.6,454.61
5391,2025-10-12,Wireless Mouse,Electronics,East,6,45,0.0,270.0,75.6
5392,2025-10-12,Air Purifier,Home Decor,South,3,170,0.05,484.5,135.66
5393,2025-10-12,Standing Desk,Furniture,South,3,550,0.0,1650.0,462.0
5394,2025-10-12,Laptop Pro 14,Electronics,South,4,1200,0.18,3936.0,1102.08
5395,2025-10-12,Notebook Set,Office Supplies,West,9,18,0.08,149.04,41.73
5396,2025-10-12,4K Monitor,Electronics,East,6,420,0.0,2520.0,705.6
5397,2025-10-12,Laptop Pro 14,Electronics,North,3,1200,0.08,3312.0,927.36
5398,2025-10-12,Laptop Pro 14,Electronics,West,10,1200,0.0,12000.0,3360.0
5399,2025-10-12,Projector,Office Supplies,East,5,680,0.08,3128.0,875.84
5400,2025-10-13,Office Chair,Furniture,East,5,240,0.0,1200.0,336.0
5401,2025-10-13,Plant Pot,Home Decor,East,4,30,0.05,114.0,31.92
5402,2025-10-13,"Monitor 27""",Electronics,East,5,390,0.0,1950.0,546.0
5403,2025-10-13,Standing Desk,Furniture,South,10,550,0.2,4400.0,1232.0
5404,2025-10-13,Plant Pot,Home Decor,South,1,30,0.08,27.6,7.73
5405,2025-10-13,Projector,Office Supplies,South,1,680,0.08,625.6,175.17
5406,2025-10-13,Executive Desk,Furniture,North,7,910,0.08,5860.4,1640.91
5407,2025-10-13,Projector,Office Supplies,North,9,680,0.0,6120.0,1713.6
5408,2025-10-13,Desk Lamp,Home Decor,East,9,60,0.12,475.2,133.06
5409,2025-10-13,Executive Desk,Furniture,South,8,910,0.12,6406.4,1793.79
5410,2025-10-14,Laptop Pro 14,Electronics,West,6,1200,0.12,6336.0,1774.08
5411,2025-10-14,Executive Desk,Furniture,South,3,910,0.0,2730.0,764.4
5412,2025-10-14,Ergonomic Chair,Furniture,South,3,320,0.05,912.0,255.36
5413,2025-10-14,Executive Desk,Furniture,South,6,910,0.0,5460.0,1528.8
5414,2025-10-14,Projector,Office Supplies,East,5,680,0.05,3230.0,904.4
5415,2025-10-14,Standing Desk,Furniture,North,9,550,0.2,3960.0,1108.8
5416,2025-10-14,Desk Lamp,Home Decor,West,5,60,0.05,285.0,79.8
5417,2025-10-14,Smart Speaker,Electronics,East,1,95,0.2,76.0,21.28
5418,2025-10-14,Desk Lamp,Home Decor,East,2,60,0.08,110.4,30.91
5419,2025-10-14,Wireless Mouse,Electronics,North,9,45,0.18,332.1,92.99
5420,2025-10-14,Air Purifier,Home Decor,West,11,170,0.0,1870.0,523.6
5421,2025-10-14,Air Purifier,Home Decor,North,2,170,0.2,272.0,76.16
5422,2025-10-15,Standing Desk,Furniture,South,1,550,0.18,451.0,126.28
5423,2025-10-15,Standing Desk,Furniture,West,10,550,0.2,4400.0,1232.0
5424,2025-10-15,Plant Pot,Home Decor,West,9,30,0.18,221.4,61.99
5425,2025-10-15,Storage Cabinet,Furniture,West,1,280,0.12,246.4,68.99
5426,2025-10-15,Air Purifier,Home Decor,East,9,170,0.2,1224.0,342.72
5427,2025-10-15,Plant Pot,Home Decor,North,4,30,0.08,110.4,30.91
5428,2025-10-15,Storage Cabinet,Furniture,East,2,280,0.18,459.2,128.58
5429,2025-10-15,Projector,Office Supplies,North,4,680,0.2,2176.0,609.28
5430,2025-10-15,Ergonomic Chair,Furniture,North,9,320,0.05,2736.0,766.08
5431,2025-10-15,Desk Lamp,Home Decor,North,7,60,0.08,386.4,108.19
5432,2025-10-15,Office Chair,Furniture,South,5,240,0.12,1056.0,295.68
5433,2025-10-15,Tablet Air,Electronics,North,3,680,0.0,2040.0,571.2
5434,2025-10-15,Ergonomic Chair,Furniture,East,10,320,0.18,2624.0,734.72
5435,2025-10-15,Office Chair,Furniture,North,3,240,0.08,662.4,185.47
5436,2025-10-15,Notebook Set,Office Supplies,West,3,18,0.08,49.68,13.91
5437,2025-10-15,Inkjet Printer,Office Supplies,South,11,180,0.08,1821.6,510.05
5438,2025-10-16,Color Printer,Office Supplies,North,10,260,0.08,2392.0,669.76
5439,2025-10-16,Smart Speaker,Electronics,East,3,95,0.08,262.2,73.42
5440,2025-10-16,Projector,Office Supplies,South,10,680,0.05,6460.0,1808.8
5441,2025-10-16,Plant Pot,Home Decor,North,8,30,0.18,196.8,55.1
5442,2025-10-16,Air Purifier,Home Decor,North,7,170,0.18,975.8,273.22
5443,2025-10-16,Notebook Set,Office Supplies,North,8,18,0.2,115.2,32.26
5444,2025-10-16,Wireless Mouse,Electronics,South,4,45,0.2,144.0,40.32
5445,2025-10-16,Desk Lamp,Home Decor,West,3,60,0.2,144.0,40.32
5446,2025-10-16,Ergonomic Chair,Furniture,North,2,320,0.05,608.0,170.24
5447,2025-10-17,Wireless Mouse,Electronics,East,10,45,0.0,450.0,126.0
5448,2025-10-17,Projector,Office Supplies,South,3,680,0.0,2040.0,571.2
5449,2025-10-17,Desk Lamp,Home Decor,North,10,60,0.18,492.0,137.76
5450,2025-10-17,Notebook Set,Office Supplies,North,3,18,0.0,54.0,15.12
5451,2025-10-17,Inkjet Printer,Office Supplies,West,2,180,0.18,295.2,82.66
5452,2025-10-17,Plant Pot,Home Decor,East,6,30,0.0,180.0,50.4
5453,2025-10-17,Executive Desk,Furniture,West,5,910,0.0,4550.0,1274.0
5454,2025-10-17,Tablet Air,Electronics,East,5,680,0.0,3400.0,952.0
5455,2025-10-17,Desk Lamp,Home Decor,East,10,60,0.12,528.0,147.84
5456,2025-10-17,Desk Lamp,Home Decor,South,11,60,0.12,580.8,162.62
5457,2025-10-17,Plant Pot,Home Decor,East,7,30,0.0,210.0,58.8
5458,2025-10-17,Office Chair,Furniture,East,9,240,0.05,2052.0,574.56
5459,2025-10-18,Desk Lamp,Home Decor,West,9,60,0.08,496.8,139.1
5460,2025-10-18,Air Purifier,Home Decor,North,2,170,0.0,340.0,95.2
5461,2025-10-18,Notebook Set,Office Supplies,South,5,18,0.0,90.0,25.2
5462,2025-10-18,Executive Desk,Furniture,West,6,910,0.18,4477.2,1253.62
5463,2025-10-18,Inkjet Printer,Office Supplies,East,11,180,0.0,1980.0,554.4
5464,2025-10-18,Notebook Set,Office Supplies,West,7,18,0.0,126.0,35.28
5465,2025-10-18,Inkjet Printer,Office Supplies,North,11,180,0.08,1821.6,510.05
5466,2025-10-18,USB-C Dock,Electronics,South,8,120,0.0,960.0,268.8
5467,2025-10-18,Desk Lamp,Home Decor,South,9,60,0.12,475.2,133.06
5468,2025-10-18,USB-C Dock,Electronics,East,4,120,0.05,456.0,127.68
5469,2025-10-19,Plant Pot,Home Decor,East,10,30,0.08,276.0,77.28
5470,2025-10-19,Wireless Headset,Electronics,East,1,120,0.12,105.6,29.57
5471,2025-10-19,"Monitor 27""",Electronics,South,10,390,0.2,3120.0,873.6
5472,2025-10-19,Color Printer,Office Supplies,North,1,260,0.18,213.2,59.7
5473,2025-10-19,Ergonomic Chair,Furniture,East,4,320,0.18,1049.6,293.89
5474,2025-10-19,Notebook Set,Office Supplies,East,2,18,0.05,34.2,9.58
5475,2025-10-19,Air Purifier,Home Decor,North,8,170,0.12,1196.8,335.1
5476,2025-10-19,Projector,Office Supplies,North,9,680,0.05,5814.0,1627.92
5477,2025-10-20,Standing Desk,Furniture,East,7,550,0.12,3388.0,948.64
5478,2025-10-20,Tablet Air,Electronics,North,3,680,0.08,1876.8,525.5
5479,2025-10-20,Inkjet Printer,Office Supplies,West,11,180,0.18,1623.6,454.61
5480,2025-10-20,Tablet Air,Electronics,North,10,680,0.2,5440.0,1523.2
5481,2025-10-20,Wireless Mouse,Electronics,East,2,45,0.2,72.0,20.16
5482,2025-10-20,Color Printer,Office Supplies,West,3,260,0.12,686.4,192.19
5483,2025-10-20,Plant Pot,Home Decor,North,2,30,0.08,55.2,15.46
5484,2025-10-20,Smart Speaker,Electronics,West,6,95,0.08,524.4,146.83
5485,2025-10-20,Office Chair,Furniture,South,6,240,0.2,1152.0,322.56
5486,2025-10-21,Executive Desk,Furniture,East,10,910,0.2,7280.0,2038.4
5487,2025-10-21,Office Chair,Furniture,North,3,240,0.2,576.0,161.28
5488,2025-10-21,Laptop Pro 14,Electronics,East,5,1200,0.2,4800.0,1344.0
5489,2025-10-21,Ergonomic Chair,Furniture,North,3,320,0.05,912.0,255.36
5490,2025-10-21,Notebook Set,Office Supplies,East,4,18,0.12,63.36,17.74
5491,2025-10-21,Air Purifier,Home Decor,North,9,170,0.2,1224.0,342.72
5492,2025-10-21,Notebook Set,Office Supplies,East,7,18,0.12,110.88,31.05
5493,2025-10-21,Ergonomic Chair,Furniture,East,6,320,0.18,1574.4,440.83
5494,2025-10-22,Executive Desk,Furniture,West,6,910,0.18,4477.2,1253.62
5495,2025-10-22,"Monitor 27""",Electronics,East,10,390,0.12,3432.0,960.96
5496,2025-10-22,Inkjet Printer,Office Supplies,East,4,180,0.0,720.0,201.6
5497,2025-10-22,USB-C Dock,Electronics,West,6,120,0.2,576.0,161.28
5498,2025-10-22,Desk Lamp,Home Decor,West,5,60,0.08,276.0,77.28
5499,2025-10-22,Color Printer,Office Supplies,East,5,260,0.2,1040.0,291.2
5500,2025-10-22,Wireless Mouse,Electronics,South,1,45,0.08,41.4,11.59
5501,2025-10-22,Inkjet Printer,Office Supplies,North,4,180,0.12,633.6,177.41
5502,2025-10-22,Air Purifier,Home Decor,East,2,170,0.05,323.0,90.44
5503,2025-10-22,Storage Cabinet,Furniture,East,5,280,0.2,1120.0,313.6
5504,2025-10-22,Ergonomic Chair,Furniture,East,3,320,0.18,787.2,220.42
5505,2025-10-22,Color Printer,Office Supplies,South,11,260,0.18,2345.2,656.66
5506,2025-10-22,USB-C Dock,Electronics,West,4,120,0.12,422.4,118.27
5507,2025-10-22,Plant Pot,Home Decor,East,7,30,0.05,199.5,55.86
5508,2025-10-22,USB-C Dock,Electronics,North,11,120,0.12,1161.6,325.25
5509,2025-10-23,Storage Cabinet,Furniture,South,8,280,0.08,2060.8,577.02
5510,2025-10-23,Standing Desk,Furniture,East,8,550,0.12,3872.0,1084.16
5511,2025-10-23,Storage Cabinet,Furniture,South,4,280,0.05,1064.0,297.92
5512,2025-10-23,Plant Pot,Home Decor,South,7,30,0.18,172.2,48.22
5513,2025-10-23,Executive Desk,Furniture,North,6,910,0.0,5460.0,1528.8
5514,2025-10-23,USB-C Dock,Electronics,North,1,120,0.05,114.0,31.92
5515,2025-10-23,Desk Lamp,Home Decor,South,11,60,0.08,607.2,170.02
5516,2025-10-23,Desk Lamp,Home Decor,North,2,60,0.05,114.0,31.92
5517,2025-10-23,Smart Speaker,Electronics,South,11,95,0.05,992.75,277.97
5518,2025-10-23,4K Monitor,Electronics,North,10,420,0.12,3696.0,1034.88
5519,2025-10-23,Desk Lamp,Home Decor,East,3,60,0.12,158.4,44.35
5520,2025-10-23,Projector,Office Supplies,North,2,680,0.0,1360.0,380.8
5521,2025-10-23,Plant Pot,Home Decor,West,5,30,0.05,142.5,39.9
5522,2025-10-23,Air Purifier,Home Decor,East,10,170,0.18,1394.0,390.32
5523,2025-10-23,Inkjet Printer,Office Supplies,West,8,180,0.2,1152.0,322.56
5524,2025-10-24,Inkjet Printer,Office Supplies,West,11,180,0.0,1980.0,554.4
5525,2025-10-24,Color Printer,Office Supplies,East,11,260,0.05,2717.0,760.76
5526,2025-10-24,Desk Lamp,Home Decor,North,6,60,0.0,360.0,100.8
5527,2025-10-24,Air Purifier,Home Decor,West,7,170,0.08,1094.8,306.54
5528,2025-10-24,Office Chair,Furniture,North,10,240,0.08,2208.0,618.24
5529,2025-10-24,Color Printer,Office Supplies,North,2,260,0.0,520.0,145.6
5530,2025-10-24,Plant Pot,Home Decor,East,2,30,0.18,49.2,13.78
5531,2025-10-24,Desk Lamp,Home Decor,North,5,60,0.18,246.0,68.88
5532,2025-10-24,Color Printer,Office Supplies,East,7,260,0.05,1729.0,484.12
5533,2025-10-24,4K Monitor,Electronics,East,10,420,0.12,3696.0,1034.88
5534,2025-10-24,Ergonomic Chair,Furniture,East,3,320,0.08,883.2,247.3
5535,2025-10-24,Notebook Set,Office Supplies,North,2,18,0.12,31.68,8.87
5536,2025-10-24,"Monitor 27""",Electronics,North,3,390,0.0,1170.0,327.6
5537,2025-10-24,Desk Lamp,Home Decor,North,6,60,0.2,288.0,80.64
5538,2025-10-24,Air Purifier,Home Decor,South,4,170,0.05,646.0,180.88
5539,2025-10-24,Office Chair,Furniture,North,10,240,0.2,1920.0,537.6
5540,2025-10-24,Desk Lamp,Home Decor,West,1,60,0.18,49.2,13.78
5541,2025-10-25,Plant Pot,Home Decor,West,7,30,0.0,210.0,58.8
5542,2025-10-25,Notebook Set,Office Supplies,North,6,18,0.18,88.56,24.8
5543,2025-10-25,Laptop Pro 14,Electronics,South,6,1200,0.0,7200.0,2016.0
5544,2025-10-25,Inkjet Printer,Office Supplies,West,4,180,0.08,662.4,185.47
5545,2025-10-25,4K Monitor,Electronics,West,4,420,0.08,1545.6,432.77
5546,2025-10-25,Plant Pot,Home Decor,North,3,30,0.18,73.8,20.66
5547,2025-10-25,Wireless Mouse,Electronics,North,11,45,0.2,396.0,110.88
5548,2025-10-25,Plant Pot,Home Decor,South,6,30,0.12,158.4,44.35
5549,2025-10-25,USB-C Dock,Electronics,North,4,120,0.05,456.0,127.68
5550,2025-10-25,Projector,Office Supplies,East,5,680,0.12,2992.0,837.76
5551,2025-10-25,Notebook Set,Office Supplies,West,11,18,0.05,188.1,52.67
5552,2025-10-25,Smart Speaker,Electronics,East,1,95,0.0,95.0,26.6
5553,2025-10-25,Notebook Set,Office Supplies,North,1,18,0.18,14.76,4.13
5554,2025-10-26,Executive Desk,Furniture,North,6,910,0.08,5023.2,1406.5
5555,2025-10-26,Color Printer,Office Supplies,East,3,260,0.0,780.0,218.4
5556,2025-10-26,Notebook Set,Office Supplies,South,7,18,0.18,103.32,28.93
5557,2025-10-26,Projector,Office Supplies,East,5,680,0.05,3230.0,904.4
5558,2025-10-26,Projector,Office Supplies,South,1,680,0.0,680.0,190.4
5559,2025-10-26,Color Printer,Office Supplies,North,1,260,0.12,228.8,64.06
5560,2025-10-26,Ergonomic Chair,Furniture,South,8,320,0.18,2099.2,587.78
5561,2025-10-26,Wireless Mouse,Electronics,East,7,45,0.0,315.0,88.2
5562,2025-10-26,Wireless Headset,Electronics,South,2,120,0.12,211.2,59.14
5563,2025-10-26,Smart Speaker,Electronics,East,3,95,0.0,285.0,79.8
5564,2025-10-26,Plant Pot,Home Decor,East,10,30,0.2,240.0,67.2
5565,2025-10-27,Office Chair,Furniture,North,4,240,0.05,912.0,255.36
5566,2025-10-27,Projector,Office Supplies,West,11,680,0.0,7480.0,2094.4
5567,2025-10-27,Air Purifier,Home Decor,South,2,170,0.0,340.0,95.2
5568,2025-10-27,Plant Pot,Home Decor,East,11,30,0.08,303.6,85.01
5569,2025-10-27,"Monitor 27""",Electronics,North,2,390,0.18,639.6,179.09
5570,2025-10-27,Executive Desk,Furniture,East,7,910,0.12,5605.6,1569.57
5571,2025-10-27,USB-C Dock,Electronics,West,3,120,0.05,342.0,95.76
5572,2025-10-27,Projector,Office Supplies,South,10,680,0.05,6460.0,1808.8
5573,2025-10-27,Projector,Office Supplies,South,6,680,0.0,4080.0,1142.4
5574,2025-10-27,Color Printer,Office Supplies,West,3,260,0.08,717.6,200.93
5575,2025-10-27,Projector,Office Supplies,North,8,680,0.2,4352.0,1218.56
5576,2025-10-27,Inkjet Printer,Office Supplies,North,4,180,0.0,720.0,201.6
5577,2025-10-27,"Monitor 27""",Electronics,North,1,390,0.18,319.8,89.54
5578,2025-10-27,Smart Speaker,Electronics,East,11,95,0.18,856.9,239.93
5579,2025-10-27,Smart Speaker,Electronics,East,9,95,0.08,786.6,220.25
5580,2025-10-27,Air Purifier,Home Decor,East,9,170,0.18,1254.6,351.29
5581,2025-10-28,Projector,Office Supplies,North,1,680,0.08,625.6,175.17
5582,2025-10-28,Office Chair,Furniture,South,8,240,0.2,1536.0,430.08
5583,2025-10-28,Air Purifier,Home Decor,West,8,170,0.05,1292.0,361.76
5584,2025-10-28,Inkjet Printer,Office Supplies,South,8,180,0.05,1368.0,383.04
5585,2025-10-28,4K Monitor,Electronics,East,8,420,0.18,2755.2,771.46
5586,2025-10-28,Color Printer,Office Supplies,West,4,260,0.18,852.8,238.78
5587,2025-10-28,Notebook Set,Office Supplies,North,10,18,0.2,144.0,40.32
5588,2025-10-28,Plant Pot,Home Decor,West,10,30,0.18,246.0,68.88
5589,2025-10-28,Ergonomic Chair,Furniture,South,1,320,0.12,281.6,78.85
5590,2025-10-29,Wireless Mouse,Electronics,South,1,45,0.2,36.0,10.08
5591,2025-10-29,Air Purifier,Home Decor,South,2,170,0.12,299.2,83.78
5592,2025-10-29,Notebook Set,Office Supplies,West,5,18,0.18,73.8,20.66
5593,2025-10-29,"Monitor 27""",Electronics,South,1,390,0.18,319.8,89.54
5594,2025-10-29,Desk Lamp,Home Decor,South,7,60,0.08,386.4,108.19
5595,2025-10-29,Executive Desk,Furniture,East,3,910,0.08,2511.6,703.25
5596,2025-10-29,Desk Lamp,Home Decor,North,10,60,0.18,492.0,137.76
5597,2025-10-29,Office Chair,Furniture,West,11,240,0.08,2428.8,680.06
5598,2025-10-29,Air Purifier,Home Decor,West,7,170,0.05,1130.5,316.54
5599,2025-10-29,4K Monitor,Electronics,East,11,420,0.12,4065.6,1138.37
5600,2025-10-30,"Monitor 27""",Electronics,East,2,390,0.0,780.0,218.4
5601,2025-10-30,Notebook Set,Office Supplies,East,6,18,0.08,99.36,27.82
5602,2025-10-30,"Monitor 27""",Electronics,East,7,390,0.05,2593.5,726.18
5603,2025-10-30,4K Monitor,Electronics,West,10,420,0.05,3990.0,1117.2
5604,2025-10-30,Notebook Set,Office Supplies,West,1,18,0.08,16.56,4.64
5605,2025-10-30,Air Purifier,Home Decor,West,6,170,0.0,1020.0,285.6
5606,2025-10-30,Smart Speaker,Electronics,North,5,95,0.0,475.0,133.0
5607,2025-10-30,"Monitor 27""",Electronics,East,8,390,0.0,3120.0,873.6
5608,2025-10-30,Desk Lamp,Home Decor,South,5,60,0.2,240.0,67.2
5609,2025-10-30,Storage Cabinet,Furniture,South,1,280,0.0,280.0,78.4
5610,2025-10-30,Storage Cabinet,Furniture,South,1,280,0.12,246.4,68.99
5611,2025-10-30,Smart Speaker,Electronics,West,1,95,0.05,90.25,25.27
5612,2025-10-30,Inkjet Printer,Office Supplies,South,2,180,0.08,331.2,92.74
5613,2025-10-31,Projector,Office Supplies,East,9,680,0.08,5630.4,1576.51
5614,2025-10-31,Color Printer,Office Supplies,West,6,260,0.08,1435.2,401.86
5615,2025-10-31,Tablet Air,Electronics,South,9,680,0.18,5018.4,1405.15
5616,2025-10-31,Wireless Headset,Electronics,South,3,120,0.05,342.0,95.76
5617,2025-10-31,Notebook Set,Office Supplies,East,10,18,0.0,180.0,50.4
5618,2025-10-31,Wireless Mouse,Electronics,East,10,45,0.2,360.0,100.8
5619,2025-10-31,"Monitor 27""",Electronics,North,5,390,0.05,1852.5,518.7
5620,2025-10-31,Projector,Office Supplies,West,1,680,0.05,646.0,180.88
5621,2025-10-31,Storage Cabinet,Furniture,South,7,280,0.18,1607.2,450.02
5622,2025-10-31,Air Purifier,Home Decor,South,3,170,0.08,469.2,131.38
5623,2025-10-31,Air Purifier,Home Decor,South,2,170,0.0,340.0,95.2
5624,2025-10-31,Wireless Headset,Electronics,East,8,120,0.0,960.0,268.8
5625,2025-10-31,Standing Desk,Furniture,South,7,550,0.05,3657.5,1024.1
5626,2025-10-31,Inkjet Printer,Office Supplies,East,6,180,0.08,993.6,278.21
5627,2025-10-31,USB-C Dock,Electronics,West,8,120,0.18,787.2,220.42
5628,2025-11-01,Tablet Air,Electronics,North,8,680,0.2,4352.0,1218.56
5629,2025-11-01,Desk Lamp,Home Decor,West,7,60,0.0,420.0,117.6
5630,2025-11-01,4K Monitor,Electronics,West,10,420,0.08,3864.0,1081.92
5631,2025-11-01,Office Chair,Furniture,North,10,240,0.12,2112.0,591.36
5632,2025-11-01,Inkjet Printer,Office Supplies,West,9,180,0.0,1620.0,453.6
5633,2025-11-01,Projector,Office Supplies,North,9,680,0.05,5814.0,1627.92
5634,2025-11-01,Projector,Office Supplies,South,1,680,0.0,680.0,190.4
5635,2025-11-01,Projector,Office Supplies,South,11,680,0.08,6881.6,1926.85
5636,2025-11-01,USB-C Dock,Electronics,West,3,120,0.2,288.0,80.64
5637,2025-11-01,Inkjet Printer,Office Supplies,East,5,180,0.0,900.0,252.0
5638,2025-11-01,Desk Lamp,Home Decor,East,9,60,0.0,540.0,151.2
5639,2025-11-01,Inkjet Printer,Office Supplies,East,6,180,0.18,885.6,247.97
5640,2025-11-01,Wireless Mouse,Electronics,South,2,45,0.05,85.5,23.94
5641,2025-11-01,Projector,Office Supplies,East,4,680,0.18,2230.4,624.51
5642,2025-11-01,Standing Desk,Furniture,West,6,550,0.08,3036.0,850.08
5643,2025-11-01,Color Printer,Office Supplies,North,2,260,0.12,457.6,128.13
5644,2025-11-02,Inkjet Printer,Office Supplies,North,7,180,0.08,1159.2,324.58
5645,2025-11-02,Storage Cabinet,Furniture,East,10,280,0.12,2464.0,689.92
5646,2025-11-02,Tablet Air,Electronics,North,4,680,0.0,2720.0,761.6
5647,2025-11-02,Plant Pot,Home Decor,East,3,30,0.05,85.5,23.94
5648,2025-11-02,Projector,Office Supplies,North,2,680,0.05,1292.0,361.76
5649,2025-11-02,Plant Pot,Home Decor,North,5,30,0.05,142.5,39.9
5650,2025-11-02,USB-C Dock,Electronics,East,2,120,0.18,196.8,55.1
5651,2025-11-02,Wireless Headset,Electronics,South,3,120,0.05,342.0,95.76
5652,2025-11-03,Color Printer,Office Supplies,North,1,260,0.0,260.0,72.8
5653,2025-11-03,Storage Cabinet,Furniture,West,9,280,0.05,2394.0,670.32
5654,2025-11-03,Storage Cabinet,Furniture,East,7,280,0.12,1724.8,482.94
5655,2025-11-03,Laptop Pro 14,Electronics,West,4,1200,0.05,4560.0,1276.8
5656,2025-11-03,Wireless Mouse,Electronics,West,1,45,0.12,39.6,11.09
5657,2025-11-03,Standing Desk,Furniture,West,9,550,0.18,4059.0,1136.52
5658,2025-11-03,Air Purifier,Home Decor,East,6,170,0.18,836.4,234.19
5659,2025-11-03,Standing Desk,Furniture,South,6,550,0.0,3300.0,924.0
5660,2025-11-03,Air Purifier,Home Decor,South,6,170,0.2,816.0,228.48
5661,2025-11-03,Executive Desk,Furniture,East,3,910,0.18,2238.6,626.81
5662,2025-11-03,Smart Speaker,Electronics,East,8,95,0.2,608.0,170.24
5663,2025-11-03,Notebook Set,Office Supplies,West,5,18,0.0,90.0,25.2
5664,2025-11-03,Notebook Set,Office Supplies,South,6,18,0.0,108.0,30.24
5665,2025-11-03,Desk Lamp,Home Decor,West,6,60,0.12,316.8,88.7
5666,2025-11-03,Plant Pot,Home Decor,West,3,30,0.2,72.0,20.16
5667,2025-11-03,Color Printer,Office Supplies,North,7,260,0.12,1601.6,448.45
5668,2025-11-04,Desk Lamp,Home Decor,South,5,60,0.08,276.0,77.28
5669,2025-11-04,Wireless Mouse,Electronics,West,3,45,0.08,124.2,34.78
5670,2025-11-04,Color Printer,Office Supplies,South,9,260,0.0,2340.0,655.2
5671,2025-11-04,Standing Desk,Furniture,East,2,550,0.2,880.0,246.4
5672,2025-11-04,Notebook Set,Office Supplies,East,4,18,0.12,63.36,17.74
5673,2025-11-04,USB-C Dock,Electronics,North,2,120,0.12,211.2,59.14
5674,2025-11-04,Inkjet Printer,Office Supplies,North,5,180,0.2,720.0,201.6
5675,2025-11-04,Notebook Set,Office Supplies,West,5,18,0.12,79.2,22.18
5676,2025-11-04,Laptop Pro 14,Electronics,West,4,1200,0.0,4800.0,1344.0
5677,2025-11-04,4K Monitor,Electronics,West,1,420,0.2,336.0,94.08
5678,2025-11-04,Desk Lamp,Home Decor,East,3,60,0.05,171.0,47.88
5679,2025-11-04,Notebook Set,Office Supplies,South,4,18,0.0,72.0,20.16
5680,2025-11-04,Air Purifier,Home Decor,West,6,170,0.05,969.0,271.32
5681,2025-11-04,Storage Cabinet,Furniture,West,3,280,0.18,688.8,192.86
5682,2025-11-04,4K Monitor,Electronics,East,5,420,0.08,1932.0,540.96
5683,2025-11-04,Storage Cabinet,Furniture,East,10,280,0.05,2660.0,744.8
5684,2025-11-04,Color Printer,Office Supplies,West,9,260,0.0,2340.0,655.2
5685,2025-11-05,Plant Pot,Home Decor,East,9,30,0.12,237.6,66.53
5686,2025-11-05,Wireless Mouse,Electronics,East,10,45,0.08,414.0,115.92
5687,2025-11-05,Projector,Office Supplies,West,6,680,0.12,3590.4,1005.31
5688,2025-11-05,Air Purifier,Home Decor,South,8,170,0.05,1292.0,361.76
5689,2025-11-05,Plant Pot,Home Decor,North,4,30,0.05,114.0,31.92
5690,2025-11-05,Color Printer,Office Supplies,West,6,260,0.12,1372.8,384.38
5691,2025-11-05,Notebook Set,Office Supplies,East,1,18,0.12,15.84,4.44
5692,2025-11-05,Air Purifier,Home Decor,East,4,170,0.2,544.0,152.32
5693,2025-11-06,Standing Desk,Furniture,East,7,550,0.2,3080.0,862.4
5694,2025-11-06,Plant Pot,Home Decor,South,11,30,0.05,313.5,87.78
5695,2025-11-06,Storage Cabinet,Furniture,South,7,280,0.05,1862.0,521.36
5696,2025-11-06,Storage Cabinet,Furniture,North,9,280,0.2,2016.0,564.48
5697,2025-11-06,Storage Cabinet,Furniture,East,6,280,0.12,1478.4,413.95
5698,2025-11-06,Color Printer,Office Supplies,North,2,260,0.0,520.0,145.6
5699,2025-11-06,4K Monitor,Electronics,East,8,420,0.18,2755.2,771.46
5700,2025-11-06,Smart Speaker,Electronics,West,6,95,0.12,501.6,140.45
5701,2025-11-06,Plant Pot,Home Decor,West,8,30,0.08,220.8,61.82
5702,2025-11-06,Standing Desk,Furniture,North,3,550,0.2,1320.0,369.6
5703,2025-11-06,Laptop Pro 14,Electronics,North,4,1200,0.0,4800.0,1344.0
5704,2025-11-06,Executive Desk,Furniture,West,5,910,0.18,3731.0,1044.68
5705,2025-11-06,Projector,Office Supplies,West,3,680,0.12,1795.2,502.66
5706,2025-11-06,Plant Pot,Home Decor,East,5,30,0.05,142.5,39.9
5707,2025-11-06,Wireless Mouse,Electronics,East,10,45,0.12,396.0,110.88
5708,2025-11-06,Wireless Mouse,Electronics,East,3,45,0.12,118.8,33.26
5709,2025-11-07,USB-C Dock,Electronics,West,4,120,0.18,393.6,110.21
5710,2025-11-07,Desk Lamp,Home Decor,South,8,60,0.12,422.4,118.27
5711,2025-11-07,Standing Desk,Furniture,East,3,550,0.0,1650.0,462.0
5712,2025-11-07,"Monitor 27""",Electronics,North,4,390,0.05,1482.0,414.96
5713,2025-11-07,Executive Desk,Furniture,South,7,910,0.0,6370.0,1783.6
5714,2025-11-07,4K Monitor,Electronics,East,1,420,0.12,369.6,103.49
5715,2025-11-07,Wireless Mouse,Electronics,South,8,45,0.12,316.8,88.7
5716,2025-11-07,Plant Pot,Home Decor,North,6,30,0.2,144.0,40.32
5717,2025-11-07,Color Printer,Office Supplies,North,10,260,0.2,2080.0,582.4
5718,2025-11-07,Inkjet Printer,Office Supplies,East,8,180,0.2,1152.0,322.56
5719,2025-11-07,USB-C Dock,Electronics,East,4,120,0.2,384.0,107.52
5720,2025-11-07,Wireless Mouse,Electronics,West,2,45,0.08,82.8,23.18
5721,2025-11-07,Executive Desk,Furniture,North,4,910,0.2,2912.0,815.36
5722,2025-11-07,Ergonomic Chair,Furniture,West,7,320,0.18,1836.8,514.3
5723,2025-11-07,Desk Lamp,Home Decor,West,6,60,0.18,295.2,82.66
5724,2025-11-07,Inkjet Printer,Office Supplies,East,4,180,0.08,662.4,185.47
5725,2025-11-07,Ergonomic Chair,Furniture,South,7,320,0.08,2060.8,577.02
5726,2025-11-08,"Monitor 27""",Electronics,South,11,390,0.08,3946.8,1105.1
5727,2025-11-08,Laptop Pro 14,Electronics,East,2,1200,0.0,2400.0,672.0
5728,2025-11-08,Storage Cabinet,Furniture,South,1,280,0.18,229.6,64.29
5729,2025-11-08,Wireless Headset,Electronics,East,3,120,0.08,331.2,92.74
5730,2025-11-08,Wireless Headset,Electronics,South,5,120,0.0,600.0,168.0
5731,2025-11-08,Storage Cabinet,Furniture,North,11,280,0.05,2926.0,819.28
5732,2025-11-08,USB-C Dock,Electronics,South,5,120,0.18,492.0,137.76
5733,2025-11-08,USB-C Dock,Electronics,North,1,120,0.0,120.0,33.6
5734,2025-11-08,Laptop Pro 14,Electronics,West,10,1200,0.0,12000.0,3360.0
5735,2025-11-08,Desk Lamp,Home Decor,East,9,60,0.08,496.8,139.1
5736,2025-11-08,Ergonomic Chair,Furniture,East,8,320,0.05,2432.0,680.96
5737,2025-11-08,Plant Pot,Home Decor,West,4,30,0.0,120.0,33.6
5738,2025-11-09,Notebook Set,Office Supplies,North,2,18,0.05,34.2,9.58
5739,2025-11-09,Plant Pot,Home Decor,North,10,30,0.2,240.0,67.2
5740,2025-11-09,Wireless Headset,Electronics,East,7,120,0.05,798.0,223.44
5741,2025-11-09,Air Purifier,Home Decor,East,10,170,0.0,1700.0,476.0
5742,2025-11-09,Projector,Office Supplies,East,11,680,0.08,6881.6,1926.85
5743,2025-11-09,Air Purifier,Home Decor,East,8,170,0.12,1196.8,335.1
5744,2025-11-09,Ergonomic Chair,Furniture,West,1,320,0.05,304.0,85.12
5745,2025-11-09,Storage Cabinet,Furniture,East,4,280,0.12,985.6,275.97
5746,2025-11-09,Laptop Pro 14,Electronics,East,6,1200,0.18,5904.0,1653.12
5747,2025-11-09,Inkjet Printer,Office Supplies,South,11,180,0.2,1584.0,443.52
5748,2025-11-09,Wireless Headset,Electronics,South,1,120,0.12,105.6,29.57
5749,2025-11-09,Laptop Pro 14,Electronics,East,9,1200,0.08,9936.0,2782.08
5750,2025-11-09,Air Purifier,Home Decor,South,2,170,0.12,299.2,83.78
5751,2025-11-09,4K Monitor,Electronics,South,9,420,0.18,3099.6,867.89
5752,2025-11-09,Office Chair,Furniture,West,10,240,0.0,2400.0,672.0
5753,2025-11-09,Office Chair,Furniture,West,5,240,0.0,1200.0,336.0
5754,2025-11-09,Ergonomic Chair,Furniture,East,11,320,0.0,3520.0,985.6
5755,2025-11-10,Office Chair,Furniture,North,3,240,0.05,684.0,191.52
5756,2025-11-10,Wireless Headset,Electronics,East,7,120,0.2,672.0,188.16
5757,2025-11-10,Storage Cabinet,Furniture,South,9,280,0.12,2217.6,620.93
5758,2025-11-10,Wireless Headset,Electronics,East,3,120,0.12,316.8,88.7
5759,2025-11-10,Notebook Set,Office Supplies,North,8,18,0.12,126.72,35.48
5760,2025-11-10,Inkjet Printer,Office Supplies,East,11,180,0.05,1881.0,526.68
5761,2025-11-10,Notebook Set,Office Supplies,North,11,18,0.0,198.0,55.44
5762,2025-11-10,Color Printer,Office Supplies,West,7,260,0.18,1492.4,417.87
5763,2025-11-10,Air Purifier,Home Decor,East,2,170,0.05,323.0,90.44
5764,2025-11-10,Executive Desk,Furniture,East,9,910,0.0,8190.0,2293.2
5765,2025-11-10,Smart Speaker,Electronics,East,7,95,0.0,665.0,186.2
5766,2025-11-11,Executive Desk,Furniture,West,1,910,0.2,728.0,203.84
5767,2025-11-11,Air Purifier,Home Decor,North,5,170,0.05,807.5,226.1
5768,2025-11-11,Office Chair,Furniture,West,9,240,0.08,1987.2,556.42
5769,2025-11-11,Air Purifier,Home Decor,West,9,170,0.12,1346.4,376.99
5770,2025-11-11,Laptop Pro 14,Electronics,West,4,1200,0.05,4560.0,1276.8
5771,2025-11-11,Desk Lamp,Home Decor,West,4,60,0.08,220.8,61.82
5772,2025-11-11,Storage Cabinet,Furniture,South,4,280,0.18,918.4,257.15
5773,2025-11-11,Ergonomic Chair,Furniture,West,5,320,0.0,1600.0,448.0
5774,2025-11-11,"Monitor 27""",Electronics,East,11,390,0.0,4290.0,1201.2
5775,2025-11-11,Inkjet Printer,Office Supplies,South,5,180,0.05,855.0,239.4
5776,2025-11-11,Wireless Mouse,Electronics,East,3,45,0.05,128.25,35.91
5777,2025-11-11,Wireless Mouse,Electronics,North,5,45,0.0,225.0,63.0
5778,2025-11-11,Laptop Pro 14,Electronics,South,1,1200,0.0,1200.0,336.0
5779,2025-11-11,Air Purifier,Home Decor,North,4,170,0.08,625.6,175.17
5780,2025-11-11,Air Purifier,Home Decor,West,2,170,0.08,312.8,87.58
5781,2025-11-11,Executive Desk,Furniture,West,4,910,0.12,3203.2,896.9
5782,2025-11-12,Laptop Pro 14,Electronics,East,5,1200,0.18,4920.0,1377.6
5783,2025-11-12,Inkjet Printer,Office Supplies,West,1,180,0.2,144.0,40.32
5784,2025-11-12,"Monitor 27""",Electronics,West,8,390,0.05,2964.0,829.92
5785,2025-11-12,Plant Pot,Home Decor,East,6,30,0.05,171.0,47.88
5786,2025-11-12,Air Purifier,Home Decor,North,1,170,0.0,170.0,47.6
5787,2025-11-12,Ergonomic Chair,Furniture,East,8,320,0.0,2560.0,716.8
5788,2025-11-12,Executive Desk,Furniture,West,4,910,0.0,3640.0,1019.2
5789,2025-11-12,Laptop Pro 14,Electronics,South,4,1200,0.0,4800.0,1344.0
5790,2025-11-12,Storage Cabinet,Furniture,South,1,280,0.18,229.6,64.29
5791,2025-11-12,Storage Cabinet,Furniture,West,9,280,0.0,2520.0,705.6
5792,2025-11-13,USB-C Dock,Electronics,South,5,120,0.12,528.0,147.84
5793,2025-11-13,Notebook Set,Office Supplies,North,9,18,0.2,129.6,36.29
5794,2025-11-13,Air Purifier,Home Decor,South,10,170,0.2,1360.0,380.8
5795,2025-11-13,Plant Pot,Home Decor,North,5,30,0.12,132.0,36.96
5796,2025-11-13,Plant Pot,Home Decor,West,10,30,0.2,240.0,67.2
5797,2025-11-13,Smart Speaker,Electronics,North,9,95,0.18,701.1,196.31
5798,2025-11-13,Standing Desk,Furniture,East,9,550,0.08,4554.0,1275.12
5799,2025-11-13,Ergonomic Chair,Furniture,East,7,320,0.2,1792.0,501.76
5800,2025-11-13,Executive Desk,Furniture,West,3,910,0.05,2593.5,726.18
5801,2025-11-14,Standing Desk,Furniture,East,1,550,0.18,451.0,126.28
5802,2025-11-14,Projector,Office Supplies,South,4,680,0.05,2584.0,723.52
5803,2025-11-14,Notebook Set,Office Supplies,North,11,18,0.18,162.36,45.46
5804,2025-11-14,USB-C Dock,Electronics,South,2,120,0.08,220.8,61.82
5805,2025-11-14,Plant Pot,Home Decor,South,11,30,0.08,303.6,85.01
5806,2025-11-14,"Monitor 27""",Electronics,East,11,390,0.12,3775.2,1057.06
5807,2025-11-14,Tablet Air,Electronics,West,8,680,0.2,4352.0,1218.56
5808,2025-11-14,Plant Pot,Home Decor,South,6,30,0.08,165.6,46.37
5809,2025-11-15,Notebook Set,Office Supplies,East,1,18,0.12,15.84,4.44
5810,2025-11-15,Storage Cabinet,Furniture,West,3,280,0.0,840.0,235.2
5811,2025-11-15,Executive Desk,Furniture,North,6,910,0.08,5023.2,1406.5
5812,2025-11-15,Plant Pot,Home Decor,North,7,30,0.05,199.5,55.86
5813,2025-11-15,Inkjet Printer,Office Supplies,East,1,180,0.18,147.6,41.33
5814,2025-11-15,Notebook Set,Office Supplies,South,1,18,0.0,18.0,5.04
5815,2025-11-15,Inkjet Printer,Office Supplies,West,3,180,0.18,442.8,123.98
5816,2025-11-15,Color Printer,Office Supplies,West,8,260,0.18,1705.6,477.57
5817,2025-11-15,Inkjet Printer,Office Supplies,East,10,180,0.18,1476.0,413.28
5818,2025-11-15,Notebook Set,Office Supplies,South,1,18,0.0,18.0,5.04
5819,2025-11-15,Ergonomic Chair,Furniture,East,10,320,0.18,2624.0,734.72
5820,2025-11-15,Storage Cabinet,Furniture,East,4,280,0.2,896.0,250.88
5821,2025-11-15,Air Purifier,Home Decor,North,7,170,0.18,975.8,273.22
5822,2025-11-15,Smart Speaker,Electronics,East,4,95,0.18,311.6,87.25
5823,2025-11-16,Plant Pot,Home Decor,South,1,30,0.05,28.5,7.98
5824,2025-11-16,Tablet Air,Electronics,South,3,680,0.05,1938.0,542.64
5825,2025-11-16,Projector,Office Supplies,West,1,680,0.2,544.0,152.32
5826,2025-11-16,Office Chair,Furniture,North,7,240,0.2,1344.0,376.32
5827,2025-11-16,Tablet Air,Electronics,North,11,680,0.18,6133.6,1717.41
5828,2025-11-16,Air Purifier,Home Decor,South,5,170,0.18,697.0,195.16
5829,2025-11-16,Laptop Pro 14,Electronics,North,10,1200,0.05,11400.0,3192.0
5830,2025-11-16,Ergonomic Chair,Furniture,South,9,320,0.2,2304.0,645.12
5831,2025-11-16,Projector,Office Supplies,North,11,680,0.0,7480.0,2094.4
5832,2025-11-16,Wireless Mouse,Electronics,North,10,45,0.05,427.5,119.7
5833,2025-11-16,Desk Lamp,Home Decor,North,6,60,0.05,342.0,95.76
5834,2025-11-16,Ergonomic Chair,Furniture,West,7,320,0.05,2128.0,595.84
5835,2025-11-17,Notebook Set,Office Supplies,West,10,18,0.12,158.4,44.35
5836,2025-11-17,Storage Cabinet,Furniture,South,3,280,0.05,798.0,223.44
5837,2025-11-17,Smart Speaker,Electronics,East,2,95,0.08,174.8,48.94
5838,2025-11-17,Standing Desk,Furniture,West,11,550,0.12,5324.0,1490.72
5839,2025-11-17,Notebook Set,Office Supplies,West,9,18,0.08,149.04,41.73
5840,2025-11-17,Projector,Office Supplies,East,3,680,0.05,1938.0,542.64
5841,2025-11-17,Laptop Pro 14,Electronics,West,3,1200,0.2,2880.0,806.4
5842,2025-11-17,Ergonomic Chair,Furniture,East,2,320,0.05,608.0,170.24
5843,2025-11-17,Standing Desk,Furniture,West,7,550,0.2,3080.0,862.4
5844,2025-11-17,Desk Lamp,Home Decor,West,1,60,0.08,55.2,15.46
5845,2025-11-17,Inkjet Printer,Office Supplies,East,10,180,0.08,1656.0,463.68
5846,2025-11-17,Ergonomic Chair,Furniture,West,11,320,0.18,2886.4,808.19
5847,2025-11-17,Smart Speaker,Electronics,East,5,95,0.12,418.0,117.04
5848,2025-11-17,Desk Lamp,Home Decor,South,10,60,0.08,552.0,154.56
5849,2025-11-17,Notebook Set,Office Supplies,East,5,18,0.0,90.0,25.2
5850,2025-11-18,Notebook Set,Office Supplies,North,1,18,0.0,18.0,5.04
5851,2025-11-18,Ergonomic Chair,Furniture,East,7,320,0.12,1971.2,551.94
5852,2025-11-18,Plant Pot,Home Decor,East,1,30,0.2,24.0,6.72
5853,2025-11-18,Storage Cabinet,Furniture,North,6,280,0.08,1545.6,432.77
5854,2025-11-18,Plant Pot,Home Decor,South,10,30,0.18,246.0,68.88
5855,2025-11-18,Desk Lamp,Home Decor,West,3,60,0.18,147.6,41.33
5856,2025-11-18,Inkjet Printer,Office Supplies,North,6,180,0.0,1080.0,302.4
5857,2025-11-18,Notebook Set,Office Supplies,South,3,18,0.08,49.68,13.91
5858,2025-11-18,Standing Desk,Furniture,West,9,550,0.08,4554.0,1275.12
5859,2025-11-18,Tablet Air,Electronics,East,7,680,0.12,4188.8,1172.86
5860,2025-11-19,Standing Desk,Furniture,East,11,550,0.12,5324.0,1490.72
5861,2025-11-19,Color Printer,Office Supplies,West,1,260,0.05,247.0,69.16
5862,2025-11-19,Executive Desk,Furniture,South,9,910,0.08,7534.8,2109.74
5863,2025-11-19,Air Purifier,Home Decor,North,11,170,0.2,1496.0,418.88
5864,2025-11-19,"Monitor 27""",Electronics,West,10,390,0.08,3588.0,1004.64
5865,2025-11-19,Notebook Set,Office Supplies,East,8,18,0.08,132.48,37.09
5866,2025-11-19,Office Chair,Furniture,South,3,240,0.08,662.4,185.47
5867,2025-11-19,Storage Cabinet,Furniture,East,10,280,0.18,2296.0,642.88
5868,2025-11-20,Ergonomic Chair,Furniture,East,9,320,0.08,2649.6,741.89
5869,2025-11-20,Executive Desk,Furniture,North,8,910,0.2,5824.0,1630.72
5870,2025-11-20,Inkjet Printer,Office Supplies,West,6,180,0.12,950.4,266.11
5871,2025-11-20,Plant Pot,Home Decor,West,8,30,0.12,211.2,59.14
5872,2025-11-20,Tablet Air,Electronics,North,10,680,0.18,5576.0,1561.28
5873,2025-11-20,Ergonomic Chair,Furniture,North,6,320,0.0,1920.0,537.6
5874,2025-11-20,Desk Lamp,Home Decor,North,9,60,0.0,540.0,151.2
5875,2025-11-20,Notebook Set,Office Supplies,North,3,18,0.05,51.3,14.36
5876,2025-11-20,Projector,Office Supplies,West,9,680,0.12,5385.6,1507.97
5877,2025-11-20,Storage Cabinet,Furniture,West,6,280,0.12,1478.4,413.95
5878,2025-11-21,Executive Desk,Furniture,South,7,910,0.18,5223.4,1462.55
5879,2025-11-21,4K Monitor,Electronics,West,5,420,0.18,1722.0,482.16
5880,2025-11-21,Laptop Pro 14,Electronics,North,7,1200,0.2,6720.0,1881.6
5881,2025-11-21,Color Printer,Office Supplies,North,11,260,0.05,2717.0,760.76
5882,2025-11-21,Color Printer,Office Supplies,West,11,260,0.12,2516.8,704.7
5883,2025-11-21,Inkjet Printer,Office Supplies,East,8,180,0.12,1267.2,354.82
5884,2025-11-21,Inkjet Printer,Office Supplies,North,1,180,0.08,165.6,46.37
5885,2025-11-21,Executive Desk,Furniture,West,8,910,0.18,5969.6,1671.49
5886,2025-11-22,Air Purifier,Home Decor,North,8,170,0.12,1196.8,335.1
5887,2025-11-22,Desk Lamp,Home Decor,North,3,60,0.0,180.0,50.4
5888,2025-11-22,Wireless Mouse,Electronics,West,6,45,0.18,221.4,61.99
5889,2025-11-22,Desk Lamp,Home Decor,South,3,60,0.18,147.6,41.33
5890,2025-11-22,Projector,Office Supplies,North,2,680,0.0,1360.0,380.8
5891,2025-11-22,Color Printer,Office Supplies,South,4,260,0.12,915.2,256.26
5892,2025-11-22,Air Purifier,Home Decor,South,8,170,0.0,1360.0,380.8
5893,2025-11-22,Plant Pot,Home Decor,South,8,30,0.2,192.0,53.76
5894,2025-11-22,Wireless Headset,Electronics,North,1,120,0.08,110.4,30.91
5895,2025-11-22,Inkjet Printer,Office Supplies,West,7,180,0.08,1159.2,324.58
5896,2025-11-22,Ergonomic Chair,Furniture,North,7,320,0.18,1836.8,514.3
5897,2025-11-22,Ergonomic Chair,Furniture,West,7,320,0.05,2128.0,595.84
5898,2025-11-22,Tablet Air,Electronics,East,7,680,0.05,4522.0,1266.16
5899,2025-11-23,Executive Desk,Furniture,South,6,910,0.2,4368.0,1223.04
5900,2025-11-23,Smart Speaker,Electronics,North,11,95,0.12,919.6,257.49
5901,2025-11-23,Air Purifier,Home Decor,South,1,170,0.05,161.5,45.22
5902,2025-11-23,Inkjet Printer,Office Supplies,North,11,180,0.05,1881.0,526.68
5903,2025-11-23,Projector,Office Supplies,East,8,680,0.0,5440.0,1523.2
5904,2025-11-23,Projector,Office Supplies,West,1,680,0.05,646.0,180.88
5905,2025-11-23,4K Monitor,Electronics,South,6,420,0.08,2318.4,649.15
5906,2025-11-23,Projector,Office Supplies,South,9,680,0.05,5814.0,1627.92
5907,2025-11-23,Wireless Mouse,Electronics,South,7,45,0.18,258.3,72.32
5908,2025-11-24,Inkjet Printer,Office Supplies,North,11,180,0.08,1821.6,510.05
5909,2025-11-24,Desk Lamp,Home Decor,West,11,60,0.18,541.2,151.54
5910,2025-11-24,Notebook Set,Office Supplies,North,7,18,0.18,103.32,28.93
5911,2025-11-24,Inkjet Printer,Office Supplies,East,10,180,0.0,1800.0,504.0
5912,2025-11-24,Office Chair,Furniture,North,4,240,0.08,883.2,247.3
5913,2025-11-24,Inkjet Printer,Office Supplies,West,3,180,0.08,496.8,139.1
5914,2025-11-24,Notebook Set,Office Supplies,West,8,18,0.2,115.2,32.26
5915,2025-11-24,Storage Cabinet,Furniture,West,1,280,0.08,257.6,72.13
5916,2025-11-24,Ergonomic Chair,Furniture,South,9,320,0.05,2736.0,766.08
5917,2025-11-24,Air Purifier,Home Decor,North,11,170,0.05,1776.5,497.42
5918,2025-11-24,"Monitor 27""",Electronics,West,10,390,0.12,3432.0,960.96
5919,2025-11-24,Plant Pot,Home Decor,West,7,30,0.0,210.0,58.8
5920,2025-11-24,Laptop Pro 14,Electronics,North,4,1200,0.2,3840.0,1075.2
5921,2025-11-24,Wireless Headset,Electronics,West,3,120,0.18,295.2,82.66
5922,2025-11-24,Storage Cabinet,Furniture,West,8,280,0.08,2060.8,577.02
5923,2025-11-24,Air Purifier,Home Decor,West,10,170,0.05,1615.0,452.2
5924,2025-11-25,Wireless Headset,Electronics,West,8,120,0.12,844.8,236.54
5925,2025-11-25,Plant Pot,Home Decor,South,8,30,0.0,240.0,67.2
5926,2025-11-25,Plant Pot,Home Decor,West,7,30,0.2,168.0,47.04
5927,2025-11-25,Desk Lamp,Home Decor,West,4,60,0.12,211.2,59.14
5928,2025-11-25,Plant Pot,Home Decor,South,1,30,0.12,26.4,7.39
5929,2025-11-25,Plant Pot,Home Decor,East,5,30,0.18,123.0,34.44
5930,2025-11-25,Smart Speaker,Electronics,North,5,95,0.08,437.0,122.36
5931,2025-11-25,Desk Lamp,Home Decor,North,8,60,0.0,480.0,134.4
5932,2025-11-25,Executive Desk,Furniture,South,7,910,0.08,5860.4,1640.91
5933,2025-11-25,Plant Pot,Home Decor,West,7,30,0.18,172.2,48.22
5934,2025-11-25,Wireless Mouse,Electronics,East,6,45,0.05,256.5,71.82
5935,2025-11-26,Ergonomic Chair,Furniture,East,11,320,0.2,2816.0,788.48
5936,2025-11-26,Notebook Set,Office Supplies,North,8,18,0.12,126.72,35.48
5937,2025-11-26,Wireless Headset,Electronics,West,1,120,0.18,98.4,27.55
5938,2025-11-26,Storage Cabinet,Furniture,East,3,280,0.0,840.0,235.2
5939,2025-11-26,Desk Lamp,Home Decor,North,8,60,0.05,456.0,127.68
5940,2025-11-26,Plant Pot,Home Decor,East,5,30,0.2,120.0,33.6
5941,2025-11-26,Projector,Office Supplies,North,6,680,0.18,3345.6,936.77
5942,2025-11-26,4K Monitor,Electronics,West,8,420,0.05,3192.0,893.76
5943,2025-11-26,Air Purifier,Home Decor,South,7,170,0.0,1190.0,333.2
5944,2025-11-26,Standing Desk,Furniture,East,7,550,0.12,3388.0,948.64
5945,2025-11-26,Projector,Office Supplies,North,3,680,0.05,1938.0,542.64
5946,2025-11-26,Plant Pot,Home Decor,North,2,30,0.18,49.2,13.78
5947,2025-11-26,Projector,Office Supplies,North,5,680,0.12,2992.0,837.76
5948,2025-11-26,4K Monitor,Electronics,West,2,420,0.2,672.0,188.16
5949,2025-11-26,Storage Cabinet,Furniture,West,6,280,0.05,1596.0,446.88
5950,2025-11-26,Air Purifier,Home Decor,North,8,170,0.12,1196.8,335.1
5951,2025-11-27,Office Chair,Furniture,North,8,240,0.18,1574.4,440.83
5952,2025-11-27,Plant Pot,Home Decor,South,11,30,0.08,303.6,85.01
5953,2025-11-27,Color Printer,Office Supplies,East,7,260,0.08,1674.4,468.83
5954,2025-11-27,Ergonomic Chair,Furniture,East,9,320,0.12,2534.4,709.63
5955,2025-11-27,Inkjet Printer,Office Supplies,West,5,180,0.08,828.0,231.84
5956,2025-11-27,Laptop Pro 14,Electronics,East,1,1200,0.05,1140.0,319.2
5957,2025-11-27,Air Purifier,Home Decor,South,5,170,0.12,748.0,209.44
5958,2025-11-27,Desk Lamp,Home Decor,North,5,60,0.05,285.0,79.8
5959,2025-11-27,Notebook Set,Office Supplies,East,2,18,0.2,28.8,8.06
5960,2025-11-27,Notebook Set,Office Supplies,West,7,18,0.12,110.88,31.05
5961,2025-11-28,Tablet Air,Electronics,South,7,680,0.2,3808.0,1066.24
5962,2025-11-28,Storage Cabinet,Furniture,West,1,280,0.08,257.6,72.13
5963,2025-11-28,Plant Pot,Home Decor,South,6,30,0.0,180.0,50.4
5964,2025-11-28,Laptop Pro 14,Electronics,West,3,1200,0.18,2952.0,826.56
5965,2025-11-28,Executive Desk,Furniture,South,10,910,0.08,8372.0,2344.16
5966,2025-11-28,Air Purifier,Home Decor,South,8,170,0.0,1360.0,380.8
5967,2025-11-28,Storage Cabinet,Furniture,West,11,280,0.18,2525.6,707.17
5968,2025-11-28,Air Purifier,Home Decor,West,7,170,0.05,1130.5,316.54
5969,2025-11-29,Smart Speaker,Electronics,West,2,95,0.0,190.0,53.2
5970,2025-11-29,Color Printer,Office Supplies,North,5,260,0.05,1235.0,345.8
5971,2025-11-29,Standing Desk,Furniture,East,6,550,0.2,2640.0,739.2
5972,2025-11-29,Tablet Air,Electronics,West,6,680,0.18,3345.6,936.77
5973,2025-11-29,Ergonomic Chair,Furniture,West,6,320,0.12,1689.6,473.09
5974,2025-11-29,Desk Lamp,Home Decor,North,8,60,0.18,393.6,110.21
5975,2025-11-29,Wireless Headset,Electronics,North,4,120,0.2,384.0,107.52
5976,2025-11-29,Color Printer,Office Supplies,East,2,260,0.2,416.0,116.48
5977,2025-11-29,Executive Desk,Furniture,West,3,910,0.12,2402.4,672.67
5978,2025-11-29,Wireless Headset,Electronics,South,1,120,0.18,98.4,27.55
5979,2025-11-29,Plant Pot,Home Decor,West,10,30,0.12,264.0,73.92
5980,2025-11-29,Plant Pot,Home Decor,East,8,30,0.12,211.2,59.14
5981,2025-11-29,Air Purifier,Home Decor,West,7,170,0.2,952.0,266.56
5982,2025-11-29,Color Printer,Office Supplies,North,4,260,0.2,832.0,232.96
5983,2025-11-29,Ergonomic Chair,Furniture,West,4,320,0.05,1216.0,340.48
5984,2025-11-29,Smart Speaker,Electronics,East,8,95,0.05,722.0,202.16
5985,2025-11-30,Tablet Air,Electronics,East,2,680,0.12,1196.8,335.1
5986,2025-11-30,Office Chair,Furniture,South,10,240,0.18,1968.0,551.04
5987,2025-11-30,Tablet Air,Electronics,East,6,680,0.0,4080.0,1142.4
5988,2025-11-30,Executive Desk,Furniture,North,4,910,0.18,2984.8,835.74
5989,2025-11-30,Projector,Office Supplies,North,9,680,0.08,5630.4,1576.51
5990,2025-11-30,4K Monitor,Electronics,East,6,420,0.05,2394.0,670.32
5991,2025-11-30,Plant Pot,Home Decor,North,2,30,0.12,52.8,14.78
5992,2025-11-30,Tablet Air,Electronics,North,8,680,0.18,4460.8,1249.02
5993,2025-11-30,Plant Pot,Home Decor,North,9,30,0.08,248.4,69.55
5994,2025-11-30,Plant Pot,Home Decor,East,2,30,0.08,55.2,15.46
5995,2025-11-30,Tablet Air,Electronics,East,2,680,0.08,1251.2,350.34
5996,2025-11-30,Executive Desk,Furniture,South,6,910,0.18,4477.2,1253.62
5997,2025-12-01,Air Purifier,Home Decor,West,11,170,0.18,1533.4,429.35
5998,2025-12-01,Color Printer,Office Supplies,North,10,260,0.18,2132.0,596.96
5999,2025-12-01,Air Purifier,Home Decor,South,4,170,0.2,544.0,152.32
6000,2025-12-01,Projector,Office Supplies,East,6,680,0.0,4080.0,1142.4
6001,2025-12-01,Wireless Headset,Electronics,North,1,120,0.18,98.4,27.55
6002,2025-12-01,Notebook Set,Office Supplies,South,6,18,0.0,108.0,30.24
6003,2025-12-01,Inkjet Printer,Office Supplies,West,2,180,0.2,288.0,80.64
6004,2025-12-01,Tablet Air,Electronics,West,5,680,0.05,3230.0,904.4
6005,2025-12-01,Laptop Pro 14,Electronics,East,8,1200,0.05,9120.0,2553.6
6006,2025-12-01,USB-C Dock,Electronics,East,11,120,0.18,1082.4,303.07
6007,2025-12-01,Color Printer,Office Supplies,East,5,260,0.18,1066.0,298.48
6008,2025-12-01,Tablet Air,Electronics,West,5,680,0.08,3128.0,875.84
6009,2025-12-01,Office Chair,Furniture,North,4,240,0.12,844.8,236.54
6010,2025-12-02,Standing Desk,Furniture,East,8,550,0.18,3608.0,1010.24
6011,2025-12-02,Wireless Mouse,Electronics,South,7,45,0.0,315.0,88.2
6012,2025-12-02,"Monitor 27""",Electronics,South,8,390,0.0,3120.0,873.6
6013,2025-12-02,Plant Pot,Home Decor,South,11,30,0.12,290.4,81.31
6014,2025-12-02,Plant Pot,Home Decor,East,1,30,0.12,26.4,7.39
6015,2025-12-02,Executive Desk,Furniture,North,10,910,0.08,8372.0,2344.16
6016,2025-12-02,Color Printer,Office Supplies,North,4,260,0.18,852.8,238.78
6017,2025-12-02,Air Purifier,Home Decor,East,3,170,0.08,469.2,131.38
6018,2025-12-02,Storage Cabinet,Furniture,South,10,280,0.08,2576.0,721.28
6019,2025-12-02,Wireless Headset,Electronics,East,5,120,0.12,528.0,147.84
6020,2025-12-02,Air Purifier,Home Decor,West,7,170,0.0,1190.0,333.2
6021,2025-12-02,Projector,Office Supplies,West,9,680,0.2,4896.0,1370.88
6022,2025-12-02,Notebook Set,Office Supplies,South,4,18,0.2,57.6,16.13
6023,2025-12-02,Desk Lamp,Home Decor,South,2,60,0.0,120.0,33.6
6024,2025-12-03,Laptop Pro 14,Electronics,West,8,1200,0.12,8448.0,2365.44
6025,2025-12-03,Tablet Air,Electronics,East,6,680,0.08,3753.6,1051.01
6026,2025-12-03,Projector,Office Supplies,East,6,680,0.18,3345.6,936.77
6027,2025-12-03,Plant Pot,Home Decor,West,7,30,0.05,199.5,55.86
6028,2025-12-03,Air Purifier,Home Decor,South,3,170,0.2,408.0,114.24
6029,2025-12-03,Plant Pot,Home Decor,East,2,30,0.05,57.0,15.96
6030,2025-12-03,Notebook Set,Office Supplies,East,5,18,0.12,79.2,22.18
6031,2025-12-03,Plant Pot,Home Decor,West,3,30,0.0,90.0,25.2
6032,2025-12-03,Storage Cabinet,Furniture,North,5,280,0.2,1120.0,313.6
6033,2025-12-03,Color Printer,Office Supplies,North,1,260,0.08,239.2,66.98
6034,2025-12-03,Air Purifier,Home Decor,North,6,170,0.08,938.4,262.75
6035,2025-12-04,"Monitor 27""",Electronics,West,6,390,0.18,1918.8,537.26
6036,2025-12-04,Color Printer,Office Supplies,South,11,260,0.05,2717.0,760.76
6037,2025-12-04,Air Purifier,Home Decor,East,10,170,0.18,1394.0,390.32
6038,2025-12-04,Notebook Set,Office Supplies,North,1,18,0.0,18.0,5.04
6039,2025-12-04,Plant Pot,Home Decor,North,11,30,0.05,313.5,87.78
6040,2025-12-04,Air Purifier,Home Decor,East,11,170,0.2,1496.0,418.88
6041,2025-12-04,Smart Speaker,Electronics,South,7,95,0.18,545.3,152.68
6042,2025-12-04,Smart Speaker,Electronics,South,3,95,0.2,228.0,63.84
6043,2025-12-04,Office Chair,Furniture,North,2,240,0.18,393.6,110.21
6044,2025-12-04,Wireless Mouse,Electronics,East,2,45,0.0,90.0,25.2
6045,2025-12-04,Ergonomic Chair,Furniture,East,7,320,0.0,2240.0,627.2
6046,2025-12-04,Storage Cabinet,Furniture,South,7,280,0.05,1862.0,521.36
6047,2025-12-04,Projector,Office Supplies,East,5,680,0.08,3128.0,875.84
6048,2025-12-04,Color Printer,Office Supplies,South,1,260,0.18,213.2,59.7
6049,2025-12-04,Notebook Set,Office Supplies,East,1,18,0.12,15.84,4.44
6050,2025-12-05,Wireless Headset,Electronics,North,3,120,0.18,295.2,82.66
6051,2025-12-05,Office Chair,Furniture,West,11,240,0.0,2640.0,739.2
6052,2025-12-05,Smart Speaker,Electronics,East,5,95,0.18,389.5,109.06
6053,2025-12-05,Standing Desk,Furniture,East,7,550,0.18,3157.0,883.96
6054,2025-12-05,Ergonomic Chair,Furniture,West,7,320,0.2,1792.0,501.76
6055,2025-12-05,Standing Desk,Furniture,West,6,550,0.0,3300.0,924.0
6056,2025-12-05,Laptop Pro 14,Electronics,North,8,1200,0.12,8448.0,2365.44
6057,2025-12-05,Standing Desk,Furniture,North,11,550,0.08,5566.0,1558.48
6058,2025-12-05,Wireless Headset,Electronics,West,2,120,0.2,192.0,53.76
6059,2025-12-05,Inkjet Printer,Office Supplies,West,5,180,0.12,792.0,221.76
6060,2025-12-05,Smart Speaker,Electronics,West,9,95,0.0,855.0,239.4
6061,2025-12-05,USB-C Dock,Electronics,West,8,120,0.18,787.2,220.42
6062,2025-12-05,Standing Desk,Furniture,West,9,550,0.08,4554.0,1275.12
6063,2025-12-05,Notebook Set,Office Supplies,South,3,18,0.08,49.68,13.91
6064,2025-12-05,USB-C Dock,Electronics,North,8,120,0.12,844.8,236.54
6065,2025-12-06,Laptop Pro 14,Electronics,North,7,1200,0.0,8400.0,2352.0
6066,2025-12-06,Projector,Office Supplies,East,2,680,0.08,1251.2,350.34
6067,2025-12-06,Inkjet Printer,Office Supplies,South,9,180,0.2,1296.0,362.88
6068,2025-12-06,Storage Cabinet,Furniture,North,5,280,0.12,1232.0,344.96
6069,2025-12-06,Inkjet Printer,Office Supplies,North,1,180,0.0,180.0,50.4
6070,2025-12-06,Smart Speaker,Electronics,East,9,95,0.2,684.0,191.52
6071,2025-12-06,Inkjet Printer,Office Supplies,West,2,180,0.12,316.8,88.7
6072,2025-12-06,Desk Lamp,Home Decor,South,7,60,0.2,336.0,94.08
6073,2025-12-06,USB-C Dock,Electronics,North,3,120,0.18,295.2,82.66
6074,2025-12-06,Standing Desk,Furniture,South,2,550,0.18,902.0,252.56
6075,2025-12-06,Plant Pot,Home Decor,North,10,30,0.2,240.0,67.2
6076,2025-12-06,Air Purifier,Home Decor,West,5,170,0.2,680.0,190.4
6077,2025-12-06,Plant Pot,Home Decor,North,6,30,0.18,147.6,41.33
6078,2025-12-06,Plant Pot,Home Decor,South,9,30,0.0,270.0,75.6
6079,2025-12-06,Inkjet Printer,Office Supplies,North,3,180,0.18,442.8,123.98
6080,2025-12-06,Plant Pot,Home Decor,South,3,30,0.18,73.8,20.66
6081,2025-12-07,Desk Lamp,Home Decor,South,4,60,0.18,196.8,55.1
6082,2025-12-07,Standing Desk,Furniture,West,2,550,0.2,880.0,246.4
6083,2025-12-07,USB-C Dock,Electronics,South,8,120,0.08,883.2,247.3
6084,2025-12-07,Ergonomic Chair,Furniture,West,3,320,0.05,912.0,255.36
6085,2025-12-07,Wireless Headset,Electronics,East,7,120,0.0,840.0,235.2
6086,2025-12-07,Air Purifier,Home Decor,West,11,170,0.05,1776.5,497.42
6087,2025-12-07,Inkjet Printer,Office Supplies,East,4,180,0.12,633.6,177.41
6088,2025-12-07,Desk Lamp,Home Decor,West,11,60,0.0,660.0,184.8
6089,2025-12-07,Air Purifier,Home Decor,South,7,170,0.12,1047.2,293.22
6090,2025-12-07,Air Purifier,Home Decor,North,1,170,0.05,161.5,45.22
6091,2025-12-07,Projector,Office Supplies,East,2,680,0.18,1115.2,312.26
6092,2025-12-07,Storage Cabinet,Furniture,West,4,280,0.12,985.6,275.97
6093,2025-12-07,"Monitor 27""",Electronics,East,7,390,0.2,2184.0,611.52
6094,2025-12-07,Office Chair,Furniture,West,4,240,0.0,960.0,268.8
6095,2025-12-07,Executive Desk,Furniture,West,7,910,0.18,5223.4,1462.55
6096,2025-12-08,Projector,Office Supplies,South,10,680,0.0,6800.0,1904.0
6097,2025-12-08,Air Purifier,Home Decor,East,7,170,0.2,952.0,266.56
6098,2025-12-08,Standing Desk,Furniture,West,2,550,0.12,968.0,271.04
6099,2025-12-08,Office Chair,Furniture,West,6,240,0.12,1267.2,354.82
6100,2025-12-08,Ergonomic Chair,Furniture,West,4,320,0.2,1024.0,286.72
6101,2025-12-08,Projector,Office Supplies,East,10,680,0.08,6256.0,1751.68
6102,2025-12-08,Storage Cabinet,Furniture,North,1,280,0.08,257.6,72.13
6103,2025-12-08,Air Purifier,Home Decor,East,4,170,0.12,598.4,167.55
6104,2025-12-08,Plant Pot,Home Decor,West,10,30,0.2,240.0,67.2
6105,2025-12-09,Desk Lamp,Home Decor,East,2,60,0.08,110.4,30.91
6106,2025-12-09,Office Chair,Furniture,South,3,240,0.2,576.0,161.28
6107,2025-12-09,4K Monitor,Electronics,West,4,420,0.18,1377.6,385.73
6108,2025-12-09,Desk Lamp,Home Decor,East,2,60,0.12,105.6,29.57
6109,2025-12-09,Color Printer,Office Supplies,West,10,260,0.12,2288.0,640.64
6110,2025-12-09,Ergonomic Chair,Furniture,North,7,320,0.05,2128.0,595.84
6111,2025-12-09,Air Purifier,Home Decor,West,11,170,0.08,1720.4,481.71
6112,2025-12-09,Executive Desk,Furniture,South,4,910,0.18,2984.8,835.74
6113,2025-12-10,Plant Pot,Home Decor,South,6,30,0.2,144.0,40.32
6114,2025-12-10,Notebook Set,Office Supplies,South,10,18,0.05,171.0,47.88
6115,2025-12-10,Standing Desk,Furniture,East,2,550,0.08,1012.0,283.36
6116,2025-12-10,Projector,Office Supplies,North,4,680,0.0,2720.0,761.6
6117,2025-12-10,Office Chair,Furniture,South,3,240,0.08,662.4,185.47
6118,2025-12-10,Desk Lamp,Home Decor,East,9,60,0.18,442.8,123.98
6119,2025-12-10,Color Printer,Office Supplies,East,2,260,0.08,478.4,133.95
6120,2025-12-10,Plant Pot,Home Decor,West,7,30,0.08,193.2,54.1
6121,2025-12-10,Tablet Air,Electronics,North,6,680,0.0,4080.0,1142.4
6122,2025-12-10,Plant Pot,Home Decor,West,7,30,0.0,210.0,58.8
6123,2025-12-10,Projector,Office Supplies,North,11,680,0.18,6133.6,1717.41
6124,2025-12-10,Inkjet Printer,Office Supplies,North,5,180,0.18,738.0,206.64
6125,2025-12-11,Projector,Office Supplies,South,1,680,0.2,544.0,152.32
6126,2025-12-11,Color Printer,Office Supplies,East,10,260,0.18,2132.0,596.96
6127,2025-12-11,Projector,Office Supplies,South,8,680,0.2,4352.0,1218.56
6128,2025-12-11,USB-C Dock,Electronics,East,6,120,0.2,576.0,161.28
6129,2025-12-11,Storage Cabinet,Furniture,North,10,280,0.18,2296.0,642.88
6130,2025-12-11,Inkjet Printer,Office Supplies,South,11,180,0.18,1623.6,454.61
6131,2025-12-11,Air Purifier,Home Decor,West,7,170,0.05,1130.5,316.54
6132,2025-12-11,Color Printer,Office Supplies,East,1,260,0.2,208.0,58.24
6133,2025-12-11,Desk Lamp,Home Decor,South,2,60,0.2,96.0,26.88
6134,2025-12-11,"Monitor 27""",Electronics,South,3,390,0.12,1029.6,288.29
6135,2025-12-11,Air Purifier,Home Decor,East,2,170,0.2,272.0,76.16
6136,2025-12-11,Office Chair,Furniture,South,6,240,0.08,1324.8,370.94
6137,2025-12-11,Standing Desk,Furniture,East,5,550,0.2,2200.0,616.0
6138,2025-12-12,Plant Pot,Home Decor,South,1,30,0.18,24.6,6.89
6139,2025-12-12,Laptop Pro 14,Electronics,West,7,1200,0.12,7392.0,2069.76
6140,2025-12-12,Air Purifier,Home Decor,West,8,170,0.08,1251.2,350.34
6141,2025-12-12,Laptop Pro 14,Electronics,East,3,1200,0.18,2952.0,826.56
6142,2025-12-12,Wireless Mouse,Electronics,South,3,45,0.2,108.0,30.24
6143,2025-12-12,Ergonomic Chair,Furniture,South,4,320,0.2,1024.0,286.72
6144,2025-12-12,Notebook Set,Office Supplies,North,1,18,0.05,17.1,4.79
6145,2025-12-12,Projector,Office Supplies,South,1,680,0.0,680.0,190.4
6146,2025-12-12,Storage Cabinet,Furniture,East,2,280,0.05,532.0,148.96
6147,2025-12-12,Inkjet Printer,Office Supplies,South,3,180,0.0,540.0,151.2
6148,2025-12-12,Storage Cabinet,Furniture,West,10,280,0.08,2576.0,721.28
6149,2025-12-12,Ergonomic Chair,Furniture,East,5,320,0.18,1312.0,367.36
6150,2025-12-13,Standing Desk,Furniture,North,10,550,0.08,5060.0,1416.8
6151,2025-12-13,Executive Desk,Furniture,West,5,910,0.05,4322.5,1210.3
6152,2025-12-13,Plant Pot,Home Decor,West,6,30,0.0,180.0,50.4
6153,2025-12-13,Wireless Headset,Electronics,West,3,120,0.12,316.8,88.7
6154,2025-12-13,Air Purifier,Home Decor,East,3,170,0.12,448.8,125.66
6155,2025-12-13,Notebook Set,Office Supplies,South,10,18,0.2,144.0,40.32
6156,2025-12-13,Wireless Headset,Electronics,East,7,120,0.12,739.2,206.98
6157,2025-12-13,Desk Lamp,Home Decor,East,8,60,0.12,422.4,118.27
6158,2025-12-13,Plant Pot,Home Decor,West,8,30,0.2,192.0,53.76
6159,2025-12-13,Ergonomic Chair,Furniture,North,11,320,0.18,2886.4,808.19
6160,2025-12-13,Standing Desk,Furniture,East,8,550,0.12,3872.0,1084.16
6161,2025-12-13,4K Monitor,Electronics,South,8,420,0.2,2688.0,752.64
6162,2025-12-13,Notebook Set,Office Supplies,West,8,18,0.2,115.2,32.26
6163,2025-12-13,Projector,Office Supplies,West,3,680,0.05,1938.0,542.64
6164,2025-12-13,Tablet Air,Electronics,North,5,680,0.18,2788.0,780.64
6165,2025-12-13,Standing Desk,Furniture,South,2,550,0.08,1012.0,283.36
6166,2025-12-13,Color Printer,Office Supplies,East,2,260,0.18,426.4,119.39
6167,2025-12-14,Executive Desk,Furniture,North,6,910,0.08,5023.2,1406.5
6168,2025-12-14,4K Monitor,Electronics,South,1,420,0.08,386.4,108.19
6169,2025-12-14,Air Purifier,Home Decor,East,10,170,0.0,1700.0,476.0
6170,2025-12-14,Inkjet Printer,Office Supplies,East,10,180,0.0,1800.0,504.0
6171,2025-12-14,4K Monitor,Electronics,South,4,420,0.0,1680.0,470.4
6172,2025-12-14,Standing Desk,Furniture,North,3,550,0.0,1650.0,462.0
6173,2025-12-14,Air Purifier,Home Decor,West,3,170,0.05,484.5,135.66
6174,2025-12-14,Ergonomic Chair,Furniture,North,3,320,0.2,768.0,215.04
6175,2025-12-14,Executive Desk,Furniture,North,11,910,0.18,8208.2,2298.3
6176,2025-12-14,Desk Lamp,Home Decor,West,4,60,0.08,220.8,61.82
6177,2025-12-14,Smart Speaker,Electronics,West,4,95,0.0,380.0,106.4
6178,2025-12-14,Storage Cabinet,Furniture,East,1,280,0.0,280.0,78.4
6179,2025-12-15,"Monitor 27""",Electronics,East,6,390,0.0,2340.0,655.2
6180,2025-12-15,Notebook Set,Office Supplies,North,2,18,0.12,31.68,8.87
6181,2025-12-15,Color Printer,Office Supplies,North,4,260,0.0,1040.0,291.2
6182,2025-12-15,Storage Cabinet,Furniture,East,9,280,0.18,2066.4,578.59
6183,2025-12-15,Wireless Mouse,Electronics,North,10,45,0.2,360.0,100.8
6184,2025-12-15,4K Monitor,Electronics,East,3,420,0.05,1197.0,335.16
6185,2025-12-15,Executive Desk,Furniture,North,3,910,0.18,2238.6,626.81
6186,2025-12-15,Storage Cabinet,Furniture,West,11,280,0.12,2710.4,758.91
6187,2025-12-15,Air Purifier,Home Decor,East,10,170,0.0,1700.0,476.0
6188,2025-12-15,4K Monitor,Electronics,North,9,420,0.08,3477.6,973.73
6189,2025-12-15,Desk Lamp,Home Decor,North,4,60,0.18,196.8,55.1
6190,2025-12-15,Air Purifier,Home Decor,West,11,170,0.2,1496.0,418.88
6191,2025-12-15,Inkjet Printer,Office Supplies,East,9,180,0.08,1490.4,417.31
6192,2025-12-15,Air Purifier,Home Decor,North,11,170,0.2,1496.0,418.88
6193,2025-12-15,Notebook Set,Office Supplies,North,10,18,0.0,180.0,50.4
6194,2025-12-16,Notebook Set,Office Supplies,West,6,18,0.0,108.0,30.24
6195,2025-12-16,Storage Cabinet,Furniture,North,11,280,0.08,2833.6,793.41
6196,2025-12-16,Color Printer,Office Supplies,North,7,260,0.08,1674.4,468.83
6197,2025-12-16,"Monitor 27""",Electronics,East,2,390,0.18,639.6,179.09
6198,2025-12-16,Inkjet Printer,Office Supplies,East,4,180,0.12,633.6,177.41
6199,2025-12-16,USB-C Dock,Electronics,North,1,120,0.05,114.0,31.92
6200,2025-12-16,"Monitor 27""",Electronics,North,3,390,0.0,1170.0,327.6
6201,2025-12-16,Air Purifier,Home Decor,North,2,170,0.2,272.0,76.16
6202,2025-12-16,Projector,Office Supplies,North,4,680,0.0,2720.0,761.6
6203,2025-12-16,Standing Desk,Furniture,North,6,550,0.2,2640.0,739.2
6204,2025-12-16,Projector,Office Supplies,West,11,680,0.0,7480.0,2094.4
6205,2025-12-16,Executive Desk,Furniture,West,9,910,0.18,6715.8,1880.42
6206,2025-12-17,Standing Desk,Furniture,South,2,550,0.2,880.0,246.4
6207,2025-12-17,Laptop Pro 14,Electronics,West,11,1200,0.08,12144.0,3400.32
6208,2025-12-17,Ergonomic Chair,Furniture,West,9,320,0.12,2534.4,709.63
6209,2025-12-17,Storage Cabinet,Furniture,East,10,280,0.0,2800.0,784.0
6210,2025-12-17,Desk Lamp,Home Decor,North,2,60,0.08,110.4,30.91
6211,2025-12-17,Wireless Mouse,Electronics,South,10,45,0.18,369.0,103.32
6212,2025-12-17,Wireless Headset,Electronics,South,9,120,0.05,1026.0,287.28
6213,2025-12-17,Laptop Pro 14,Electronics,West,7,1200,0.0,8400.0,2352.0
6214,2025-12-17,Air Purifier,Home Decor,East,9,170,0.05,1453.5,406.98
6215,2025-12-17,Projector,Office Supplies,South,1,680,0.18,557.6,156.13
6216,2025-12-17,Color Printer,Office Supplies,East,2,260,0.0,520.0,145.6
6217,2025-12-18,Plant Pot,Home Decor,East,6,30,0.08,165.6,46.37
6218,2025-12-18,Projector,Office Supplies,West,2,680,0.08,1251.2,350.34
6219,2025-12-18,Plant Pot,Home Decor,West,6,30,0.12,158.4,44.35
6220,2025-12-18,Office Chair,Furniture,East,7,240,0.08,1545.6,432.77
6221,2025-12-18,Tablet Air,Electronics,South,3,680,0.18,1672.8,468.38
6222,2025-12-18,Wireless Headset,Electronics,South,9,120,0.0,1080.0,302.4
6223,2025-12-18,Plant Pot,Home Decor,West,4,30,0.0,120.0,33.6
6224,2025-12-18,Standing Desk,Furniture,South,8,550,0.12,3872.0,1084.16
6225,2025-12-18,Projector,Office Supplies,South,6,680,0.0,4080.0,1142.4
6226,2025-12-18,Executive Desk,Furniture,North,4,910,0.0,3640.0,1019.2
6227,2025-12-18,Desk Lamp,Home Decor,East,8,60,0.05,456.0,127.68
6228,2025-12-18,"Monitor 27""",Electronics,North,4,390,0.05,1482.0,414.96
6229,2025-12-18,Plant Pot,Home Decor,North,11,30,0.0,330.0,92.4
6230,2025-12-18,Laptop Pro 14,Electronics,North,10,1200,0.08,11040.0,3091.2
6231,2025-12-18,Plant Pot,Home Decor,East,2,30,0.05,57.0,15.96
6232,2025-12-19,Plant Pot,Home Decor,West,2,30,0.05,57.0,15.96
6233,2025-12-19,Inkjet Printer,Office Supplies,East,8,180,0.0,1440.0,403.2
6234,2025-12-19,Projector,Office Supplies,West,4,680,0.08,2502.4,700.67
6235,2025-12-19,Air Purifier,Home Decor,West,11,170,0.08,1720.4,481.71
6236,2025-12-19,Smart Speaker,Electronics,South,10,95,0.05,902.5,252.7
6237,2025-12-19,Office Chair,Furniture,North,8,240,0.12,1689.6,473.09
6238,2025-12-19,Desk Lamp,Home Decor,East,10,60,0.2,480.0,134.4
6239,2025-12-19,Color Printer,Office Supplies,West,11,260,0.18,2345.2,656.66
6240,2025-12-19,Executive Desk,Furniture,North,6,910,0.08,5023.2,1406.5
6241,2025-12-19,Desk Lamp,Home Decor,West,9,60,0.2,432.0,120.96
6242,2025-12-19,Tablet Air,Electronics,South,7,680,0.08,4379.2,1226.18
6243,2025-12-19,Office Chair,Furniture,West,7,240,0.0,1680.0,470.4
6244,2025-12-20,4K Monitor,Electronics,South,1,420,0.12,369.6,103.49
6245,2025-12-20,Desk Lamp,Home Decor,South,2,60,0.2,96.0,26.88
6246,2025-12-20,4K Monitor,Electronics,North,2,420,0.08,772.8,216.38
6247,2025-12-20,Wireless Mouse,Electronics,North,8,45,0.18,295.2,82.66
6248,2025-12-20,Wireless Headset,Electronics,South,5,120,0.08,552.0,154.56
6249,2025-12-20,Desk Lamp,Home Decor,East,10,60,0.12,528.0,147.84
6250,2025-12-20,Smart Speaker,Electronics,South,2,95,0.18,155.8,43.62
6251,2025-12-20,Standing Desk,Furniture,South,10,550,0.2,4400.0,1232.0
6252,2025-12-20,Air Purifier,Home Decor,East,11,170,0.2,1496.0,418.88
6253,2025-12-21,Office Chair,Furniture,South,2,240,0.0,480.0,134.4
6254,2025-12-21,Notebook Set,Office Supplies,North,3,18,0.12,47.52,13.31
6255,2025-12-21,Ergonomic Chair,Furniture,East,11,320,0.05,3344.0,936.32
6256,2025-12-21,Executive Desk,Furniture,South,2,910,0.0,1820.0,509.6
6257,2025-12-21,Storage Cabinet,Furniture,North,3,280,0.18,688.8,192.86
6258,2025-12-21,Desk Lamp,Home Decor,North,9,60,0.0,540.0,151.2
6259,2025-12-21,USB-C Dock,Electronics,South,4,120,0.2,384.0,107.52
6260,2025-12-21,Wireless Mouse,Electronics,East,5,45,0.18,184.5,51.66
6261,2025-12-21,"Monitor 27""",Electronics,North,1,390,0.08,358.8,100.46
6262,2025-12-21,Notebook Set,Office Supplies,West,6,18,0.08,99.36,27.82
6263,2025-12-21,Plant Pot,Home Decor,North,9,30,0.0,270.0,75.6
6264,2025-12-21,Air Purifier,Home Decor,West,6,170,0.12,897.6,251.33
6265,2025-12-21,Plant Pot,Home Decor,South,6,30,0.12,158.4,44.35
6266,2025-12-21,Projector,Office Supplies,South,2,680,0.05,1292.0,361.76
6267,2025-12-22,Executive Desk,Furniture,East,9,910,0.05,7780.5,2178.54
6268,2025-12-22,Wireless Headset,Electronics,South,9,120,0.0,1080.0,302.4
6269,2025-12-22,Office Chair,Furniture,West,1,240,0.18,196.8,55.1
6270,2025-12-22,Wireless Mouse,Electronics,West,2,45,0.05,85.5,23.94
6271,2025-12-22,USB-C Dock,Electronics,North,4,120,0.05,456.0,127.68
6272,2025-12-22,Inkjet Printer,Office Supplies,North,6,180,0.08,993.6,278.21
6273,2025-12-22,Ergonomic Chair,Furniture,South,4,320,0.18,1049.6,293.89
6274,2025-12-22,Storage Cabinet,Furniture,North,8,280,0.18,1836.8,514.3
6275,2025-12-22,Notebook Set,Office Supplies,South,4,18,0.18,59.04,16.53
6276,2025-12-22,Ergonomic Chair,Furniture,South,9,320,0.18,2361.6,661.25
6277,2025-12-22,Desk Lamp,Home Decor,West,10,60,0.12,528.0,147.84
6278,2025-12-22,Projector,Office Supplies,West,4,680,0.18,2230.4,624.51
6279,2025-12-22,Standing Desk,Furniture,South,11,550,0.2,4840.0,1355.2
6280,2025-12-22,Air Purifier,Home Decor,East,9,170,0.0,1530.0,428.4
6281,2025-12-22,Standing Desk,Furniture,West,7,550,0.2,3080.0,862.4
6282,2025-12-22,Ergonomic Chair,Furniture,East,7,320,0.08,2060.8,577.02
6283,2025-12-23,Notebook Set,Office Supplies,North,1,18,0.0,18.0,5.04
6284,2025-12-23,Wireless Mouse,Electronics,North,10,45,0.05,427.5,119.7
6285,2025-12-23,Notebook Set,Office Supplies,West,3,18,0.18,44.28,12.4
6286,2025-12-23,Projector,Office Supplies,East,6,680,0.18,3345.6,936.77
6287,2025-12-23,Desk Lamp,Home Decor,West,11,60,0.18,541.2,151.54
6288,2025-12-23,Plant Pot,Home Decor,East,8,30,0.2,192.0,53.76
6289,2025-12-23,Tablet Air,Electronics,North,4,680,0.18,2230.4,624.51
6290,2025-12-23,Office Chair,Furniture,West,2,240,0.05,456.0,127.68
6291,2025-12-23,Wireless Headset,Electronics,West,7,120,0.0,840.0,235.2
6292,2025-12-23,Wireless Mouse,Electronics,South,8,45,0.0,360.0,100.8
6293,2025-12-23,Plant Pot,Home Decor,East,8,30,0.12,211.2,59.14
6294,2025-12-24,Ergonomic Chair,Furniture,North,4,320,0.18,1049.6,293.89
6295,2025-12-24,Air Purifier,Home Decor,South,4,170,0.0,680.0,190.4
6296,2025-12-24,Ergonomic Chair,Furniture,South,9,320,0.0,2880.0,806.4
6297,2025-12-24,Storage Cabinet,Furniture,South,1,280,0.08,257.6,72.13
6298,2025-12-24,Air Purifier,Home Decor,South,5,170,0.18,697.0,195.16
6299,2025-12-24,Ergonomic Chair,Furniture,South,10,320,0.12,2816.0,788.48
6300,2025-12-24,Air Purifier,Home Decor,South,4,170,0.0,680.0,190.4
6301,2025-12-24,Color Printer,Office Supplies,South,1,260,0.18,213.2,59.7
6302,2025-12-24,USB-C Dock,Electronics,North,1,120,0.2,96.0,26.88
6303,2025-12-24,Notebook Set,Office Supplies,North,6,18,0.18,88.56,24.8
6304,2025-12-24,Office Chair,Furniture,East,7,240,0.05,1596.0,446.88
6305,2025-12-24,Projector,Office Supplies,North,9,680,0.2,4896.0,1370.88
6306,2025-12-25,Desk Lamp,Home Decor,North,9,60,0.05,513.0,143.64
6307,2025-12-25,Plant Pot,Home Decor,South,8,30,0.08,220.8,61.82
6308,2025-12-25,Plant Pot,Home Decor,North,1,30,0.05,28.5,7.98
6309,2025-12-25,"Monitor 27""",Electronics,North,9,390,0.0,3510.0,982.8
6310,2025-12-25,Air Purifier,Home Decor,East,9,170,0.18,1254.6,351.29
6311,2025-12-25,Desk Lamp,Home Decor,East,6,60,0.12,316.8,88.7
6312,2025-12-25,Standing Desk,Furniture,West,8,550,0.18,3608.0,1010.24
6313,2025-12-25,Executive Desk,Furniture,East,1,910,0.2,728.0,203.84
6314,2025-12-25,Air Purifier,Home Decor,South,3,170,0.0,510.0,142.8
6315,2025-12-25,Projector,Office Supplies,North,8,680,0.0,5440.0,1523.2
6316,2025-12-25,Plant Pot,Home Decor,West,2,30,0.08,55.2,15.46
6317,2025-12-25,Projector,Office Supplies,South,11,680,0.0,7480.0,2094.4
6318,2025-12-26,Plant Pot,Home Decor,East,5,30,0.08,138.0,38.64
6319,2025-12-26,Desk Lamp,Home Decor,East,6,60,0.2,288.0,80.64
6320,2025-12-26,Executive Desk,Furniture,East,9,910,0.2,6552.0,1834.56
6321,2025-12-26,Laptop Pro 14,Electronics,South,6,1200,0.08,6624.0,1854.72
6322,2025-12-26,4K Monitor,Electronics,West,7,420,0.05,2793.0,782.04
6323,2025-12-26,Plant Pot,Home Decor,South,11,30,0.2,264.0,73.92
6324,2025-12-26,Notebook Set,Office Supplies,North,11,18,0.05,188.1,52.67
6325,2025-12-26,Inkjet Printer,Office Supplies,South,11,180,0.12,1742.4,487.87
6326,2025-12-26,Ergonomic Chair,Furniture,North,7,320,0.12,1971.2,551.94
6327,2025-12-26,"Monitor 27""",Electronics,East,1,390,0.2,312.0,87.36
6328,2025-12-26,Desk Lamp,Home Decor,North,6,60,0.2,288.0,80.64
6329,2025-12-26,Tablet Air,Electronics,West,1,680,0.05,646.0,180.88
6330,2025-12-27,Air Purifier,Home Decor,East,7,170,0.12,1047.2,293.22
6331,2025-12-27,Projector,Office Supplies,North,3,680,0.0,2040.0,571.2
6332,2025-12-27,Air Purifier,Home Decor,North,2,170,0.05,323.0,90.44
6333,2025-12-27,USB-C Dock,Electronics,South,4,120,0.0,480.0,134.4
6334,2025-12-27,Projector,Office Supplies,East,9,680,0.2,4896.0,1370.88
6335,2025-12-27,Desk Lamp,Home Decor,North,4,60,0.08,220.8,61.82
6336,2025-12-27,Projector,Office Supplies,East,4,680,0.18,2230.4,624.51
6337,2025-12-27,Projector,Office Supplies,East,8,680,0.08,5004.8,1401.34
6338,2025-12-27,Storage Cabinet,Furniture,South,8,280,0.08,2060.8,577.02
6339,2025-12-27,Wireless Mouse,Electronics,West,5,45,0.12,198.0,55.44
6340,2025-12-27,Plant Pot,Home Decor,West,8,30,0.12,211.2,59.14
6341,2025-12-27,Executive Desk,Furniture,North,4,910,0.2,2912.0,815.36
6342,2025-12-27,Executive Desk,Furniture,West,7,910,0.05,6051.5,1694.42
6343,2025-12-27,Air Purifier,Home Decor,East,2,170,0.08,312.8,87.58
6344,2025-12-27,Standing Desk,Furniture,South,2,550,0.18,902.0,252.56
6345,2025-12-28,Inkjet Printer,Office Supplies,East,9,180,0.0,1620.0,453.6
6346,2025-12-28,Executive Desk,Furniture,East,3,910,0.18,2238.6,626.81
6347,2025-12-28,4K Monitor,Electronics,East,4,420,0.05,1596.0,446.88
6348,2025-12-28,Desk Lamp,Home Decor,West,10,60,0.0,600.0,168.0
6349,2025-12-28,Inkjet Printer,Office Supplies,West,3,180,0.0,540.0,151.2
6350,2025-12-28,Color Printer,Office Supplies,East,3,260,0.08,717.6,200.93
6351,2025-12-28,Air Purifier,Home Decor,West,4,170,0.2,544.0,152.32
6352,2025-12-28,Office Chair,Furniture,West,2,240,0.2,384.0,107.52
6353,2025-12-28,Projector,Office Supplies,East,3,680,0.2,1632.0,456.96
6354,2025-12-28,Tablet Air,Electronics,North,9,680,0.08,5630.4,1576.51
6355,2025-12-28,Smart Speaker,Electronics,South,10,95,0.18,779.0,218.12
6356,2025-12-28,Color Printer,Office Supplies,South,10,260,0.05,2470.0,691.6
6357,2025-12-29,Storage Cabinet,Furniture,South,9,280,0.18,2066.4,578.59
6358,2025-12-29,Plant Pot,Home Decor,North,10,30,0.2,240.0,67.2
6359,2025-12-29,4K Monitor,Electronics,South,11,420,0.2,3696.0,1034.88
6360,2025-12-29,Notebook Set,Office Supplies,West,2,18,0.08,33.12,9.27
6361,2025-12-29,Notebook Set,Office Supplies,South,9,18,0.0,162.0,45.36
6362,2025-12-29,Standing Desk,Furniture,East,1,550,0.05,522.5,146.3
6363,2025-12-29,Notebook Set,Office Supplies,North,10,18,0.18,147.6,41.33
6364,2025-12-29,Tablet Air,Electronics,South,2,680,0.2,1088.0,304.64
6365,2025-12-29,Storage Cabinet,Furniture,North,10,280,0.05,2660.0,744.8
6366,2025-12-29,Notebook Set,Office Supplies,West,9,18,0.12,142.56,39.92
6367,2025-12-29,Executive Desk,Furniture,South,11,910,0.18,8208.2,2298.3
6368,2025-12-29,Tablet Air,Electronics,North,4,680,0.08,2502.4,700.67
6369,2025-12-29,4K Monitor,Electronics,West,2,420,0.05,798.0,223.44
6370,2025-12-29,Executive Desk,Furniture,East,8,910,0.0,7280.0,2038.4
6371,2025-12-29,Notebook Set,Office Supplies,North,9,18,0.0,162.0,45.36
6372,2025-12-29,"Monitor 27""",Electronics,East,6,390,0.0,2340.0,655.2
6373,2025-12-29,Desk Lamp,Home Decor,East,3,60,0.2,144.0,40.32
6374,2025-12-30,Desk Lamp,Home Decor,East,6,60,0.0,360.0,100.8
6375,2025-12-30,"Monitor 27""",Electronics,North,7,390,0.0,2730.0,764.4
6376,2025-12-30,Notebook Set,Office Supplies,North,5,18,0.12,79.2,22.18
6377,2025-12-30,Storage Cabinet,Furniture,South,4,280,0.08,1030.4,288.51
6378,2025-12-30,Desk Lamp,Home Decor,South,9,60,0.12,475.2,133.06
6379,2025-12-30,Desk Lamp,Home Decor,North,7,60,0.18,344.4,96.43
6380,2025-12-30,Smart Speaker,Electronics,East,10,95,0.08,874.0,244.72
6381,2025-12-30,Color Printer,Office Supplies,East,2,260,0.08,478.4,133.95
6382,2025-12-30,Air Purifier,Home Decor,West,1,170,0.08,156.4,43.79
6383,2025-12-30,Laptop Pro 14,Electronics,West,5,1200,0.05,5700.0,1596.0
6384,2025-12-31,Desk Lamp,Home Decor,West,8,60,0.12,422.4,118.27
6385,2025-12-31,Plant Pot,Home Decor,South,7,30,0.18,172.2,48.22
6386,2025-12-31,Ergonomic Chair,Furniture,North,8,320,0.0,2560.0,716.8
6387,2025-12-31,Ergonomic Chair,Furniture,West,6,320,0.0,1920.0,537.6
6388,2025-12-31,Notebook Set,Office Supplies,South,4,18,0.0,72.0,20.16
6389,2025-12-31,Plant Pot,Home Decor,East,10,30,0.08,276.0,77.28
6390,2025-12-31,Desk Lamp,Home Decor,West,5,60,0.0,300.0,84.0
6391,2025-12-31,Air Purifier,Home Decor,West,2,170,0.2,272.0,76.16
6392,2025-12-31,Office Chair,Furniture,West,3,240,0.08,662.4,185.47
6393,2025-12-31,Storage Cabinet,Furniture,East,5,280,0.12,1232.0,344.96
6394,2025-12-31,Notebook Set,Office Supplies,North,9,18,0.05,153.9,43.09
6395,2025-12-31,USB-C Dock,Electronics,South,3,120,0.05,342.0,95.76
6396,2025-12-31,Projector,Office Supplies,West,9,680,0.2,4896.0,1370.88
6397,2025-12-31,Inkjet Printer,Office Supplies,West,4,180,0.18,590.4,165.31
6398,2025-12-31,Desk Lamp,Home Decor,East,9,60,0.18,442.8,123.98
6399,2026-01-01,Desk Lamp,Home Decor,North,2,60,0.18,98.4,27.55
6400,2026-01-01,Standing Desk,Furniture,East,7,550,0.0,3850.0,1078.0
6401,2026-01-01,Ergonomic Chair,Furniture,West,8,320,0.0,2560.0,716.8
6402,2026-01-01,Projector,Office Supplies,North,11,680,0.0,7480.0,2094.4
6403,2026-01-01,Inkjet Printer,Office Supplies,East,10,180,0.2,1440.0,403.2
6404,2026-01-01,Air Purifier,Home Decor,South,6,170,0.18,836.4,234.19
6405,2026-01-01,USB-C Dock,Electronics,East,11,120,0.0,1320.0,369.6
6406,2026-01-01,Wireless Mouse,Electronics,East,7,45,0.12,277.2,77.62
6407,2026-01-01,Laptop Pro 14,Electronics,South,1,1200,0.18,984.0,275.52
6408,2026-01-01,Wireless Headset,Electronics,South,11,120,0.18,1082.4,303.07
6409,2026-01-02,Notebook Set,Office Supplies,North,6,18,0.2,86.4,24.19
6410,2026-01-02,Desk Lamp,Home Decor,South,11,60,0.12,580.8,162.62
6411,2026-01-02,Smart Speaker,Electronics,West,10,95,0.2,760.0,212.8
6412,2026-01-02,Tablet Air,Electronics,North,9,680,0.2,4896.0,1370.88
6413,2026-01-02,Standing Desk,Furniture,East,1,550,0.12,484.0,135.52
6414,2026-01-02,Ergonomic Chair,Furniture,West,11,320,0.08,3238.4,906.75
6415,2026-01-02,Office Chair,Furniture,South,3,240,0.2,576.0,161.28
6416,2026-01-02,Plant Pot,Home Decor,North,2,30,0.12,52.8,14.78
6417,2026-01-02,Executive Desk,Furniture,West,1,910,0.2,728.0,203.84
6418,2026-01-02,Wireless Mouse,Electronics,East,7,45,0.2,252.0,70.56
6419,2026-01-02,Inkjet Printer,Office Supplies,East,9,180,0.18,1328.4,371.95
6420,2026-01-02,Office Chair,Furniture,South,4,240,0.05,912.0,255.36
6421,2026-01-03,USB-C Dock,Electronics,East,5,120,0.2,480.0,134.4
6422,2026-01-03,Ergonomic Chair,Furniture,North,10,320,0.0,3200.0,896.0
6423,2026-01-03,4K Monitor,Electronics,East,1,420,0.08,386.4,108.19
6424,2026-01-03,Notebook Set,Office Supplies,West,8,18,0.0,144.0,40.32
6425,2026-01-03,Notebook Set,Office Supplies,East,5,18,0.05,85.5,23.94
6426,2026-01-03,Inkjet Printer,Office Supplies,South,10,180,0.12,1584.0,443.52
6427,2026-01-03,Storage Cabinet,Furniture,East,1,280,0.2,224.0,62.72
6428,2026-01-03,Wireless Headset,Electronics,South,8,120,0.08,883.2,247.3
6429,2026-01-03,4K Monitor,Electronics,West,1,420,0.0,420.0,117.6
6430,2026-01-03,Projector,Office Supplies,East,1,680,0.18,557.6,156.13
6431,2026-01-04,Inkjet Printer,Office Supplies,North,1,180,0.12,158.4,44.35
6432,2026-01-04,Inkjet Printer,Office Supplies,North,9,180,0.0,1620.0,453.6
6433,2026-01-04,"Monitor 27""",Electronics,East,11,390,0.12,3775.2,1057.06
6434,2026-01-04,Desk Lamp,Home Decor,West,2,60,0.0,120.0,33.6
6435,2026-01-04,Projector,Office Supplies,East,4,680,0.08,2502.4,700.67
6436,2026-01-04,Laptop Pro 14,Electronics,East,2,1200,0.08,2208.0,618.24
6437,2026-01-04,Ergonomic Chair,Furniture,West,10,320,0.08,2944.0,824.32
6438,2026-01-04,Air Purifier,Home Decor,West,9,170,0.12,1346.4,376.99
6439,2026-01-04,Inkjet Printer,Office Supplies,East,8,180,0.12,1267.2,354.82
6440,2026-01-04,USB-C Dock,Electronics,East,3,120,0.18,295.2,82.66
6441,2026-01-04,Desk Lamp,Home Decor,West,10,60,0.08,552.0,154.56
6442,2026-01-04,Air Purifier,Home Decor,North,11,170,0.0,1870.0,523.6
6443,2026-01-05,Air Purifier,Home Decor,South,8,170,0.05,1292.0,361.76
6444,2026-01-05,4K Monitor,Electronics,North,11,420,0.08,4250.4,1190.11
6445,2026-01-05,Tablet Air,Electronics,North,4,680,0.05,2584.0,723.52
6446,2026-01-05,Desk Lamp,Home Decor,East,1,60,0.18,49.2,13.78
6447,2026-01-05,Inkjet Printer,Office Supplies,West,6,180,0.18,885.6,247.97
6448,2026-01-05,4K Monitor,Electronics,North,7,420,0.0,2940.0,823.2
6449,2026-01-05,Smart Speaker,Electronics,West,3,95,0.2,228.0,63.84
6450,2026-01-05,Notebook Set,Office Supplies,South,6,18,0.05,102.6,28.73
6451,2026-01-05,Projector,Office Supplies,West,6,680,0.2,3264.0,913.92
6452,2026-01-05,Plant Pot,Home Decor,East,9,30,0.0,270.0,75.6
6453,2026-01-05,Projector,Office Supplies,South,10,680,0.2,5440.0,1523.2
6454,2026-01-05,Color Printer,Office Supplies,East,5,260,0.08,1196.0,334.88
6455,2026-01-06,Office Chair,Furniture,West,4,240,0.12,844.8,236.54
6456,2026-01-06,Smart Speaker,Electronics,South,1,95,0.2,76.0,21.28
6457,2026-01-06,Laptop Pro 14,Electronics,South,3,1200,0.08,3312.0,927.36
6458,2026-01-06,Projector,Office Supplies,North,3,680,0.08,1876.8,525.5
6459,2026-01-06,Executive Desk,Furniture,North,5,910,0.12,4004.0,1121.12
6460,2026-01-06,Executive Desk,Furniture,West,6,910,0.08,5023.2,1406.5
6461,2026-01-06,Air Purifier,Home Decor,West,1,170,0.2,136.0,38.08
6462,2026-01-06,Air Purifier,Home Decor,East,5,170,0.18,697.0,195.16
6463,2026-01-06,Projector,Office Supplies,South,9,680,0.18,5018.4,1405.15
6464,2026-01-06,Plant Pot,Home Decor,West,3,30,0.2,72.0,20.16
6465,2026-01-06,Smart Speaker,Electronics,East,6,95,0.18,467.4,130.87
6466,2026-01-06,Standing Desk,Furniture,East,6,550,0.12,2904.0,813.12
6467,2026-01-06,Office Chair,Furniture,West,2,240,0.0,480.0,134.4
6468,2026-01-07,Wireless Headset,Electronics,East,6,120,0.12,633.6,177.41
6469,2026-01-07,Air Purifier,Home Decor,South,7,170,0.12,1047.2,293.22
6470,2026-01-07,Air Purifier,Home Decor,South,10,170,0.08,1564.0,437.92
6471,2026-01-07,Air Purifier,Home Decor,West,2,170,0.05,323.0,90.44
6472,2026-01-07,Plant Pot,Home Decor,North,3,30,0.08,82.8,23.18
6473,2026-01-07,Smart Speaker,Electronics,South,7,95,0.12,585.2,163.86
6474,2026-01-07,Air Purifier,Home Decor,North,8,170,0.0,1360.0,380.8
6475,2026-01-07,Storage Cabinet,Furniture,East,3,280,0.2,672.0,188.16
6476,2026-01-07,Office Chair,Furniture,West,6,240,0.0,1440.0,403.2
6477,2026-01-08,Storage Cabinet,Furniture,South,4,280,0.05,1064.0,297.92
6478,2026-01-08,Plant Pot,Home Decor,South,8,30,0.05,228.0,63.84
6479,2026-01-08,Projector,Office Supplies,West,1,680,0.08,625.6,175.17
6480,2026-01-08,USB-C Dock,Electronics,South,10,120,0.05,1140.0,319.2
6481,2026-01-08,Desk Lamp,Home Decor,West,3,60,0.05,171.0,47.88
6482,2026-01-08,Office Chair,Furniture,East,9,240,0.12,1900.8,532.22
6483,2026-01-08,Desk Lamp,Home Decor,East,10,60,0.2,480.0,134.4
6484,2026-01-08,Inkjet Printer,Office Supplies,East,9,180,0.2,1296.0,362.88
6485,2026-01-08,Projector,Office Supplies,East,11,680,0.18,6133.6,1717.41
6486,2026-01-08,Plant Pot,Home Decor,West,4,30,0.18,98.4,27.55
6487,2026-01-08,Ergonomic Chair,Furniture,East,6,320,0.18,1574.4,440.83
6488,2026-01-08,Tablet Air,Electronics,South,9,680,0.05,5814.0,1627.92
6489,2026-01-08,Color Printer,Office Supplies,North,6,260,0.12,1372.8,384.38
6490,2026-01-08,Air Purifier,Home Decor,South,8,170,0.05,1292.0,361.76
6491,2026-01-08,Air Purifier,Home Decor,West,6,170,0.08,938.4,262.75
6492,2026-01-09,Notebook Set,Office Supplies,East,8,18,0.08,132.48,37.09
6493,2026-01-09,Storage Cabinet,Furniture,South,3,280,0.05,798.0,223.44
6494,2026-01-09,"Monitor 27""",Electronics,East,5,390,0.0,1950.0,546.0
6495,2026-01-09,Desk Lamp,Home Decor,East,6,60,0.12,316.8,88.7
6496,2026-01-09,Executive Desk,Furniture,West,10,910,0.08,8372.0,2344.16
6497,2026-01-09,Standing Desk,Furniture,South,11,550,0.05,5747.5,1609.3
6498,2026-01-09,Air Purifier,Home Decor,East,7,170,0.18,975.8,273.22
6499,2026-01-09,Smart Speaker,Electronics,North,9,95,0.08,786.6,220.25
6500,2026-01-09,Wireless Mouse,Electronics,South,5,45,0.05,213.75,59.85
6501,2026-01-09,Tablet Air,Electronics,West,3,680,0.08,1876.8,525.5
6502,2026-01-09,Ergonomic Chair,Furniture,North,11,320,0.18,2886.4,808.19
6503,2026-01-09,Plant Pot,Home Decor,West,6,30,0.05,171.0,47.88
6504,2026-01-09,Office Chair,Furniture,West,8,240,0.05,1824.0,510.72
6505,2026-01-09,Projector,Office Supplies,North,4,680,0.0,2720.0,761.6
6506,2026-01-09,4K Monitor,Electronics,North,2,420,0.0,840.0,235.2
6507,2026-01-10,Executive Desk,Furniture,South,8,910,0.2,5824.0,1630.72
6508,2026-01-10,Color Printer,Office Supplies,North,3,260,0.12,686.4,192.19
6509,2026-01-10,Standing Desk,Furniture,North,5,550,0.05,2612.5,731.5
6510,2026-01-10,Inkjet Printer,Office Supplies,South,2,180,0.12,316.8,88.7
6511,2026-01-10,Wireless Headset,Electronics,West,11,120,0.18,1082.4,303.07
6512,2026-01-10,Air Purifier,Home Decor,East,3,170,0.12,448.8,125.66
6513,2026-01-10,Air Purifier,Home Decor,South,2,170,0.0,340.0,95.2
6514,2026-01-10,Office Chair,Furniture,East,1,240,0.2,192.0,53.76
6515,2026-01-10,Storage Cabinet,Furniture,West,5,280,0.12,1232.0,344.96
6516,2026-01-10,Desk Lamp,Home Decor,East,4,60,0.2,192.0,53.76
6517,2026-01-10,Laptop Pro 14,Electronics,West,6,1200,0.05,6840.0,1915.2
6518,2026-01-10,Storage Cabinet,Furniture,East,3,280,0.08,772.8,216.38
6519,2026-01-10,Plant Pot,Home Decor,West,1,30,0.08,27.6,7.73
6520,2026-01-10,Projector,Office Supplies,South,1,680,0.18,557.6,156.13
6521,2026-01-10,Desk Lamp,Home Decor,North,6,60,0.08,331.2,92.74
6522,2026-01-10,Standing Desk,Furniture,South,11,550,0.0,6050.0,1694.0
6523,2026-01-10,Desk Lamp,Home Decor,East,11,60,0.05,627.0,175.56
6524,2026-01-11,Storage Cabinet,Furniture,South,7,280,0.05,1862.0,521.36
6525,2026-01-11,Plant Pot,Home Decor,East,8,30,0.12,211.2,59.14
6526,2026-01-11,Color Printer,Office Supplies,West,3,260,0.08,717.6,200.93
6527,2026-01-11,Inkjet Printer,Office Supplies,West,6,180,0.12,950.4,266.11
6528,2026-01-11,"Monitor 27""",Electronics,East,5,390,0.18,1599.0,447.72
6529,2026-01-11,Smart Speaker,Electronics,South,4,95,0.18,311.6,87.25
6530,2026-01-11,Desk Lamp,Home Decor,East,4,60,0.12,211.2,59.14
6531,2026-01-11,Color Printer,Office Supplies,West,7,260,0.08,1674.4,468.83
6532,2026-01-11,Wireless Headset,Electronics,West,7,120,0.2,672.0,188.16
6533,2026-01-11,Standing Desk,Furniture,East,2,550,0.0,1100.0,308.0
6534,2026-01-11,Inkjet Printer,Office Supplies,East,9,180,0.08,1490.4,417.31
6535,2026-01-11,Color Printer,Office Supplies,East,8,260,0.08,1913.6,535.81
6536,2026-01-11,Color Printer,Office Supplies,North,3,260,0.0,780.0,218.4
6537,2026-01-11,"Monitor 27""",Electronics,West,11,390,0.18,3517.8,984.98
6538,2026-01-11,Notebook Set,Office Supplies,South,9,18,0.2,129.6,36.29
6539,2026-01-11,Desk Lamp,Home Decor,South,6,60,0.0,360.0,100.8
6540,2026-01-11,Wireless Mouse,Electronics,East,3,45,0.18,110.7,31.0
6541,2026-01-12,Plant Pot,Home Decor,South,3,30,0.08,82.8,23.18
6542,2026-01-12,Notebook Set,Office Supplies,East,11,18,0.0,198.0,55.44
6543,2026-01-12,4K Monitor,Electronics,East,11,420,0.18,3788.4,1060.75
6544,2026-01-12,Notebook Set,Office Supplies,East,5,18,0.2,72.0,20.16
6545,2026-01-12,Wireless Mouse,Electronics,East,11,45,0.2,396.0,110.88
6546,2026-01-12,Inkjet Printer,Office Supplies,South,11,180,0.05,1881.0,526.68
6547,2026-01-12,USB-C Dock,Electronics,South,6,120,0.2,576.0,161.28
6548,2026-01-12,Office Chair,Furniture,North,4,240,0.0,960.0,268.8
6549,2026-01-12,Projector,Office Supplies,West,2,680,0.18,1115.2,312.26
6550,2026-01-12,Wireless Headset,Electronics,East,2,120,0.0,240.0,67.2
6551,2026-01-12,Wireless Headset,Electronics,East,2,120,0.12,211.2,59.14
6552,2026-01-13,USB-C Dock,Electronics,South,3,120,0.08,331.2,92.74
6553,2026-01-13,Ergonomic Chair,Furniture,North,5,320,0.12,1408.0,394.24
6554,2026-01-13,Executive Desk,Furniture,North,2,910,0.2,1456.0,407.68
6555,2026-01-13,Executive Desk,Furniture,East,2,910,0.2,1456.0,407.68
6556,2026-01-13,Office Chair,Furniture,South,5,240,0.12,1056.0,295.68
6557,2026-01-13,USB-C Dock,Electronics,West,8,120,0.0,960.0,268.8
6558,2026-01-13,Notebook Set,Office Supplies,North,4,18,0.05,68.4,19.15
6559,2026-01-13,Wireless Mouse,Electronics,West,6,45,0.05,256.5,71.82
6560,2026-01-13,Executive Desk,Furniture,East,4,910,0.05,3458.0,968.24
6561,2026-01-13,Desk Lamp,Home Decor,West,4,60,0.0,240.0,67.2
6562,2026-01-13,Storage Cabinet,Furniture,East,8,280,0.0,2240.0,627.2
6563,2026-01-13,Inkjet Printer,Office Supplies,East,5,180,0.12,792.0,221.76
6564,2026-01-13,Inkjet Printer,Office Supplies,North,8,180,0.2,1152.0,322.56
6565,2026-01-13,Office Chair,Furniture,North,10,240,0.2,1920.0,537.6
6566,2026-01-13,Standing Desk,Furniture,East,10,550,0.0,5500.0,1540.0
6567,2026-01-14,Plant Pot,Home Decor,East,1,30,0.05,28.5,7.98
6568,2026-01-14,Storage Cabinet,Furniture,North,9,280,0.05,2394.0,670.32
6569,2026-01-14,Plant Pot,Home Decor,East,8,30,0.08,220.8,61.82
6570,2026-01-14,Executive Desk,Furniture,North,10,910,0.18,7462.0,2089.36
6571,2026-01-14,Desk Lamp,Home Decor,South,7,60,0.12,369.6,103.49
6572,2026-01-14,Air Purifier,Home Decor,North,2,170,0.2,272.0,76.16
6573,2026-01-14,Ergonomic Chair,Furniture,North,2,320,0.08,588.8,164.86
6574,2026-01-14,Projector,Office Supplies,West,3,680,0.05,1938.0,542.64
6575,2026-01-14,Color Printer,Office Supplies,North,5,260,0.2,1040.0,291.2
6576,2026-01-14,Tablet Air,Electronics,South,6,680,0.12,3590.4,1005.31
6577,2026-01-14,Color Printer,Office Supplies,North,4,260,0.2,832.0,232.96
6578,2026-01-14,Wireless Headset,Electronics,East,2,120,0.0,240.0,67.2
6579,2026-01-14,Plant Pot,Home Decor,North,1,30,0.12,26.4,7.39
6580,2026-01-14,Plant Pot,Home Decor,West,8,30,0.05,228.0,63.84
6581,2026-01-15,Standing Desk,Furniture,North,6,550,0.18,2706.0,757.68
6582,2026-01-15,Desk Lamp,Home Decor,South,4,60,0.12,211.2,59.14
6583,2026-01-15,USB-C Dock,Electronics,West,10,120,0.0,1200.0,336.0
6584,2026-01-15,Storage Cabinet,Furniture,East,3,280,0.2,672.0,188.16
6585,2026-01-15,Plant Pot,Home Decor,South,5,30,0.0,150.0,42.0
6586,2026-01-15,Air Purifier,Home Decor,South,7,170,0.08,1094.8,306.54
6587,2026-01-15,Laptop Pro 14,Electronics,North,9,1200,0.12,9504.0,2661.12
6588,2026-01-15,Plant Pot,Home Decor,East,7,30,0.12,184.8,51.74
6589,2026-01-16,Standing Desk,Furniture,North,6,550,0.05,3135.0,877.8
6590,2026-01-16,Smart Speaker,Electronics,South,2,95,0.08,174.8,48.94
6591,2026-01-16,Inkjet Printer,Office Supplies,North,7,180,0.0,1260.0,352.8
6592,2026-01-16,Inkjet Printer,Office Supplies,South,3,180,0.05,513.0,143.64
6593,2026-01-16,USB-C Dock,Electronics,North,8,120,0.05,912.0,255.36
6594,2026-01-16,Color Printer,Office Supplies,East,9,260,0.12,2059.2,576.58
6595,2026-01-16,Plant Pot,Home Decor,West,4,30,0.12,105.6,29.57
6596,2026-01-16,Office Chair,Furniture,South,6,240,0.0,1440.0,403.2
6597,2026-01-16,Notebook Set,Office Supplies,South,1,18,0.05,17.1,4.79
6598,2026-01-16,Storage Cabinet,Furniture,South,2,280,0.18,459.2,128.58
6599,2026-01-16,Desk Lamp,Home Decor,North,1,60,0.18,49.2,13.78
6600,2026-01-16,Air Purifier,Home Decor,South,6,170,0.0,1020.0,285.6
6601,2026-01-16,Tablet Air,Electronics,South,6,680,0.08,3753.6,1051.01
6602,2026-01-16,Office Chair,Furniture,West,8,240,0.08,1766.4,494.59
6603,2026-01-16,Inkjet Printer,Office Supplies,East,2,180,0.18,295.2,82.66
6604,2026-01-16,Wireless Headset,Electronics,East,1,120,0.12,105.6,29.57
6605,2026-01-16,"Monitor 27""",Electronics,North,8,390,0.12,2745.6,768.77
6606,2026-01-17,Desk Lamp,Home Decor,East,2,60,0.12,105.6,29.57
6607,2026-01-17,Projector,Office Supplies,East,2,680,0.18,1115.2,312.26
6608,2026-01-17,Laptop Pro 14,Electronics,West,9,1200,0.2,8640.0,2419.2
6609,2026-01-17,Executive Desk,Furniture,East,3,910,0.2,2184.0,611.52
6610,2026-01-17,Plant Pot,Home Decor,West,5,30,0.18,123.0,34.44
6611,2026-01-17,Notebook Set,Office Supplies,North,6,18,0.2,86.4,24.19
6612,2026-01-17,Plant Pot,Home Decor,West,4,30,0.12,105.6,29.57
6613,2026-01-17,Ergonomic Chair,Furniture,East,8,320,0.08,2355.2,659.46
6614,2026-01-17,Color Printer,Office Supplies,South,6,260,0.0,1560.0,436.8
6615,2026-01-17,Plant Pot,Home Decor,West,9,30,0.2,216.0,60.48
6616,2026-01-17,Smart Speaker,Electronics,North,5,95,0.2,380.0,106.4
6617,2026-01-18,Projector,Office Supplies,North,9,680,0.05,5814.0,1627.92
6618,2026-01-18,Projector,Office Supplies,East,5,680,0.12,2992.0,837.76
6619,2026-01-18,Executive Desk,Furniture,South,5,910,0.05,4322.5,1210.3
6620,2026-01-18,Executive Desk,Furniture,West,2,910,0.05,1729.0,484.12
6621,2026-01-18,Color Printer,Office Supplies,North,4,260,0.0,1040.0,291.2
6622,2026-01-18,Smart Speaker,Electronics,East,10,95,0.08,874.0,244.72
6623,2026-01-18,4K Monitor,Electronics,South,2,420,0.0,840.0,235.2
6624,2026-01-18,Executive Desk,Furniture,South,5,910,0.08,4186.0,1172.08
6625,2026-01-18,Air Purifier,Home Decor,East,5,170,0.12,748.0,209.44
6626,2026-01-18,Desk Lamp,Home Decor,West,1,60,0.2,48.0,13.44
6627,2026-01-18,Air Purifier,Home Decor,West,7,170,0.05,1130.5,316.54
6628,2026-01-18,Color Printer,Office Supplies,North,3,260,0.05,741.0,207.48
6629,2026-01-18,Notebook Set,Office Supplies,West,2,18,0.2,28.8,8.06
6630,2026-01-18,Inkjet Printer,Office Supplies,South,8,180,0.0,1440.0,403.2
6631,2026-01-18,Color Printer,Office Supplies,North,10,260,0.12,2288.0,640.64
6632,2026-01-19,Inkjet Printer,Office Supplies,West,6,180,0.2,864.0,241.92
6633,2026-01-19,Plant Pot,Home Decor,South,3,30,0.08,82.8,23.18
6634,2026-01-19,USB-C Dock,Electronics,North,7,120,0.08,772.8,216.38
6635,2026-01-19,Air Purifier,Home Decor,East,5,170,0.18,697.0,195.16
6636,2026-01-19,Notebook Set,Office Supplies,South,11,18,0.05,188.1,52.67
6637,2026-01-19,Tablet Air,Electronics,West,8,680,0.12,4787.2,1340.42
6638,2026-01-19,Storage Cabinet,Furniture,West,10,280,0.08,2576.0,721.28
6639,2026-01-19,Standing Desk,Furniture,North,6,550,0.12,2904.0,813.12
6640,2026-01-19,Projector,Office Supplies,South,2,680,0.2,1088.0,304.64
6641,2026-01-20,Notebook Set,Office Supplies,South,7,18,0.2,100.8,28.22
6642,2026-01-20,Inkjet Printer,Office Supplies,South,5,180,0.0,900.0,252.0
6643,2026-01-20,Tablet Air,Electronics,South,10,680,0.08,6256.0,1751.68
6644,2026-01-20,Plant Pot,Home Decor,North,7,30,0.18,172.2,48.22
6645,2026-01-20,USB-C Dock,Electronics,North,9,120,0.12,950.4,266.11
6646,2026-01-20,Inkjet Printer,Office Supplies,South,8,180,0.08,1324.8,370.94
6647,2026-01-20,Notebook Set,Office Supplies,South,2,18,0.0,36.0,10.08
6648,2026-01-20,Ergonomic Chair,Furniture,North,2,320,0.2,512.0,143.36
6649,2026-01-20,Color Printer,Office Supplies,East,2,260,0.12,457.6,128.13
6650,2026-01-20,Desk Lamp,Home Decor,West,11,60,0.12,580.8,162.62
6651,2026-01-20,USB-C Dock,Electronics,West,7,120,0.18,688.8,192.86
6652,2026-01-20,Inkjet Printer,Office Supplies,West,2,180,0.08,331.2,92.74
6653,2026-01-20,Wireless Headset,Electronics,West,11,120,0.05,1254.0,351.12
6654,2026-01-20,Projector,Office Supplies,West,6,680,0.05,3876.0,1085.28
6655,2026-01-20,Executive Desk,Furniture,East,5,910,0.05,4322.5,1210.3
6656,2026-01-21,Ergonomic Chair,Furniture,West,1,320,0.05,304.0,85.12
6657,2026-01-21,Air Purifier,Home Decor,South,11,170,0.05,1776.5,497.42
6658,2026-01-21,Laptop Pro 14,Electronics,East,1,1200,0.05,1140.0,319.2
6659,2026-01-21,Desk Lamp,Home Decor,East,11,60,0.05,627.0,175.56
6660,2026-01-21,Desk Lamp,Home Decor,West,9,60,0.05,513.0,143.64
6661,2026-01-21,USB-C Dock,Electronics,East,3,120,0.05,342.0,95.76
6662,2026-01-21,Air Purifier,Home Decor,North,8,170,0.0,1360.0,380.8
6663,2026-01-21,Standing Desk,Furniture,East,3,550,0.05,1567.5,438.9
6664,2026-01-21,Smart Speaker,Electronics,North,7,95,0.2,532.0,148.96
6665,2026-01-21,Executive Desk,Furniture,East,3,910,0.0,2730.0,764.4
6666,2026-01-21,Plant Pot,Home Decor,South,1,30,0.18,24.6,6.89
6667,2026-01-21,Plant Pot,Home Decor,South,7,30,0.12,184.8,51.74
6668,2026-01-21,Storage Cabinet,Furniture,North,3,280,0.12,739.2,206.98
6669,2026-01-21,Projector,Office Supplies,East,9,680,0.12,5385.6,1507.97
6670,2026-01-22,Ergonomic Chair,Furniture,South,9,320,0.05,2736.0,766.08
6671,2026-01-22,"Monitor 27""",Electronics,North,3,390,0.08,1076.4,301.39
6672,2026-01-22,Smart Speaker,Electronics,East,5,95,0.2,380.0,106.4
6673,2026-01-22,Wireless Headset,Electronics,East,8,120,0.18,787.2,220.42
6674,2026-01-22,Tablet Air,Electronics,South,8,680,0.05,5168.0,1447.04
6675,2026-01-22,Executive Desk,Furniture,West,10,910,0.18,7462.0,2089.36
6676,2026-01-22,Color Printer,Office Supplies,West,3,260,0.2,624.0,174.72
6677,2026-01-22,Color Printer,Office Supplies,East,9,260,0.18,1918.8,537.26
6678,2026-01-22,Tablet Air,Electronics,East,11,680,0.2,5984.0,1675.52
6679,2026-01-22,Plant Pot,Home Decor,East,11,30,0.2,264.0,73.92
6680,2026-01-22,Projector,Office Supplies,West,1,680,0.2,544.0,152.32
6681,2026-01-23,Notebook Set,Office Supplies,West,4,18,0.08,66.24,18.55
6682,2026-01-23,Office Chair,Furniture,South,2,240,0.0,480.0,134.4
6683,2026-01-23,Plant Pot,Home Decor,West,1,30,0.2,24.0,6.72
6684,2026-01-23,Notebook Set,Office Supplies,West,4,18,0.2,57.6,16.13
6685,2026-01-23,Inkjet Printer,Office Supplies,North,3,180,0.0,540.0,151.2
6686,2026-01-23,Plant Pot,Home Decor,North,2,30,0.2,48.0,13.44
6687,2026-01-23,Air Purifier,Home Decor,North,6,170,0.2,816.0,228.48
6688,2026-01-23,Tablet Air,Electronics,North,9,680,0.12,5385.6,1507.97
6689,2026-01-23,Desk Lamp,Home Decor,West,10,60,0.05,570.0,159.6
6690,2026-01-23,Inkjet Printer,Office Supplies,South,9,180,0.05,1539.0,430.92
6691,2026-01-23,"Monitor 27""",Electronics,West,2,390,0.08,717.6,200.93
6692,2026-01-23,Inkjet Printer,Office Supplies,East,6,180,0.18,885.6,247.97
6693,2026-01-23,Desk Lamp,Home Decor,South,4,60,0.08,220.8,61.82
6694,2026-01-23,Desk Lamp,Home Decor,East,5,60,0.18,246.0,68.88
6695,2026-01-24,Projector,Office Supplies,West,2,680,0.05,1292.0,361.76
6696,2026-01-24,Desk Lamp,Home Decor,South,9,60,0.12,475.2,133.06
6697,2026-01-24,Wireless Mouse,Electronics,West,9,45,0.08,372.6,104.33
6698,2026-01-24,Plant Pot,Home Decor,West,1,30,0.12,26.4,7.39
6699,2026-01-24,Desk Lamp,Home Decor,West,4,60,0.05,228.0,63.84
6700,2026-01-24,Standing Desk,Furniture,South,3,550,0.18,1353.0,378.84
6701,2026-01-24,Smart Speaker,Electronics,East,6,95,0.05,541.5,151.62
6702,2026-01-24,Notebook Set,Office Supplies,West,1,18,0.12,15.84,4.44
6703,2026-01-24,Inkjet Printer,Office Supplies,East,5,180,0.12,792.0,221.76
6704,2026-01-24,USB-C Dock,Electronics,West,11,120,0.08,1214.4,340.03
6705,2026-01-24,Ergonomic Chair,Furniture,West,11,320,0.12,3097.6,867.33
6706,2026-01-24,Plant Pot,Home Decor,West,9,30,0.18,221.4,61.99
6707,2026-01-24,Projector,Office Supplies,East,10,680,0.05,6460.0,1808.8
6708,2026-01-24,Inkjet Printer,Office Supplies,West,10,180,0.2,1440.0,403.2
6709,2026-01-24,"Monitor 27""",Electronics,North,11,390,0.05,4075.5,1141.14
6710,2026-01-25,Office Chair,Furniture,West,9,240,0.12,1900.8,532.22
6711,2026-01-25,4K Monitor,Electronics,North,6,420,0.08,2318.4,649.15
6712,2026-01-25,Office Chair,Furniture,North,7,240,0.05,1596.0,446.88
6713,2026-01-25,Air Purifier,Home Decor,South,1,170,0.0,170.0,47.6
6714,2026-01-25,"Monitor 27""",Electronics,West,2,390,0.12,686.4,192.19
6715,2026-01-25,Standing Desk,Furniture,East,8,550,0.2,3520.0,985.6
6716,2026-01-25,Inkjet Printer,Office Supplies,West,3,180,0.18,442.8,123.98
6717,2026-01-25,Plant Pot,Home Decor,West,3,30,0.08,82.8,23.18
6718,2026-01-25,Standing Desk,Furniture,East,6,550,0.12,2904.0,813.12
6719,2026-01-25,Executive Desk,Furniture,West,6,910,0.0,5460.0,1528.8
6720,2026-01-25,Ergonomic Chair,Furniture,North,3,320,0.05,912.0,255.36
6721,2026-01-25,Desk Lamp,Home Decor,West,7,60,0.12,369.6,103.49
6722,2026-01-25,Air Purifier,Home Decor,North,4,170,0.12,598.4,167.55
6723,2026-01-25,Smart Speaker,Electronics,North,8,95,0.08,699.2,195.78
6724,2026-01-26,Color Printer,Office Supplies,East,2,260,0.2,416.0,116.48
6725,2026-01-26,USB-C Dock,Electronics,East,3,120,0.08,331.2,92.74
6726,2026-01-26,"Monitor 27""",Electronics,East,4,390,0.12,1372.8,384.38
6727,2026-01-26,Plant Pot,Home Decor,South,2,30,0.12,52.8,14.78
6728,2026-01-26,Tablet Air,Electronics,South,8,680,0.05,5168.0,1447.04
6729,2026-01-26,Standing Desk,Furniture,East,1,550,0.0,550.0,154.0
6730,2026-01-26,Color Printer,Office Supplies,South,5,260,0.08,1196.0,334.88
6731,2026-01-26,Desk Lamp,Home Decor,West,3,60,0.05,171.0,47.88
6732,2026-01-27,Wireless Headset,Electronics,South,5,120,0.12,528.0,147.84
6733,2026-01-27,"Monitor 27""",Electronics,West,7,390,0.12,2402.4,672.67
6734,2026-01-27,Inkjet Printer,Office Supplies,West,11,180,0.08,1821.6,510.05
6735,2026-01-27,Plant Pot,Home Decor,South,4,30,0.18,98.4,27.55
6736,2026-01-27,Inkjet Printer,Office Supplies,South,6,180,0.05,1026.0,287.28
6737,2026-01-27,Storage Cabinet,Furniture,West,9,280,0.05,2394.0,670.32
6738,2026-01-27,Desk Lamp,Home Decor,South,6,60,0.05,342.0,95.76
6739,2026-01-27,"Monitor 27""",Electronics,West,4,390,0.08,1435.2,401.86
6740,2026-01-27,Air Purifier,Home Decor,South,1,170,0.18,139.4,39.03
6741,2026-01-27,Projector,Office Supplies,West,7,680,0.0,4760.0,1332.8
6742,2026-01-27,Wireless Headset,Electronics,East,5,120,0.08,552.0,154.56
6743,2026-01-27,Inkjet Printer,Office Supplies,North,11,180,0.08,1821.6,510.05
6744,2026-01-28,"Monitor 27""",Electronics,West,2,390,0.05,741.0,207.48
6745,2026-01-28,Wireless Mouse,Electronics,East,4,45,0.18,147.6,41.33
6746,2026-01-28,Executive Desk,Furniture,North,4,910,0.08,3348.8,937.66
6747,2026-01-28,"Monitor 27""",Electronics,South,5,390,0.12,1716.0,480.48
6748,2026-01-28,Air Purifier,Home Decor,North,8,170,0.2,1088.0,304.64
6749,2026-01-28,Plant Pot,Home Decor,West,9,30,0.08,248.4,69.55
6750,2026-01-28,Desk Lamp,Home Decor,West,9,60,0.18,442.8,123.98
6751,2026-01-28,Air Purifier,Home Decor,South,7,170,0.12,1047.2,293.22
6752,2026-01-28,Desk Lamp,Home Decor,South,9,60,0.2,432.0,120.96
6753,2026-01-28,Plant Pot,Home Decor,West,9,30,0.0,270.0,75.6
6754,2026-01-29,4K Monitor,Electronics,West,7,420,0.12,2587.2,724.42
6755,2026-01-29,Office Chair,Furniture,North,4,240,0.05,912.0,255.36
6756,2026-01-29,Desk Lamp,Home Decor,East,11,60,0.05,627.0,175.56
6757,2026-01-29,Plant Pot,Home Decor,West,8,30,0.18,196.8,55.1
6758,2026-01-29,4K Monitor,Electronics,West,2,420,0.12,739.2,206.98
6759,2026-01-29,Desk Lamp,Home Decor,South,4,60,0.12,211.2,59.14
6760,2026-01-29,Desk Lamp,Home Decor,East,9,60,0.18,442.8,123.98
6761,2026-01-29,Executive Desk,Furniture,South,7,910,0.05,6051.5,1694.42
6762,2026-01-30,Color Printer,Office Supplies,South,6,260,0.18,1279.2,358.18
6763,2026-01-30,Office Chair,Furniture,South,2,240,0.18,393.6,110.21
6764,2026-01-30,Inkjet Printer,Office Supplies,East,9,180,0.18,1328.4,371.95
6765,2026-01-30,Air Purifier,Home Decor,South,3,170,0.0,510.0,142.8
6766,2026-01-30,Color Printer,Office Supplies,East,1,260,0.18,213.2,59.7
6767,2026-01-30,Air Purifier,Home Decor,East,1,170,0.08,156.4,43.79
6768,2026-01-30,Color Printer,Office Supplies,East,6,260,0.12,1372.8,384.38
6769,2026-01-30,Executive Desk,Furniture,South,6,910,0.08,5023.2,1406.5
6770,2026-01-30,Projector,Office Supplies,East,2,680,0.18,1115.2,312.26
6771,2026-01-30,Standing Desk,Furniture,North,11,550,0.08,5566.0,1558.48
6772,2026-01-30,Smart Speaker,Electronics,East,9,95,0.08,786.6,220.25
6773,2026-01-30,Laptop Pro 14,Electronics,East,2,1200,0.05,2280.0,638.4
6774,2026-01-30,"Monitor 27""",Electronics,North,3,390,0.0,1170.0,327.6
6775,2026-01-30,Inkjet Printer,Office Supplies,West,5,180,0.05,855.0,239.4
6776,2026-01-30,4K Monitor,Electronics,East,4,420,0.12,1478.4,413.95
6777,2026-01-30,Notebook Set,Office Supplies,East,2,18,0.05,34.2,9.58
6778,2026-01-30,Inkjet Printer,Office Supplies,North,1,180,0.12,158.4,44.35
6779,2026-01-31,"Monitor 27""",Electronics,South,10,390,0.18,3198.0,895.44
6780,2026-01-31,Ergonomic Chair,Furniture,West,4,320,0.0,1280.0,358.4
6781,2026-01-31,Executive Desk,Furniture,West,4,910,0.0,3640.0,1019.2
6782,2026-01-31,"Monitor 27""",Electronics,North,1,390,0.12,343.2,96.1
6783,2026-01-31,Plant Pot,Home Decor,East,7,30,0.18,172.2,48.22
6784,2026-01-31,Air Purifier,Home Decor,South,11,170,0.0,1870.0,523.6
6785,2026-01-31,Plant Pot,Home Decor,North,2,30,0.0,60.0,16.8
6786,2026-01-31,Executive Desk,Furniture,East,1,910,0.05,864.5,242.06
6787,2026-01-31,Smart Speaker,Electronics,East,8,95,0.05,722.0,202.16
6788,2026-01-31,Office Chair,Furniture,East,3,240,0.2,576.0,161.28
6789,2026-01-31,Laptop Pro 14,Electronics,East,6,1200,0.0,7200.0,2016.0
6790,2026-01-31,Plant Pot,Home Decor,East,4,30,0.18,98.4,27.55
6791,2026-01-31,Air Purifier,Home Decor,West,6,170,0.0,1020.0,285.6
6792,2026-01-31,Inkjet Printer,Office Supplies,East,3,180,0.18,442.8,123.98
6793,2026-02-01,Inkjet Printer,Office Supplies,South,3,180,0.18,442.8,123.98
6794,2026-02-01,Smart Speaker,Electronics,South,2,95,0.2,152.0,42.56
6795,2026-02-01,Storage Cabinet,Furniture,South,3,280,0.12,739.2,206.98
6796,2026-02-01,Storage Cabinet,Furniture,West,8,280,0.08,2060.8,577.02
6797,2026-02-01,Color Printer,Office Supplies,North,9,260,0.05,2223.0,622.44
6798,2026-02-01,USB-C Dock,Electronics,West,9,120,0.05,1026.0,287.28
6799,2026-02-01,Ergonomic Chair,Furniture,North,10,320,0.05,3040.0,851.2
6800,2026-02-01,Wireless Mouse,Electronics,East,1,45,0.18,36.9,10.33
6801,2026-02-01,Plant Pot,Home Decor,North,11,30,0.0,330.0,92.4
6802,2026-02-01,Office Chair,Furniture,North,8,240,0.08,1766.4,494.59
6803,2026-02-01,Office Chair,Furniture,East,4,240,0.2,768.0,215.04
6804,2026-02-01,Notebook Set,Office Supplies,South,3,18,0.12,47.52,13.31
6805,2026-02-02,Tablet Air,Electronics,West,11,680,0.12,6582.4,1843.07
6806,2026-02-02,Standing Desk,Furniture,West,5,550,0.08,2530.0,708.4
6807,2026-02-02,Color Printer,Office Supplies,West,10,260,0.2,2080.0,582.4
6808,2026-02-02,Smart Speaker,Electronics,North,7,95,0.12,585.2,163.86
6809,2026-02-02,Air Purifier,Home Decor,West,1,170,0.18,139.4,39.03
6810,2026-02-02,Air Purifier,Home Decor,South,9,170,0.08,1407.6,394.13
6811,2026-02-02,Laptop Pro 14,Electronics,South,11,1200,0.05,12540.0,3511.2
6812,2026-02-02,USB-C Dock,Electronics,East,7,120,0.0,840.0,235.2
6813,2026-02-02,Office Chair,Furniture,North,9,240,0.0,2160.0,604.8
6814,2026-02-02,4K Monitor,Electronics,South,6,420,0.08,2318.4,649.15
6815,2026-02-02,Inkjet Printer,Office Supplies,South,9,180,0.12,1425.6,399.17
6816,2026-02-02,Projector,Office Supplies,South,10,680,0.18,5576.0,1561.28
6817,2026-02-02,Desk Lamp,Home Decor,East,2,60,0.0,120.0,33.6
6818,2026-02-02,Wireless Headset,Electronics,South,4,120,0.12,422.4,118.27
6819,2026-02-02,Standing Desk,Furniture,East,7,550,0.0,3850.0,1078.0
6820,2026-02-02,Storage Cabinet,Furniture,East,3,280,0.0,840.0,235.2
6821,2026-02-03,Executive Desk,Furniture,North,10,910,0.05,8645.0,2420.6
6822,2026-02-03,Standing Desk,Furniture,South,6,550,0.12,2904.0,813.12
6823,2026-02-03,Desk Lamp,Home Decor,North,5,60,0.18,246.0,68.88
6824,2026-02-03,Color Printer,Office Supplies,East,6,260,0.2,1248.0,349.44
6825,2026-02-03,Color Printer,Office Supplies,South,6,260,0.18,1279.2,358.18
6826,2026-02-03,Air Purifier,Home Decor,East,9,170,0.0,1530.0,428.4
6827,2026-02-03,Storage Cabinet,Furniture,East,9,280,0.0,2520.0,705.6
6828,2026-02-03,"Monitor 27""",Electronics,West,1,390,0.2,312.0,87.36
6829,2026-02-03,Laptop Pro 14,Electronics,East,9,1200,0.2,8640.0,2419.2
6830,2026-02-03,Wireless Mouse,Electronics,South,7,45,0.05,299.25,83.79
6831,2026-02-04,Office Chair,Furniture,North,8,240,0.12,1689.6,473.09
6832,2026-02-04,USB-C Dock,Electronics,North,6,120,0.12,633.6,177.41
6833,2026-02-04,Smart Speaker,Electronics,South,11,95,0.05,992.75,277.97
6834,2026-02-04,Desk Lamp,Home Decor,West,10,60,0.05,570.0,159.6
6835,2026-02-04,Color Printer,Office Supplies,North,8,260,0.08,1913.6,535.81
6836,2026-02-04,Tablet Air,Electronics,South,10,680,0.05,6460.0,1808.8
6837,2026-02-04,Inkjet Printer,Office Supplies,West,11,180,0.18,1623.6,454.61
6838,2026-02-04,Air Purifier,Home Decor,South,11,170,0.12,1645.6,460.77
6839,2026-02-04,Standing Desk,Furniture,East,4,550,0.12,1936.0,542.08
6840,2026-02-04,Wireless Headset,Electronics,East,6,120,0.12,633.6,177.41
6841,2026-02-04,Air Purifier,Home Decor,South,10,170,0.2,1360.0,380.8
6842,2026-02-04,Laptop Pro 14,Electronics,East,6,1200,0.0,7200.0,2016.0
6843,2026-02-04,Storage Cabinet,Furniture,East,6,280,0.0,1680.0,470.4
6844,2026-02-04,Laptop Pro 14,Electronics,North,10,1200,0.05,11400.0,3192.0
6845,2026-02-05,"Monitor 27""",Electronics,West,8,390,0.05,2964.0,829.92
6846,2026-02-05,Color Printer,Office Supplies,North,11,260,0.2,2288.0,640.64
6847,2026-02-05,Notebook Set,Office Supplies,South,6,18,0.2,86.4,24.19
6848,2026-02-05,Notebook Set,Office Supplies,East,2,18,0.08,33.12,9.27
6849,2026-02-05,Color Printer,Office Supplies,South,5,260,0.18,1066.0,298.48
6850,2026-02-05,Notebook Set,Office Supplies,East,7,18,0.18,103.32,28.93
6851,2026-02-05,Notebook Set,Office Supplies,West,11,18,0.0,198.0,55.44
6852,2026-02-05,Smart Speaker,Electronics,West,11,95,0.05,992.75,277.97
6853,2026-02-05,Notebook Set,Office Supplies,North,3,18,0.0,54.0,15.12
6854,2026-02-05,Air Purifier,Home Decor,North,7,170,0.05,1130.5,316.54
6855,2026-02-05,Projector,Office Supplies,West,10,680,0.05,6460.0,1808.8
6856,2026-02-05,Smart Speaker,Electronics,North,7,95,0.12,585.2,163.86
6857,2026-02-05,Plant Pot,Home Decor,South,9,30,0.18,221.4,61.99
6858,2026-02-05,Standing Desk,Furniture,South,2,550,0.12,968.0,271.04
6859,2026-02-06,Wireless Mouse,Electronics,East,1,45,0.2,36.0,10.08
6860,2026-02-06,Desk Lamp,Home Decor,South,5,60,0.08,276.0,77.28
6861,2026-02-06,Air Purifier,Home Decor,North,2,170,0.12,299.2,83.78
6862,2026-02-06,Color Printer,Office Supplies,South,6,260,0.0,1560.0,436.8
6863,2026-02-06,Executive Desk,Furniture,South,4,910,0.08,3348.8,937.66
6864,2026-02-06,Desk Lamp,Home Decor,West,1,60,0.2,48.0,13.44
6865,2026-02-06,Laptop Pro 14,Electronics,South,3,1200,0.2,2880.0,806.4
6866,2026-02-06,Desk Lamp,Home Decor,South,9,60,0.18,442.8,123.98
6867,2026-02-06,Office Chair,Furniture,North,4,240,0.0,960.0,268.8
6868,2026-02-06,Smart Speaker,Electronics,East,10,95,0.12,836.0,234.08
6869,2026-02-06,Storage Cabinet,Furniture,North,7,280,0.0,1960.0,548.8
6870,2026-02-06,Desk Lamp,Home Decor,South,1,60,0.05,57.0,15.96
6871,2026-02-06,Wireless Headset,Electronics,South,9,120,0.12,950.4,266.11
6872,2026-02-06,Air Purifier,Home Decor,North,2,170,0.2,272.0,76.16
6873,2026-02-06,Executive Desk,Furniture,East,8,910,0.05,6916.0,1936.48
6874,2026-02-06,Ergonomic Chair,Furniture,North,4,320,0.12,1126.4,315.39
6875,2026-02-06,Laptop Pro 14,Electronics,West,4,1200,0.2,3840.0,1075.2
6876,2026-02-07,Notebook Set,Office Supplies,North,11,18,0.0,198.0,55.44
6877,2026-02-07,Color Printer,Office Supplies,West,10,260,0.05,2470.0,691.6
6878,2026-02-07,Color Printer,Office Supplies,West,7,260,0.0,1820.0,509.6
6879,2026-02-07,Desk Lamp,Home Decor,North,3,60,0.05,171.0,47.88
6880,2026-02-07,Projector,Office Supplies,South,2,680,0.2,1088.0,304.64
6881,2026-02-07,Color Printer,Office Supplies,North,11,260,0.0,2860.0,800.8
6882,2026-02-07,Color Printer,Office Supplies,East,7,260,0.08,1674.4,468.83
6883,2026-02-07,Inkjet Printer,Office Supplies,South,8,180,0.18,1180.8,330.62
6884,2026-02-07,4K Monitor,Electronics,North,4,420,0.08,1545.6,432.77
6885,2026-02-07,Storage Cabinet,Furniture,South,5,280,0.18,1148.0,321.44
6886,2026-02-07,Desk Lamp,Home Decor,South,8,60,0.0,480.0,134.4
6887,2026-02-07,Storage Cabinet,Furniture,East,1,280,0.18,229.6,64.29
6888,2026-02-07,Ergonomic Chair,Furniture,East,6,320,0.08,1766.4,494.59
6889,2026-02-07,Executive Desk,Furniture,East,3,910,0.05,2593.5,726.18
6890,2026-02-07,Office Chair,Furniture,West,5,240,0.08,1104.0,309.12
6891,2026-02-07,USB-C Dock,Electronics,North,10,120,0.12,1056.0,295.68
6892,2026-02-07,4K Monitor,Electronics,West,4,420,0.0,1680.0,470.4
6893,2026-02-08,Ergonomic Chair,Furniture,West,11,320,0.18,2886.4,808.19
6894,2026-02-08,Plant Pot,Home Decor,North,10,30,0.12,264.0,73.92
6895,2026-02-08,Tablet Air,Electronics,North,9,680,0.2,4896.0,1370.88
6896,2026-02-08,Executive Desk,Furniture,East,10,910,0.12,8008.0,2242.24
6897,2026-02-08,Storage Cabinet,Furniture,South,1,280,0.18,229.6,64.29
6898,2026-02-08,Executive Desk,Furniture,North,4,910,0.08,3348.8,937.66
6899,2026-02-08,Tablet Air,Electronics,East,10,680,0.18,5576.0,1561.28
6900,2026-02-08,Tablet Air,Electronics,North,10,680,0.18,5576.0,1561.28
6901,2026-02-08,Desk Lamp,Home Decor,North,2,60,0.0,120.0,33.6
6902,2026-02-08,Desk Lamp,Home Decor,North,2,60,0.0,120.0,33.6
6903,2026-02-09,Projector,Office Supplies,East,11,680,0.08,6881.6,1926.85
6904,2026-02-09,Executive Desk,Furniture,North,11,910,0.18,8208.2,2298.3
6905,2026-02-09,Smart Speaker,Electronics,East,9,95,0.05,812.25,227.43
6906,2026-02-09,Inkjet Printer,Office Supplies,East,5,180,0.08,828.0,231.84
6907,2026-02-09,Standing Desk,Furniture,North,2,550,0.18,902.0,252.56
6908,2026-02-09,Storage Cabinet,Furniture,West,10,280,0.05,2660.0,744.8
6909,2026-02-09,Ergonomic Chair,Furniture,West,8,320,0.12,2252.8,630.78
6910,2026-02-09,"Monitor 27""",Electronics,North,8,390,0.2,2496.0,698.88
6911,2026-02-09,Plant Pot,Home Decor,South,11,30,0.08,303.6,85.01
6912,2026-02-09,Desk Lamp,Home Decor,South,7,60,0.05,399.0,111.72
6913,2026-02-10,Executive Desk,Furniture,East,5,910,0.18,3731.0,1044.68
6914,2026-02-10,Office Chair,Furniture,East,10,240,0.2,1920.0,537.6
6915,2026-02-10,Storage Cabinet,Furniture,West,3,280,0.18,688.8,192.86
6916,2026-02-10,Tablet Air,Electronics,East,6,680,0.08,3753.6,1051.01
6917,2026-02-10,Inkjet Printer,Office Supplies,South,3,180,0.0,540.0,151.2
6918,2026-02-10,Air Purifier,Home Decor,South,10,170,0.12,1496.0,418.88
6919,2026-02-10,Notebook Set,Office Supplies,East,2,18,0.18,29.52,8.27
6920,2026-02-10,USB-C Dock,Electronics,South,2,120,0.08,220.8,61.82
6921,2026-02-10,Smart Speaker,Electronics,West,4,95,0.08,349.6,97.89
6922,2026-02-10,Laptop Pro 14,Electronics,South,8,1200,0.0,9600.0,2688.0
6923,2026-02-10,Plant Pot,Home Decor,East,1,30,0.18,24.6,6.89
6924,2026-02-10,Projector,Office Supplies,West,10,680,0.12,5984.0,1675.52
6925,2026-02-11,Wireless Headset,Electronics,West,5,120,0.2,480.0,134.4
6926,2026-02-11,Inkjet Printer,Office Supplies,South,2,180,0.2,288.0,80.64
6927,2026-02-11,Inkjet Printer,Office Supplies,West,3,180,0.18,442.8,123.98
6928,2026-02-11,Executive Desk,Furniture,North,7,910,0.18,5223.4,1462.55
6929,2026-02-11,Desk Lamp,Home Decor,North,1,60,0.0,60.0,16.8
6930,2026-02-11,Office Chair,Furniture,North,2,240,0.0,480.0,134.4
6931,2026-02-11,Executive Desk,Furniture,South,6,910,0.05,5187.0,1452.36
6932,2026-02-11,Plant Pot,Home Decor,North,7,30,0.2,168.0,47.04
6933,2026-02-11,Standing Desk,Furniture,East,3,550,0.05,1567.5,438.9
6934,2026-02-11,Air Purifier,Home Decor,South,7,170,0.12,1047.2,293.22
6935,2026-02-11,Air Purifier,Home Decor,South,1,170,0.0,170.0,47.6
6936,2026-02-11,Tablet Air,Electronics,East,10,680,0.0,6800.0,1904.0
6937,2026-02-11,Smart Speaker,Electronics,East,1,95,0.12,83.6,23.41
6938,2026-02-11,Plant Pot,Home Decor,East,7,30,0.2,168.0,47.04
6939,2026-02-11,Smart Speaker,Electronics,North,8,95,0.2,608.0,170.24
6940,2026-02-11,"Monitor 27""",Electronics,East,9,390,0.2,2808.0,786.24
6941,2026-02-12,Air Purifier,Home Decor,West,5,170,0.08,782.0,218.96
6942,2026-02-12,Office Chair,Furniture,South,9,240,0.12,1900.8,532.22
6943,2026-02-12,"Monitor 27""",Electronics,North,9,390,0.08,3229.2,904.18
6944,2026-02-12,Standing Desk,Furniture,North,9,550,0.2,3960.0,1108.8
6945,2026-02-12,Office Chair,Furniture,East,4,240,0.08,883.2,247.3
6946,2026-02-12,Projector,Office Supplies,South,4,680,0.18,2230.4,624.51
6947,2026-02-12,Inkjet Printer,Office Supplies,South,6,180,0.0,1080.0,302.4
6948,2026-02-12,Wireless Headset,Electronics,North,6,120,0.18,590.4,165.31
6949,2026-02-12,"Monitor 27""",Electronics,West,1,390,0.18,319.8,89.54
6950,2026-02-12,4K Monitor,Electronics,South,1,420,0.18,344.4,96.43
6951,2026-02-12,Laptop Pro 14,Electronics,East,9,1200,0.08,9936.0,2782.08
6952,2026-02-12,Desk Lamp,Home Decor,South,4,60,0.18,196.8,55.1
6953,2026-02-12,Notebook Set,Office Supplies,West,5,18,0.08,82.8,23.18
6954,2026-02-12,4K Monitor,Electronics,North,11,420,0.0,4620.0,1293.6
6955,2026-02-12,Notebook Set,Office Supplies,South,10,18,0.12,158.4,44.35
6956,2026-02-13,4K Monitor,Electronics,South,6,420,0.2,2016.0,564.48
6957,2026-02-13,Color Printer,Office Supplies,North,6,260,0.12,1372.8,384.38
6958,2026-02-13,"Monitor 27""",Electronics,West,11,390,0.18,3517.8,984.98
6959,2026-02-13,Air Purifier,Home Decor,North,10,170,0.12,1496.0,418.88
6960,2026-02-13,Desk Lamp,Home Decor,North,7,60,0.18,344.4,96.43
6961,2026-02-13,USB-C Dock,Electronics,East,6,120,0.18,590.4,165.31
6962,2026-02-13,Laptop Pro 14,Electronics,West,6,1200,0.05,6840.0,1915.2
6963,2026-02-13,USB-C Dock,Electronics,West,1,120,0.0,120.0,33.6
6964,2026-02-13,Storage Cabinet,Furniture,North,4,280,0.12,985.6,275.97
6965,2026-02-13,Plant Pot,Home Decor,East,10,30,0.0,300.0,84.0
6966,2026-02-13,Plant Pot,Home Decor,East,9,30,0.2,216.0,60.48
6967,2026-02-13,Executive Desk,Furniture,North,5,910,0.2,3640.0,1019.2
6968,2026-02-13,Smart Speaker,Electronics,East,6,95,0.08,524.4,146.83
6969,2026-02-14,Wireless Headset,Electronics,South,9,120,0.08,993.6,278.21
6970,2026-02-14,Storage Cabinet,Furniture,East,4,280,0.2,896.0,250.88
6971,2026-02-14,Office Chair,Furniture,South,5,240,0.08,1104.0,309.12
6972,2026-02-14,Ergonomic Chair,Furniture,West,8,320,0.0,2560.0,716.8
6973,2026-02-14,Wireless Mouse,Electronics,East,3,45,0.08,124.2,34.78
6974,2026-02-14,Plant Pot,Home Decor,North,1,30,0.05,28.5,7.98
6975,2026-02-14,Wireless Headset,Electronics,East,3,120,0.12,316.8,88.7
6976,2026-02-14,Standing Desk,Furniture,South,8,550,0.05,4180.0,1170.4
6977,2026-02-14,Air Purifier,Home Decor,North,2,170,0.05,323.0,90.44
6978,2026-02-14,Plant Pot,Home Decor,South,6,30,0.0,180.0,50.4
6979,2026-02-15,Wireless Mouse,Electronics,East,11,45,0.08,455.4,127.51
6980,2026-02-15,Storage Cabinet,Furniture,West,11,280,0.12,2710.4,758.91
6981,2026-02-15,Standing Desk,Furniture,West,1,550,0.0,550.0,154.0
6982,2026-02-15,Notebook Set,Office Supplies,North,7,18,0.0,126.0,35.28
6983,2026-02-15,Executive Desk,Furniture,North,9,910,0.0,8190.0,2293.2
6984,2026-02-15,Notebook Set,Office Supplies,East,9,18,0.18,132.84,37.2
6985,2026-02-15,Storage Cabinet,Furniture,West,9,280,0.05,2394.0,670.32
6986,2026-02-15,Laptop Pro 14,Electronics,East,5,1200,0.18,4920.0,1377.6
6987,2026-02-16,Air Purifier,Home Decor,South,10,170,0.08,1564.0,437.92
6988,2026-02-16,Laptop Pro 14,Electronics,South,11,1200,0.18,10824.0,3030.72
6989,2026-02-16,Wireless Mouse,Electronics,East,6,45,0.18,221.4,61.99
6990,2026-02-16,Office Chair,Furniture,South,4,240,0.08,883.2,247.3
6991,2026-02-16,Desk Lamp,Home Decor,East,10,60,0.0,600.0,168.0
6992,2026-02-16,Color Printer,Office Supplies,West,1,260,0.18,213.2,59.7
6993,2026-02-16,Desk Lamp,Home Decor,East,6,60,0.12,316.8,88.7
6994,2026-02-16,Standing Desk,Furniture,West,3,550,0.05,1567.5,438.9
6995,2026-02-16,Air Purifier,Home Decor,East,7,170,0.08,1094.8,306.54
6996,2026-02-16,Color Printer,Office Supplies,East,8,260,0.12,1830.4,512.51
6997,2026-02-16,Air Purifier,Home Decor,South,8,170,0.05,1292.0,361.76
6998,2026-02-16,Tablet Air,Electronics,East,1,680,0.08,625.6,175.17
6999,2026-02-16,Desk Lamp,Home Decor,West,7,60,0.0,420.0,117.6
7000,2026-02-17,Wireless Headset,Electronics,West,6,120,0.18,590.4,165.31
7001,2026-02-17,Color Printer,Office Supplies,East,6,260,0.12,1372.8,384.38
7002,2026-02-17,Executive Desk,Furniture,West,3,910,0.18,2238.6,626.81
7003,2026-02-17,"Monitor 27""",Electronics,East,4,390,0.05,1482.0,414.96
7004,2026-02-17,Standing Desk,Furniture,East,2,550,0.05,1045.0,292.6
7005,2026-02-17,Office Chair,Furniture,West,1,240,0.0,240.0,67.2
7006,2026-02-17,Inkjet Printer,Office Supplies,East,11,180,0.0,1980.0,554.4
7007,2026-02-17,Plant Pot,Home Decor,North,6,30,0.2,144.0,40.32
7008,2026-02-17,Notebook Set,Office Supplies,North,9,18,0.12,142.56,39.92
7009,2026-02-18,Inkjet Printer,Office Supplies,North,3,180,0.2,432.0,120.96
7010,2026-02-18,Notebook Set,Office Supplies,North,4,18,0.08,66.24,18.55
7011,2026-02-18,Executive Desk,Furniture,North,1,910,0.18,746.2,208.94
7012,2026-02-18,Plant Pot,Home Decor,South,7,30,0.0,210.0,58.8
7013,2026-02-18,Plant Pot,Home Decor,East,4,30,0.18,98.4,27.55
7014,2026-02-18,Wireless Mouse,Electronics,East,10,45,0.12,396.0,110.88
7015,2026-02-18,Desk Lamp,Home Decor,North,5,60,0.2,240.0,67.2
7016,2026-02-18,Air Purifier,Home Decor,South,7,170,0.12,1047.2,293.22
7017,2026-02-19,Air Purifier,Home Decor,North,3,170,0.12,448.8,125.66
7018,2026-02-19,Air Purifier,Home Decor,East,6,170,0.18,836.4,234.19
7019,2026-02-19,Plant Pot,Home Decor,South,4,30,0.12,105.6,29.57
7020,2026-02-19,Storage Cabinet,Furniture,North,1,280,0.08,257.6,72.13
7021,2026-02-19,Plant Pot,Home Decor,North,3,30,0.2,72.0,20.16
7022,2026-02-19,Color Printer,Office Supplies,North,10,260,0.05,2470.0,691.6
7023,2026-02-19,Air Purifier,Home Decor,East,10,170,0.2,1360.0,380.8
7024,2026-02-19,Projector,Office Supplies,East,6,680,0.08,3753.6,1051.01
7025,2026-02-19,Inkjet Printer,Office Supplies,North,4,180,0.0,720.0,201.6
7026,2026-02-19,Plant Pot,Home Decor,West,5,30,0.08,138.0,38.64
7027,2026-02-19,Tablet Air,Electronics,East,5,680,0.12,2992.0,837.76
7028,2026-02-19,Desk Lamp,Home Decor,South,10,60,0.2,480.0,134.4
7029,2026-02-19,Plant Pot,Home Decor,West,3,30,0.12,79.2,22.18
7030,2026-02-19,Notebook Set,Office Supplies,North,11,18,0.2,158.4,44.35
7031,2026-02-20,Notebook Set,Office Supplies,East,4,18,0.18,59.04,16.53
7032,2026-02-20,Inkjet Printer,Office Supplies,East,6,180,0.0,1080.0,302.4
7033,2026-02-20,Projector,Office Supplies,South,2,680,0.0,1360.0,380.8
7034,2026-02-20,Executive Desk,Furniture,South,11,910,0.05,9509.5,2662.66
7035,2026-02-20,Executive Desk,Furniture,East,1,910,0.0,910.0,254.8
7036,2026-02-20,Tablet Air,Electronics,North,1,680,0.18,557.6,156.13
7037,2026-02-20,Projector,Office Supplies,North,8,680,0.0,5440.0,1523.2
7038,2026-02-20,Notebook Set,Office Supplies,West,5,18,0.05,85.5,23.94
7039,2026-02-20,Plant Pot,Home Decor,West,6,30,0.18,147.6,41.33
7040,2026-02-21,Desk Lamp,Home Decor,South,6,60,0.05,342.0,95.76
7041,2026-02-21,Standing Desk,Furniture,South,6,550,0.08,3036.0,850.08
7042,2026-02-21,Plant Pot,Home Decor,West,10,30,0.0,300.0,84.0
7043,2026-02-21,Notebook Set,Office Supplies,North,10,18,0.0,180.0,50.4
7044,2026-02-21,Standing Desk,Furniture,North,1,550,0.2,440.0,123.2
7045,2026-02-21,Tablet Air,Electronics,North,11,680,0.2,5984.0,1675.52
7046,2026-02-21,Projector,Office Supplies,South,9,680,0.05,5814.0,1627.92
7047,2026-02-21,Projector,Office Supplies,East,3,680,0.18,1672.8,468.38
7048,2026-02-21,Air Purifier,Home Decor,East,9,170,0.18,1254.6,351.29
7049,2026-02-21,Notebook Set,Office Supplies,West,2,18,0.12,31.68,8.87
7050,2026-02-22,Laptop Pro 14,Electronics,North,5,1200,0.08,5520.0,1545.6
7051,2026-02-22,Standing Desk,Furniture,East,2,550,0.2,880.0,246.4
7052,2026-02-22,Wireless Mouse,Electronics,South,5,45,0.2,180.0,50.4
7053,2026-02-22,Inkjet Printer,Office Supplies,West,3,180,0.2,432.0,120.96
7054,2026-02-22,Storage Cabinet,Furniture,South,1,280,0.18,229.6,64.29
7055,2026-02-22,Color Printer,Office Supplies,East,1,260,0.2,208.0,58.24
7056,2026-02-22,Color Printer,Office Supplies,North,9,260,0.18,1918.8,537.26
7057,2026-02-22,Office Chair,Furniture,East,10,240,0.18,1968.0,551.04
7058,2026-02-22,4K Monitor,Electronics,East,3,420,0.18,1033.2,289.3
7059,2026-02-22,Office Chair,Furniture,North,3,240,0.08,662.4,185.47
7060,2026-02-22,Executive Desk,Furniture,North,8,910,0.0,7280.0,2038.4
7061,2026-02-23,Inkjet Printer,Office Supplies,South,7,180,0.05,1197.0,335.16
7062,2026-02-23,Air Purifier,Home Decor,West,6,170,0.08,938.4,262.75
7063,2026-02-23,Air Purifier,Home Decor,West,3,170,0.2,408.0,114.24
7064,2026-02-23,Projector,Office Supplies,West,2,680,0.0,1360.0,380.8
7065,2026-02-23,Wireless Headset,Electronics,West,1,120,0.0,120.0,33.6
7066,2026-02-23,Storage Cabinet,Furniture,North,7,280,0.2,1568.0,439.04
7067,2026-02-23,Wireless Mouse,Electronics,North,3,45,0.08,124.2,34.78
7068,2026-02-23,Laptop Pro 14,Electronics,North,8,1200,0.08,8832.0,2472.96
7069,2026-02-23,Wireless Mouse,Electronics,South,7,45,0.05,299.25,83.79
7070,2026-02-23,Executive Desk,Furniture,South,2,910,0.08,1674.4,468.83
7071,2026-02-23,4K Monitor,Electronics,West,4,420,0.05,1596.0,446.88
7072,2026-02-24,Projector,Office Supplies,South,8,680,0.05,5168.0,1447.04
7073,2026-02-24,Plant Pot,Home Decor,North,10,30,0.2,240.0,67.2
7074,2026-02-24,Office Chair,Furniture,North,3,240,0.12,633.6,177.41
7075,2026-02-24,Inkjet Printer,Office Supplies,West,9,180,0.0,1620.0,453.6
7076,2026-02-24,Plant Pot,Home Decor,East,5,30,0.08,138.0,38.64
7077,2026-02-24,Laptop Pro 14,Electronics,North,11,1200,0.0,13200.0,3696.0
7078,2026-02-24,Storage Cabinet,Furniture,North,5,280,0.2,1120.0,313.6
7079,2026-02-24,Office Chair,Furniture,West,5,240,0.2,960.0,268.8
7080,2026-02-24,Ergonomic Chair,Furniture,East,7,320,0.18,1836.8,514.3
7081,2026-02-25,Executive Desk,Furniture,South,10,910,0.05,8645.0,2420.6
7082,2026-02-25,Storage Cabinet,Furniture,East,2,280,0.0,560.0,156.8
7083,2026-02-25,Plant Pot,Home Decor,North,3,30,0.08,82.8,23.18
7084,2026-02-25,Tablet Air,Electronics,North,5,680,0.05,3230.0,904.4
7085,2026-02-25,Standing Desk,Furniture,West,11,550,0.0,6050.0,1694.0
7086,2026-02-25,4K Monitor,Electronics,South,1,420,0.0,420.0,117.6
7087,2026-02-25,Ergonomic Chair,Furniture,East,2,320,0.08,588.8,164.86
7088,2026-02-25,Ergonomic Chair,Furniture,South,3,320,0.18,787.2,220.42
7089,2026-02-25,Inkjet Printer,Office Supplies,North,1,180,0.18,147.6,41.33
7090,2026-02-26,Notebook Set,Office Supplies,South,4,18,0.0,72.0,20.16
7091,2026-02-26,"Monitor 27""",Electronics,South,7,390,0.18,2238.6,626.81
7092,2026-02-26,Storage Cabinet,Furniture,East,3,280,0.0,840.0,235.2
7093,2026-02-26,Plant Pot,Home Decor,North,9,30,0.12,237.6,66.53
7094,2026-02-26,Tablet Air,Electronics,North,8,680,0.12,4787.2,1340.42
7095,2026-02-26,Air Purifier,Home Decor,East,1,170,0.2,136.0,38.08
7096,2026-02-26,Laptop Pro 14,Electronics,South,4,1200,0.12,4224.0,1182.72
7097,2026-02-26,"Monitor 27""",Electronics,South,8,390,0.12,2745.6,768.77
7098,2026-02-26,Plant Pot,Home Decor,West,5,30,0.08,138.0,38.64
7099,2026-02-26,Notebook Set,Office Supplies,West,3,18,0.2,43.2,12.1
7100,2026-02-26,Tablet Air,Electronics,South,7,680,0.2,3808.0,1066.24
7101,2026-02-26,Laptop Pro 14,Electronics,West,2,1200,0.0,2400.0,672.0
7102,2026-02-26,Notebook Set,Office Supplies,West,10,18,0.05,171.0,47.88
7103,2026-02-26,Tablet Air,Electronics,East,10,680,0.2,5440.0,1523.2
7104,2026-02-26,Storage Cabinet,Furniture,East,7,280,0.08,1803.2,504.9
7105,2026-02-26,Storage Cabinet,Furniture,East,5,280,0.08,1288.0,360.64
7106,2026-02-26,4K Monitor,Electronics,East,11,420,0.18,3788.4,1060.75
7107,2026-02-27,Executive Desk,Furniture,East,11,910,0.05,9509.5,2662.66
7108,2026-02-27,Smart Speaker,Electronics,North,8,95,0.0,760.0,212.8
7109,2026-02-27,"Monitor 27""",Electronics,West,5,390,0.05,1852.5,518.7
7110,2026-02-27,Office Chair,Furniture,South,5,240,0.18,984.0,275.52
7111,2026-02-27,Storage Cabinet,Furniture,West,4,280,0.12,985.6,275.97
7112,2026-02-27,Notebook Set,Office Supplies,North,10,18,0.05,171.0,47.88
7113,2026-02-27,Ergonomic Chair,Furniture,North,1,320,0.08,294.4,82.43
7114,2026-02-27,Desk Lamp,Home Decor,East,7,60,0.2,336.0,94.08
7115,2026-02-27,Plant Pot,Home Decor,East,7,30,0.05,199.5,55.86
7116,2026-02-27,Plant Pot,Home Decor,West,2,30,0.12,52.8,14.78
7117,2026-02-27,Color Printer,Office Supplies,North,2,260,0.12,457.6,128.13
7118,2026-02-27,Desk Lamp,Home Decor,North,9,60,0.08,496.8,139.1
7119,2026-02-27,Laptop Pro 14,Electronics,North,11,1200,0.2,10560.0,2956.8
7120,2026-02-27,USB-C Dock,Electronics,North,6,120,0.0,720.0,201.6
7121,2026-02-28,4K Monitor,Electronics,North,3,420,0.2,1008.0,282.24
7122,2026-02-28,Plant Pot,Home Decor,North,10,30,0.2,240.0,67.2
7123,2026-02-28,Standing Desk,Furniture,North,3,550,0.18,1353.0,378.84
7124,2026-02-28,Wireless Headset,Electronics,West,2,120,0.2,192.0,53.76
7125,2026-02-28,Plant Pot,Home Decor,North,4,30,0.05,114.0,31.92
7126,2026-02-28,Office Chair,Furniture,North,4,240,0.18,787.2,220.42
7127,2026-02-28,Wireless Mouse,Electronics,South,11,45,0.2,396.0,110.88
7128,2026-02-28,Air Purifier,Home Decor,North,5,170,0.12,748.0,209.44
7129,2026-02-28,4K Monitor,Electronics,East,10,420,0.05,3990.0,1117.2
7130,2026-02-28,Notebook Set,Office Supplies,North,8,18,0.0,144.0,40.32
7131,2026-02-28,Executive Desk,Furniture,South,5,910,0.05,4322.5,1210.3
7132,2026-02-28,Projector,Office Supplies,East,4,680,0.08,2502.4,700.67
7133,2026-02-28,Smart Speaker,Electronics,South,5,95,0.2,380.0,106.4
7134,2026-02-28,Plant Pot,Home Decor,South,1,30,0.0,30.0,8.4
7135,2026-02-28,Office Chair,Furniture,North,8,240,0.08,1766.4,494.59
7136,2026-03-01,Air Purifier,Home Decor,West,5,170,0.0,850.0,238.0
7137,2026-03-01,Air Purifier,Home Decor,West,6,170,0.05,969.0,271.32
7138,2026-03-01,Laptop Pro 14,Electronics,South,4,1200,0.2,3840.0,1075.2
7139,2026-03-01,Notebook Set,Office Supplies,East,8,18,0.12,126.72,35.48
7140,2026-03-01,Air Purifier,Home Decor,South,6,170,0.05,969.0,271.32
7141,2026-03-01,Air Purifier,Home Decor,East,3,170,0.12,448.8,125.66
7142,2026-03-01,Plant Pot,Home Decor,East,8,30,0.12,211.2,59.14
7143,2026-03-01,Projector,Office Supplies,North,7,680,0.18,3903.2,1092.9
7144,2026-03-01,Desk Lamp,Home Decor,West,4,60,0.08,220.8,61.82
7145,2026-03-01,Desk Lamp,Home Decor,South,7,60,0.12,369.6,103.49
7146,2026-03-01,Desk Lamp,Home Decor,North,1,60,0.2,48.0,13.44
7147,2026-03-01,Storage Cabinet,Furniture,North,2,280,0.05,532.0,148.96
7148,2026-03-01,Desk Lamp,Home Decor,East,1,60,0.18,49.2,13.78
7149,2026-03-02,Desk Lamp,Home Decor,East,4,60,0.2,192.0,53.76
7150,2026-03-02,Plant Pot,Home Decor,South,3,30,0.12,79.2,22.18
7151,2026-03-02,Executive Desk,Furniture,West,10,910,0.05,8645.0,2420.6
7152,2026-03-02,Tablet Air,Electronics,North,5,680,0.2,2720.0,761.6
7153,2026-03-02,Standing Desk,Furniture,West,8,550,0.05,4180.0,1170.4
7154,2026-03-02,Color Printer,Office Supplies,East,11,260,0.18,2345.2,656.66
7155,2026-03-02,Office Chair,Furniture,West,1,240,0.05,228.0,63.84
7156,2026-03-02,Projector,Office Supplies,East,7,680,0.05,4522.0,1266.16
7157,2026-03-02,4K Monitor,Electronics,East,6,420,0.2,2016.0,564.48
7158,2026-03-02,Laptop Pro 14,Electronics,West,4,1200,0.2,3840.0,1075.2
7159,2026-03-02,Plant Pot,Home Decor,South,9,30,0.08,248.4,69.55
7160,2026-03-02,Wireless Mouse,Electronics,North,2,45,0.05,85.5,23.94
7161,2026-03-02,Office Chair,Furniture,East,2,240,0.0,480.0,134.4
7162,2026-03-02,Laptop Pro 14,Electronics,East,1,1200,0.08,1104.0,309.12
7163,2026-03-02,Standing Desk,Furniture,North,3,550,0.0,1650.0,462.0
7164,2026-03-02,Air Purifier,Home Decor,East,9,170,0.18,1254.6,351.29
7165,2026-03-02,Plant Pot,Home Decor,West,6,30,0.12,158.4,44.35
7166,2026-03-03,Storage Cabinet,Furniture,North,2,280,0.0,560.0,156.8
7167,2026-03-03,Executive Desk,Furniture,South,7,910,0.05,6051.5,1694.42
7168,2026-03-03,Projector,Office Supplies,South,6,680,0.2,3264.0,913.92
7169,2026-03-03,Inkjet Printer,Office Supplies,North,11,180,0.12,1742.4,487.87
7170,2026-03-03,USB-C Dock,Electronics,West,11,120,0.05,1254.0,351.12
7171,2026-03-03,Office Chair,Furniture,West,7,240,0.05,1596.0,446.88
7172,2026-03-03,Desk Lamp,Home Decor,East,11,60,0.08,607.2,170.02
7173,2026-03-03,Notebook Set,Office Supplies,East,7,18,0.2,100.8,28.22
7174,2026-03-03,Office Chair,Furniture,East,3,240,0.0,720.0,201.6
7175,2026-03-03,Laptop Pro 14,Electronics,East,10,1200,0.2,9600.0,2688.0
7176,2026-03-03,Inkjet Printer,Office Supplies,East,4,180,0.05,684.0,191.52
7177,2026-03-03,Projector,Office Supplies,North,2,680,0.05,1292.0,361.76
7178,2026-03-03,Smart Speaker,Electronics,North,1,95,0.08,87.4,24.47
7179,2026-03-03,Notebook Set,Office Supplies,South,11,18,0.05,188.1,52.67
7180,2026-03-03,Desk Lamp,Home Decor,East,4,60,0.05,228.0,63.84
7181,2026-03-04,Laptop Pro 14,Electronics,West,1,1200,0.12,1056.0,295.68
7182,2026-03-04,Notebook Set,Office Supplies,North,7,18,0.05,119.7,33.52
7183,2026-03-04,Plant Pot,Home Decor,North,4,30,0.05,114.0,31.92
7184,2026-03-04,Wireless Headset,Electronics,South,6,120,0.05,684.0,191.52
7185,2026-03-04,Wireless Mouse,Electronics,North,10,45,0.05,427.5,119.7
7186,2026-03-04,Ergonomic Chair,Furniture,North,7,320,0.12,1971.2,551.94
7187,2026-03-04,Plant Pot,Home Decor,North,9,30,0.08,248.4,69.55
7188,2026-03-04,USB-C Dock,Electronics,South,11,120,0.2,1056.0,295.68
7189,2026-03-04,Notebook Set,Office Supplies,East,3,18,0.2,43.2,12.1
7190,2026-03-04,Inkjet Printer,Office Supplies,West,6,180,0.08,993.6,278.21
7191,2026-03-04,Wireless Headset,Electronics,South,2,120,0.0,240.0,67.2
7192,2026-03-05,Plant Pot,Home Decor,North,7,30,0.0,210.0,58.8
7193,2026-03-05,Wireless Headset,Electronics,East,1,120,0.05,114.0,31.92
7194,2026-03-05,Wireless Headset,Electronics,East,9,120,0.0,1080.0,302.4
7195,2026-03-05,Plant Pot,Home Decor,West,10,30,0.08,276.0,77.28
7196,2026-03-05,Air Purifier,Home Decor,West,1,170,0.0,170.0,47.6
7197,2026-03-05,Air Purifier,Home Decor,East,4,170,0.08,625.6,175.17
7198,2026-03-05,Ergonomic Chair,Furniture,East,9,320,0.08,2649.6,741.89
7199,2026-03-05,Plant Pot,Home Decor,West,8,30,0.12,211.2,59.14
7200,2026-03-05,Storage Cabinet,Furniture,South,11,280,0.0,3080.0,862.4
7201,2026-03-05,Projector,Office Supplies,East,8,680,0.12,4787.2,1340.42
7202,2026-03-05,Color Printer,Office Supplies,West,8,260,0.2,1664.0,465.92
7203,2026-03-05,Projector,Office Supplies,West,3,680,0.2,1632.0,456.96
7204,2026-03-05,Inkjet Printer,Office Supplies,West,2,180,0.18,295.2,82.66
7205,2026-03-05,Projector,Office Supplies,East,6,680,0.12,3590.4,1005.31
7206,2026-03-06,Air Purifier,Home Decor,North,6,170,0.05,969.0,271.32
7207,2026-03-06,Tablet Air,Electronics,West,11,680,0.08,6881.6,1926.85
7208,2026-03-06,Executive Desk,Furniture,North,1,910,0.08,837.2,234.42
7209,2026-03-06,Inkjet Printer,Office Supplies,North,6,180,0.2,864.0,241.92
7210,2026-03-06,Ergonomic Chair,Furniture,South,4,320,0.12,1126.4,315.39
7211,2026-03-06,Executive Desk,Furniture,North,8,910,0.0,7280.0,2038.4
7212,2026-03-06,Office Chair,Furniture,South,8,240,0.08,1766.4,494.59
7213,2026-03-06,Air Purifier,Home Decor,West,5,170,0.05,807.5,226.1
7214,2026-03-06,Projector,Office Supplies,East,9,680,0.2,4896.0,1370.88
7215,2026-03-06,Desk Lamp,Home Decor,North,5,60,0.12,264.0,73.92
7216,2026-03-06,Plant Pot,Home Decor,North,4,30,0.12,105.6,29.57
7217,2026-03-06,"Monitor 27""",Electronics,South,11,390,0.12,3775.2,1057.06
7218,2026-03-06,Color Printer,Office Supplies,North,3,260,0.2,624.0,174.72
7219,2026-03-07,Projector,Office Supplies,East,7,680,0.05,4522.0,1266.16
7220,2026-03-07,Smart Speaker,Electronics,South,7,95,0.2,532.0,148.96
7221,2026-03-07,Executive Desk,Furniture,West,8,910,0.05,6916.0,1936.48
7222,2026-03-07,Executive Desk,Furniture,South,3,910,0.12,2402.4,672.67
7223,2026-03-07,Inkjet Printer,Office Supplies,North,9,180,0.08,1490.4,417.31
7224,2026-03-07,Notebook Set,Office Supplies,South,7,18,0.0,126.0,35.28
7225,2026-03-07,Executive Desk,Furniture,West,4,910,0.0,3640.0,1019.2
7226,2026-03-07,USB-C Dock,Electronics,East,7,120,0.08,772.8,216.38
7227,2026-03-07,Smart Speaker,Electronics,North,6,95,0.05,541.5,151.62
7228,2026-03-07,USB-C Dock,Electronics,South,11,120,0.08,1214.4,340.03
7229,2026-03-07,Wireless Headset,Electronics,East,11,120,0.18,1082.4,303.07
7230,2026-03-07,Executive Desk,Furniture,West,6,910,0.18,4477.2,1253.62
7231,2026-03-07,Air Purifier,Home Decor,East,6,170,0.2,816.0,228.48
7232,2026-03-08,Standing Desk,Furniture,West,3,550,0.2,1320.0,369.6
7233,2026-03-08,4K Monitor,Electronics,East,4,420,0.0,1680.0,470.4
7234,2026-03-08,Plant Pot,Home Decor,North,9,30,0.18,221.4,61.99
7235,2026-03-08,Laptop Pro 14,Electronics,East,8,1200,0.08,8832.0,2472.96
7236,2026-03-08,Standing Desk,Furniture,North,11,550,0.05,5747.5,1609.3
7237,2026-03-08,Plant Pot,Home Decor,West,5,30,0.18,123.0,34.44
7238,2026-03-08,Desk Lamp,Home Decor,East,4,60,0.18,196.8,55.1
7239,2026-03-08,Air Purifier,Home Decor,East,5,170,0.0,850.0,238.0
7240,2026-03-08,Notebook Set,Office Supplies,East,10,18,0.0,180.0,50.4
7241,2026-03-08,Desk Lamp,Home Decor,North,8,60,0.0,480.0,134.4
7242,2026-03-08,Color Printer,Office Supplies,East,5,260,0.0,1300.0,364.0
7243,2026-03-08,Executive Desk,Furniture,West,3,910,0.08,2511.6,703.25
7244,2026-03-08,Plant Pot,Home Decor,North,10,30,0.08,276.0,77.28
7245,2026-03-08,Inkjet Printer,Office Supplies,East,3,180,0.18,442.8,123.98
7246,2026-03-08,Ergonomic Chair,Furniture,North,1,320,0.12,281.6,78.85
7247,2026-03-08,4K Monitor,Electronics,West,4,420,0.05,1596.0,446.88
7248,2026-03-09,Tablet Air,Electronics,North,5,680,0.05,3230.0,904.4
7249,2026-03-09,Plant Pot,Home Decor,South,10,30,0.08,276.0,77.28
7250,2026-03-09,Smart Speaker,Electronics,East,2,95,0.08,174.8,48.94
7251,2026-03-09,Inkjet Printer,Office Supplies,West,8,180,0.0,1440.0,403.2
7252,2026-03-09,Air Purifier,Home Decor,North,4,170,0.08,625.6,175.17
7253,2026-03-09,Ergonomic Chair,Furniture,West,8,320,0.2,2048.0,573.44
7254,2026-03-09,Ergonomic Chair,Furniture,North,4,320,0.12,1126.4,315.39
7255,2026-03-09,4K Monitor,Electronics,South,2,420,0.18,688.8,192.86
7256,2026-03-09,Laptop Pro 14,Electronics,North,8,1200,0.2,7680.0,2150.4
7257,2026-03-09,"Monitor 27""",Electronics,South,8,390,0.08,2870.4,803.71
7258,2026-03-09,Color Printer,Office Supplies,North,7,260,0.12,1601.6,448.45
7259,2026-03-09,Desk Lamp,Home Decor,West,4,60,0.18,196.8,55.1
7260,2026-03-09,Plant Pot,Home Decor,East,11,30,0.12,290.4,81.31
7261,2026-03-10,Office Chair,Furniture,East,6,240,0.05,1368.0,383.04
7262,2026-03-10,Laptop Pro 14,Electronics,West,6,1200,0.08,6624.0,1854.72
7263,2026-03-10,Storage Cabinet,Furniture,West,5,280,0.08,1288.0,360.64
7264,2026-03-10,Color Printer,Office Supplies,South,1,260,0.18,213.2,59.7
7265,2026-03-10,Color Printer,Office Supplies,East,6,260,0.2,1248.0,349.44
7266,2026-03-10,Wireless Mouse,Electronics,West,10,45,0.08,414.0,115.92
7267,2026-03-10,Inkjet Printer,Office Supplies,West,6,180,0.18,885.6,247.97
7268,2026-03-10,Storage Cabinet,Furniture,East,5,280,0.0,1400.0,392.0
7269,2026-03-10,Tablet Air,Electronics,South,2,680,0.2,1088.0,304.64
7270,2026-03-10,Desk Lamp,Home Decor,East,9,60,0.0,540.0,151.2
7271,2026-03-10,Ergonomic Chair,Furniture,East,4,320,0.0,1280.0,358.4
7272,2026-03-10,Desk Lamp,Home Decor,West,5,60,0.12,264.0,73.92
7273,2026-03-10,Ergonomic Chair,Furniture,East,11,320,0.18,2886.4,808.19
7274,2026-03-10,Notebook Set,Office Supplies,East,11,18,0.08,182.16,51.0
7275,2026-03-10,Inkjet Printer,Office Supplies,North,8,180,0.05,1368.0,383.04
7276,2026-03-10,Color Printer,Office Supplies,West,11,260,0.12,2516.8,704.7
7277,2026-03-11,Projector,Office Supplies,South,7,680,0.18,3903.2,1092.9
7278,2026-03-11,Ergonomic Chair,Furniture,South,10,320,0.08,2944.0,824.32
7279,2026-03-11,Ergonomic Chair,Furniture,East,11,320,0.2,2816.0,788.48
7280,2026-03-11,Air Purifier,Home Decor,South,4,170,0.12,598.4,167.55
7281,2026-03-11,Color Printer,Office Supplies,North,1,260,0.0,260.0,72.8
7282,2026-03-11,Executive Desk,Furniture,West,9,910,0.18,6715.8,1880.42
7283,2026-03-11,4K Monitor,Electronics,West,10,420,0.08,3864.0,1081.92
7284,2026-03-11,4K Monitor,Electronics,North,9,420,0.2,3024.0,846.72
7285,2026-03-12,Projector,Office Supplies,West,11,680,0.08,6881.6,1926.85
7286,2026-03-12,Projector,Office Supplies,North,3,680,0.08,1876.8,525.5
7287,2026-03-12,Executive Desk,Furniture,West,2,910,0.05,1729.0,484.12
7288,2026-03-12,Desk Lamp,Home Decor,North,7,60,0.2,336.0,94.08
7289,2026-03-12,Ergonomic Chair,Furniture,East,10,320,0.12,2816.0,788.48
7290,2026-03-12,Air Purifier,Home Decor,South,6,170,0.18,836.4,234.19
7291,2026-03-12,Smart Speaker,Electronics,North,9,95,0.18,701.1,196.31
7292,2026-03-12,Plant Pot,Home Decor,South,4,30,0.0,120.0,33.6
7293,2026-03-12,Ergonomic Chair,Furniture,West,2,320,0.2,512.0,143.36
7294,2026-03-12,Plant Pot,Home Decor,South,6,30,0.2,144.0,40.32
7295,2026-03-12,Air Purifier,Home Decor,South,10,170,0.2,1360.0,380.8
7296,2026-03-12,Notebook Set,Office Supplies,South,2,18,0.18,29.52,8.27
7297,2026-03-12,Executive Desk,Furniture,South,11,910,0.18,8208.2,2298.3
7298,2026-03-12,Ergonomic Chair,Furniture,North,2,320,0.2,512.0,143.36
7299,2026-03-12,Air Purifier,Home Decor,East,3,170,0.0,510.0,142.8
7300,2026-03-12,Inkjet Printer,Office Supplies,North,1,180,0.12,158.4,44.35
7301,2026-03-12,Desk Lamp,Home Decor,West,5,60,0.18,246.0,68.88
7302,2026-03-13,Inkjet Printer,Office Supplies,West,6,180,0.0,1080.0,302.4
7303,2026-03-13,Laptop Pro 14,Electronics,South,3,1200,0.12,3168.0,887.04
7304,2026-03-13,Air Purifier,Home Decor,South,8,170,0.2,1088.0,304.64
7305,2026-03-13,Smart Speaker,Electronics,North,10,95,0.18,779.0,218.12
7306,2026-03-13,Office Chair,Furniture,East,11,240,0.2,2112.0,591.36
7307,2026-03-13,Desk Lamp,Home Decor,East,2,60,0.2,96.0,26.88
7308,2026-03-13,Ergonomic Chair,Furniture,East,9,320,0.18,2361.6,661.25
7309,2026-03-13,Air Purifier,Home Decor,West,7,170,0.08,1094.8,306.54
7310,2026-03-13,Desk Lamp,Home Decor,East,4,60,0.08,220.8,61.82
7311,2026-03-13,Storage Cabinet,Furniture,West,9,280,0.18,2066.4,578.59
7312,2026-03-14,Smart Speaker,Electronics,East,10,95,0.08,874.0,244.72
7313,2026-03-14,Ergonomic Chair,Furniture,West,5,320,0.05,1520.0,425.6
7314,2026-03-14,Projector,Office Supplies,East,6,680,0.18,3345.6,936.77
7315,2026-03-14,Tablet Air,Electronics,North,5,680,0.08,3128.0,875.84
7316,2026-03-14,Notebook Set,Office Supplies,North,10,18,0.08,165.6,46.37
7317,2026-03-14,Color Printer,Office Supplies,East,8,260,0.18,1705.6,477.57
7318,2026-03-14,Air Purifier,Home Decor,South,2,170,0.2,272.0,76.16
7319,2026-03-14,Storage Cabinet,Furniture,North,7,280,0.12,1724.8,482.94
7320,2026-03-15,Color Printer,Office Supplies,East,10,260,0.2,2080.0,582.4
7321,2026-03-15,Desk Lamp,Home Decor,South,1,60,0.2,48.0,13.44
7322,2026-03-15,Projector,Office Supplies,West,5,680,0.0,3400.0,952.0
7323,2026-03-15,Tablet Air,Electronics,South,5,680,0.2,2720.0,761.6
7324,2026-03-15,Office Chair,Furniture,East,10,240,0.0,2400.0,672.0
7325,2026-03-15,Standing Desk,Furniture,North,11,550,0.12,5324.0,1490.72
7326,2026-03-15,Storage Cabinet,Furniture,North,2,280,0.2,448.0,125.44
7327,2026-03-15,"Monitor 27""",Electronics,North,11,390,0.05,4075.5,1141.14
7328,2026-03-15,Executive Desk,Furniture,East,5,910,0.12,4004.0,1121.12
7329,2026-03-15,Storage Cabinet,Furniture,East,5,280,0.2,1120.0,313.6
7330,2026-03-15,Executive Desk,Furniture,North,8,910,0.12,6406.4,1793.79
7331,2026-03-15,Inkjet Printer,Office Supplies,East,1,180,0.18,147.6,41.33
7332,2026-03-15,Desk Lamp,Home Decor,North,7,60,0.18,344.4,96.43
7333,2026-03-15,Standing Desk,Furniture,South,11,550,0.05,5747.5,1609.3
7334,2026-03-15,Inkjet Printer,Office Supplies,East,5,180,0.08,828.0,231.84
7335,2026-03-15,Color Printer,Office Supplies,South,3,260,0.0,780.0,218.4
7336,2026-03-16,Executive Desk,Furniture,South,10,910,0.18,7462.0,2089.36
7337,2026-03-16,Storage Cabinet,Furniture,East,1,280,0.0,280.0,78.4
7338,2026-03-16,Laptop Pro 14,Electronics,South,4,1200,0.05,4560.0,1276.8
7339,2026-03-16,Ergonomic Chair,Furniture,South,7,320,0.08,2060.8,577.02
7340,2026-03-16,Air Purifier,Home Decor,East,7,170,0.0,1190.0,333.2
7341,2026-03-16,Inkjet Printer,Office Supplies,South,9,180,0.0,1620.0,453.6
7342,2026-03-16,Executive Desk,Furniture,West,6,910,0.12,4804.8,1345.34
7343,2026-03-16,Plant Pot,Home Decor,South,3,30,0.08,82.8,23.18
7344,2026-03-16,Desk Lamp,Home Decor,West,6,60,0.2,288.0,80.64
7345,2026-03-16,Laptop Pro 14,Electronics,South,9,1200,0.12,9504.0,2661.12
7346,2026-03-16,Smart Speaker,Electronics,South,2,95,0.18,155.8,43.62
7347,2026-03-16,Air Purifier,Home Decor,North,5,170,0.12,748.0,209.44
7348,2026-03-16,Ergonomic Chair,Furniture,North,2,320,0.08,588.8,164.86
7349,2026-03-16,Wireless Mouse,Electronics,East,10,45,0.12,396.0,110.88
7350,2026-03-17,Air Purifier,Home Decor,South,4,170,0.2,544.0,152.32
7351,2026-03-17,Standing Desk,Furniture,South,3,550,0.08,1518.0,425.04
7352,2026-03-17,Ergonomic Chair,Furniture,South,8,320,0.08,2355.2,659.46
7353,2026-03-17,Air Purifier,Home Decor,South,1,170,0.12,149.6,41.89
7354,2026-03-17,Office Chair,Furniture,South,4,240,0.08,883.2,247.3
7355,2026-03-17,Plant Pot,Home Decor,West,3,30,0.2,72.0,20.16
7356,2026-03-17,Color Printer,Office Supplies,North,8,260,0.12,1830.4,512.51
7357,2026-03-17,Ergonomic Chair,Furniture,East,6,320,0.2,1536.0,430.08
7358,2026-03-18,Office Chair,Furniture,West,4,240,0.12,844.8,236.54
7359,2026-03-18,Smart Speaker,Electronics,West,8,95,0.0,760.0,212.8
7360,2026-03-18,Desk Lamp,Home Decor,East,10,60,0.2,480.0,134.4
7361,2026-03-18,Laptop Pro 14,Electronics,South,11,1200,0.18,10824.0,3030.72
7362,2026-03-18,Notebook Set,Office Supplies,West,7,18,0.05,119.7,33.52
7363,2026-03-18,Ergonomic Chair,Furniture,South,11,320,0.2,2816.0,788.48
7364,2026-03-18,4K Monitor,Electronics,South,9,420,0.18,3099.6,867.89
7365,2026-03-18,Color Printer,Office Supplies,East,10,260,0.08,2392.0,669.76
7366,2026-03-19,Air Purifier,Home Decor,North,6,170,0.12,897.6,251.33
7367,2026-03-19,Color Printer,Office Supplies,West,6,260,0.18,1279.2,358.18
7368,2026-03-19,Plant Pot,Home Decor,East,5,30,0.2,120.0,33.6
7369,2026-03-19,Color Printer,Office Supplies,West,3,260,0.12,686.4,192.19
7370,2026-03-19,Air Purifier,Home Decor,North,10,170,0.0,1700.0,476.0
7371,2026-03-19,Office Chair,Furniture,East,6,240,0.12,1267.2,354.82
7372,2026-03-19,Plant Pot,Home Decor,South,6,30,0.2,144.0,40.32
7373,2026-03-19,Color Printer,Office Supplies,West,10,260,0.08,2392.0,669.76
7374,2026-03-19,Standing Desk,Furniture,North,6,550,0.18,2706.0,757.68
7375,2026-03-19,Desk Lamp,Home Decor,East,9,60,0.05,513.0,143.64
7376,2026-03-19,4K Monitor,Electronics,East,2,420,0.05,798.0,223.44
7377,2026-03-19,Storage Cabinet,Furniture,South,9,280,0.18,2066.4,578.59
7378,2026-03-19,Air Purifier,Home Decor,South,1,170,0.0,170.0,47.6
7379,2026-03-19,Desk Lamp,Home Decor,East,6,60,0.2,288.0,80.64
7380,2026-03-19,Projector,Office Supplies,South,9,680,0.12,5385.6,1507.97
7381,2026-03-20,Laptop Pro 14,Electronics,North,11,1200,0.05,12540.0,3511.2
7382,2026-03-20,Color Printer,Office Supplies,East,7,260,0.2,1456.0,407.68
7383,2026-03-20,Air Purifier,Home Decor,South,9,170,0.05,1453.5,406.98
7384,2026-03-20,Plant Pot,Home Decor,North,10,30,0.18,246.0,68.88
7385,2026-03-20,4K Monitor,Electronics,North,1,420,0.2,336.0,94.08
7386,2026-03-20,Smart Speaker,Electronics,West,7,95,0.12,585.2,163.86
7387,2026-03-20,Plant Pot,Home Decor,West,3,30,0.12,79.2,22.18
7388,2026-03-20,Storage Cabinet,Furniture,South,7,280,0.2,1568.0,439.04
7389,2026-03-20,Wireless Headset,Electronics,West,9,120,0.2,864.0,241.92
7390,2026-03-21,Ergonomic Chair,Furniture,East,4,320,0.05,1216.0,340.48
7391,2026-03-21,Plant Pot,Home Decor,West,1,30,0.08,27.6,7.73
7392,2026-03-21,Projector,Office Supplies,West,1,680,0.18,557.6,156.13
7393,2026-03-21,Office Chair,Furniture,West,3,240,0.08,662.4,185.47
7394,2026-03-21,Air Purifier,Home Decor,East,3,170,0.08,469.2,131.38
7395,2026-03-21,Desk Lamp,Home Decor,North,4,60,0.05,228.0,63.84
7396,2026-03-21,Ergonomic Chair,Furniture,East,11,320,0.12,3097.6,867.33
7397,2026-03-21,Inkjet Printer,Office Supplies,East,11,180,0.0,1980.0,554.4
7398,2026-03-22,Smart Speaker,Electronics,North,7,95,0.18,545.3,152.68
7399,2026-03-22,Plant Pot,Home Decor,East,4,30,0.05,114.0,31.92
7400,2026-03-22,Color Printer,Office Supplies,East,2,260,0.08,478.4,133.95
7401,2026-03-22,Standing Desk,Furniture,North,5,550,0.0,2750.0,770.0
7402,2026-03-22,Notebook Set,Office Supplies,North,11,18,0.18,162.36,45.46
7403,2026-03-22,Notebook Set,Office Supplies,North,10,18,0.18,147.6,41.33
7404,2026-03-22,Air Purifier,Home Decor,North,9,170,0.08,1407.6,394.13
7405,2026-03-22,Inkjet Printer,Office Supplies,East,10,180,0.2,1440.0,403.2
7406,2026-03-22,Inkjet Printer,Office Supplies,East,6,180,0.05,1026.0,287.28
7407,2026-03-22,Notebook Set,Office Supplies,South,8,18,0.2,115.2,32.26
7408,2026-03-22,Projector,Office Supplies,West,3,680,0.2,1632.0,456.96
7409,2026-03-23,Notebook Set,Office Supplies,East,8,18,0.2,115.2,32.26
7410,2026-03-23,Air Purifier,Home Decor,East,10,170,0.0,1700.0,476.0
7411,2026-03-23,Plant Pot,Home Decor,South,10,30,0.18,246.0,68.88
7412,2026-03-23,Air Purifier,Home Decor,East,2,170,0.2,272.0,76.16
7413,2026-03-23,Color Printer,Office Supplies,South,11,260,0.08,2631.2,736.74
7414,2026-03-23,Smart Speaker,Electronics,East,9,95,0.05,812.25,227.43
7415,2026-03-23,Projector,Office Supplies,East,11,680,0.0,7480.0,2094.4
7416,2026-03-23,Ergonomic Chair,Furniture,South,2,320,0.08,588.8,164.86
7417,2026-03-23,Storage Cabinet,Furniture,South,5,280,0.2,1120.0,313.6
7418,2026-03-23,Ergonomic Chair,Furniture,South,7,320,0.05,2128.0,595.84
7419,2026-03-23,Desk Lamp,Home Decor,South,1,60,0.2,48.0,13.44
7420,2026-03-24,Smart Speaker,Electronics,South,9,95,0.0,855.0,239.4
7421,2026-03-24,USB-C Dock,Electronics,South,11,120,0.18,1082.4,303.07
7422,2026-03-24,Inkjet Printer,Office Supplies,East,7,180,0.05,1197.0,335.16
7423,2026-03-24,Office Chair,Furniture,East,6,240,0.18,1180.8,330.62
7424,2026-03-24,Storage Cabinet,Furniture,West,9,280,0.08,2318.4,649.15
7425,2026-03-24,Desk Lamp,Home Decor,East,1,60,0.18,49.2,13.78
7426,2026-03-24,Smart Speaker,Electronics,West,3,95,0.08,262.2,73.42
7427,2026-03-24,Air Purifier,Home Decor,South,1,170,0.05,161.5,45.22
7428,2026-03-24,Inkjet Printer,Office Supplies,East,11,180,0.12,1742.4,487.87
7429,2026-03-24,Color Printer,Office Supplies,North,7,260,0.2,1456.0,407.68
7430,2026-03-24,Projector,Office Supplies,West,5,680,0.08,3128.0,875.84
7431,2026-03-24,Desk Lamp,Home Decor,East,7,60,0.0,420.0,117.6
7432,2026-03-25,Standing Desk,Furniture,West,11,550,0.2,4840.0,1355.2
7433,2026-03-25,"Monitor 27""",Electronics,North,1,390,0.12,343.2,96.1
7434,2026-03-25,Plant Pot,Home Decor,East,1,30,0.2,24.0,6.72
7435,2026-03-25,"Monitor 27""",Electronics,North,5,390,0.08,1794.0,502.32
7436,2026-03-25,Projector,Office Supplies,West,4,680,0.2,2176.0,609.28
7437,2026-03-25,Standing Desk,Furniture,East,8,550,0.05,4180.0,1170.4
7438,2026-03-25,Inkjet Printer,Office Supplies,North,5,180,0.08,828.0,231.84
7439,2026-03-25,Office Chair,Furniture,South,7,240,0.0,1680.0,470.4
7440,2026-03-25,Office Chair,Furniture,West,11,240,0.0,2640.0,739.2
7441,2026-03-25,Plant Pot,Home Decor,North,2,30,0.18,49.2,13.78
7442,2026-03-25,Color Printer,Office Supplies,West,2,260,0.0,520.0,145.6
7443,2026-03-26,Projector,Office Supplies,East,2,680,0.12,1196.8,335.1
7444,2026-03-26,Plant Pot,Home Decor,North,4,30,0.08,110.4,30.91
7445,2026-03-26,Notebook Set,Office Supplies,West,2,18,0.05,34.2,9.58
7446,2026-03-26,Desk Lamp,Home Decor,East,5,60,0.05,285.0,79.8
7447,2026-03-26,Projector,Office Supplies,North,10,680,0.05,6460.0,1808.8
7448,2026-03-26,Air Purifier,Home Decor,West,8,170,0.2,1088.0,304.64
7449,2026-03-26,Desk Lamp,Home Decor,West,4,60,0.2,192.0,53.76
7450,2026-03-26,Desk Lamp,Home Decor,North,3,60,0.05,171.0,47.88
7451,2026-03-26,Inkjet Printer,Office Supplies,West,4,180,0.0,720.0,201.6
7452,2026-03-26,Notebook Set,Office Supplies,West,1,18,0.08,16.56,4.64
7453,2026-03-26,Desk Lamp,Home Decor,West,5,60,0.18,246.0,68.88
7454,2026-03-26,Color Printer,Office Supplies,North,11,260,0.0,2860.0,800.8
7455,2026-03-26,Executive Desk,Furniture,West,6,910,0.08,5023.2,1406.5
7456,2026-03-26,Office Chair,Furniture,South,10,240,0.0,2400.0,672.0
7457,2026-03-26,Color Printer,Office Supplies,East,5,260,0.18,1066.0,298.48
7458,2026-03-26,Ergonomic Chair,Furniture,West,8,320,0.18,2099.2,587.78
7459,2026-03-26,Plant Pot,Home Decor,East,8,30,0.18,196.8,55.1
7460,2026-03-27,Plant Pot,Home Decor,South,8,30,0.05,228.0,63.84
7461,2026-03-27,Wireless Headset,Electronics,South,10,120,0.2,960.0,268.8
7462,2026-03-27,Executive Desk,Furniture,North,11,910,0.05,9509.5,2662.66
7463,2026-03-27,Air Purifier,Home Decor,South,10,170,0.12,1496.0,418.88
7464,2026-03-27,Inkjet Printer,Office Supplies,North,8,180,0.0,1440.0,403.2
7465,2026-03-27,Standing Desk,Furniture,North,1,550,0.0,550.0,154.0
7466,2026-03-27,Air Purifier,Home Decor,West,1,170,0.2,136.0,38.08
7467,2026-03-27,Projector,Office Supplies,West,3,680,0.18,1672.8,468.38
7468,2026-03-27,Inkjet Printer,Office Supplies,South,3,180,0.05,513.0,143.64
7469,2026-03-28,Color Printer,Office Supplies,East,5,260,0.05,1235.0,345.8
7470,2026-03-28,Air Purifier,Home Decor,North,9,170,0.08,1407.6,394.13
7471,2026-03-28,Notebook Set,Office Supplies,South,2,18,0.18,29.52,8.27
7472,2026-03-28,Storage Cabinet,Furniture,East,11,280,0.08,2833.6,793.41
7473,2026-03-28,Color Printer,Office Supplies,South,9,260,0.0,2340.0,655.2
7474,2026-03-28,Desk Lamp,Home Decor,North,11,60,0.18,541.2,151.54
7475,2026-03-28,Plant Pot,Home Decor,West,8,30,0.2,192.0,53.76
7476,2026-03-28,Office Chair,Furniture,East,3,240,0.05,684.0,191.52
7477,2026-03-28,Desk Lamp,Home Decor,North,2,60,0.18,98.4,27.55
7478,2026-03-28,Smart Speaker,Electronics,East,10,95,0.08,874.0,244.72
7479,2026-03-28,Color Printer,Office Supplies,East,8,260,0.05,1976.0,553.28
7480,2026-03-28,Notebook Set,Office Supplies,East,9,18,0.18,132.84,37.2
7481,2026-03-28,4K Monitor,Electronics,South,1,420,0.12,369.6,103.49
7482,2026-03-28,Inkjet Printer,Office Supplies,East,6,180,0.05,1026.0,287.28
7483,2026-03-28,Inkjet Printer,Office Supplies,North,3,180,0.2,432.0,120.96
7484,2026-03-28,Inkjet Printer,Office Supplies,South,10,180,0.12,1584.0,443.52
7485,2026-03-28,Desk Lamp,Home Decor,West,8,60,0.08,441.6,123.65
7486,2026-03-29,Tablet Air,Electronics,West,8,680,0.08,5004.8,1401.34
7487,2026-03-29,Wireless Headset,Electronics,North,7,120,0.05,798.0,223.44
7488,2026-03-29,Air Purifier,Home Decor,North,4,170,0.2,544.0,152.32
7489,2026-03-29,USB-C Dock,Electronics,North,5,120,0.0,600.0,168.0
7490,2026-03-29,"Monitor 27""",Electronics,North,9,390,0.12,3088.8,864.86
7491,2026-03-29,Ergonomic Chair,Furniture,West,10,320,0.0,3200.0,896.0
7492,2026-03-29,Inkjet Printer,Office Supplies,West,9,180,0.18,1328.4,371.95
7493,2026-03-29,Notebook Set,Office Supplies,West,8,18,0.05,136.8,38.3
7494,2026-03-29,USB-C Dock,Electronics,South,8,120,0.08,883.2,247.3
7495,2026-03-29,"Monitor 27""",Electronics,West,10,390,0.05,3705.0,1037.4
7496,2026-03-30,4K Monitor,Electronics,West,1,420,0.18,344.4,96.43
7497,2026-03-30,Office Chair,Furniture,North,10,240,0.2,1920.0,537.6
7498,2026-03-30,Ergonomic Chair,Furniture,East,3,320,0.2,768.0,215.04
7499,2026-03-30,Smart Speaker,Electronics,East,6,95,0.0,570.0,159.6
7500,2026-03-30,Plant Pot,Home Decor,North,6,30,0.2,144.0,40.32
7501,2026-03-30,"Monitor 27""",Electronics,West,10,390,0.05,3705.0,1037.4
7502,2026-03-30,Projector,Office Supplies,East,8,680,0.18,4460.8,1249.02
7503,2026-03-30,Standing Desk,Furniture,East,7,550,0.2,3080.0,862.4
7504,2026-03-30,Desk Lamp,Home Decor,West,1,60,0.2,48.0,13.44
7505,2026-03-30,Wireless Headset,Electronics,East,7,120,0.2,672.0,188.16
7506,2026-03-30,Notebook Set,Office Supplies,East,4,18,0.12,63.36,17.74
7507,2026-03-30,Standing Desk,Furniture,East,1,550,0.05,522.5,146.3
7508,2026-03-30,Projector,Office Supplies,South,4,680,0.05,2584.0,723.52
7509,2026-03-30,Notebook Set,Office Supplies,East,9,18,0.0,162.0,45.36
7510,2026-03-30,Desk Lamp,Home Decor,East,7,60,0.2,336.0,94.08
7511,2026-03-31,Plant Pot,Home Decor,North,8,30,0.0,240.0,67.2
7512,2026-03-31,Smart Speaker,Electronics,South,2,95,0.18,155.8,43.62
7513,2026-03-31,Notebook Set,Office Supplies,South,11,18,0.2,158.4,44.35
7514,2026-03-31,USB-C Dock,Electronics,South,4,120,0.12,422.4,118.27
7515,2026-03-31,Desk Lamp,Home Decor,West,10,60,0.18,492.0,137.76
7516,2026-03-31,Air Purifier,Home Decor,South,11,170,0.2,1496.0,418.88
7517,2026-03-31,Color Printer,Office Supplies,West,2,260,0.0,520.0,145.6
7518,2026-03-31,Desk Lamp,Home Decor,East,6,60,0.12,316.8,88.7
7519,2026-03-31,Laptop Pro 14,Electronics,North,5,1200,0.0,6000.0,1680.0
7520,2026-03-31,Plant Pot,Home Decor,East,1,30,0.0,30.0,8.4
7521,2026-03-31,Executive Desk,Furniture,West,6,910,0.12,4804.8,1345.34
7522,2026-03-31,Color Printer,Office Supplies,East,1,260,0.08,239.2,66.98
7523,2026-03-31,Desk Lamp,Home Decor,North,8,60,0.05,456.0,127.68
7524,2026-03-31,Color Printer,Office Supplies,East,11,260,0.18,2345.2,656.66
7525,2026-04-01,Tablet Air,Electronics,South,9,680,0.0,6120.0,1713.6
7526,2026-04-01,Notebook Set,Office Supplies,East,3,18,0.0,54.0,15.12
7527,2026-04-01,Laptop Pro 14,Electronics,West,11,1200,0.0,13200.0,3696.0
7528,2026-04-01,Desk Lamp,Home Decor,South,11,60,0.05,627.0,175.56
7529,2026-04-01,Smart Speaker,Electronics,North,6,95,0.0,570.0,159.6
7530,2026-04-01,Laptop Pro 14,Electronics,East,10,1200,0.0,12000.0,3360.0
7531,2026-04-01,Notebook Set,Office Supplies,West,4,18,0.2,57.6,16.13
7532,2026-04-01,Plant Pot,Home Decor,South,4,30,0.08,110.4,30.91
7533,2026-04-01,Executive Desk,Furniture,South,9,910,0.08,7534.8,2109.74
7534,2026-04-01,Storage Cabinet,Furniture,East,2,280,0.05,532.0,148.96
7535,2026-04-01,Executive Desk,Furniture,North,5,910,0.18,3731.0,1044.68
7536,2026-04-01,Desk Lamp,Home Decor,West,7,60,0.18,344.4,96.43
7537,2026-04-01,4K Monitor,Electronics,South,2,420,0.0,840.0,235.2
7538,2026-04-01,Color Printer,Office Supplies,North,10,260,0.05,2470.0,691.6
7539,2026-04-01,Color Printer,Office Supplies,East,9,260,0.2,1872.0,524.16
7540,2026-04-01,Projector,Office Supplies,West,4,680,0.12,2393.6,670.21
7541,2026-04-01,4K Monitor,Electronics,West,10,420,0.18,3444.0,964.32
7542,2026-04-02,Plant Pot,Home Decor,South,6,30,0.08,165.6,46.37
7543,2026-04-02,Color Printer,Office Supplies,West,9,260,0.0,2340.0,655.2
7544,2026-04-02,Storage Cabinet,Furniture,East,4,280,0.2,896.0,250.88
7545,2026-04-02,Ergonomic Chair,Furniture,West,5,320,0.0,1600.0,448.0
7546,2026-04-02,Storage Cabinet,Furniture,East,8,280,0.12,1971.2,551.94
7547,2026-04-02,Ergonomic Chair,Furniture,North,2,320,0.12,563.2,157.7
7548,2026-04-02,Desk Lamp,Home Decor,North,11,60,0.05,627.0,175.56
7549,2026-04-02,Projector,Office Supplies,West,2,680,0.05,1292.0,361.76
7550,2026-04-02,Projector,Office Supplies,West,7,680,0.0,4760.0,1332.8
7551,2026-04-02,Color Printer,Office Supplies,South,8,260,0.05,1976.0,553.28
7552,2026-04-02,Plant Pot,Home Decor,West,10,30,0.18,246.0,68.88
7553,2026-04-02,Air Purifier,Home Decor,North,6,170,0.12,897.6,251.33
7554,2026-04-02,Air Purifier,Home Decor,East,7,170,0.0,1190.0,333.2
7555,2026-04-02,Ergonomic Chair,Furniture,West,10,320,0.12,2816.0,788.48
7556,2026-04-02,Wireless Headset,Electronics,South,8,120,0.08,883.2,247.3
7557,2026-04-02,Notebook Set,Office Supplies,North,3,18,0.2,43.2,12.1
7558,2026-04-03,Storage Cabinet,Furniture,West,4,280,0.2,896.0,250.88
7559,2026-04-03,Desk Lamp,Home Decor,South,7,60,0.18,344.4,96.43
7560,2026-04-03,Tablet Air,Electronics,South,10,680,0.12,5984.0,1675.52
7561,2026-04-03,Plant Pot,Home Decor,North,2,30,0.2,48.0,13.44
7562,2026-04-03,Air Purifier,Home Decor,South,3,170,0.08,469.2,131.38
7563,2026-04-03,Plant Pot,Home Decor,East,8,30,0.08,220.8,61.82
7564,2026-04-03,Executive Desk,Furniture,West,3,910,0.12,2402.4,672.67
7565,2026-04-03,Wireless Mouse,Electronics,East,6,45,0.05,256.5,71.82
7566,2026-04-04,Air Purifier,Home Decor,West,2,170,0.0,340.0,95.2
7567,2026-04-04,Wireless Mouse,Electronics,South,8,45,0.05,342.0,95.76
7568,2026-04-04,Ergonomic Chair,Furniture,South,6,320,0.12,1689.6,473.09
7569,2026-04-04,Plant Pot,Home Decor,North,10,30,0.12,264.0,73.92
7570,2026-04-04,Executive Desk,Furniture,West,2,910,0.2,1456.0,407.68
7571,2026-04-04,Color Printer,Office Supplies,West,4,260,0.18,852.8,238.78
7572,2026-04-04,Projector,Office Supplies,South,8,680,0.08,5004.8,1401.34
7573,2026-04-04,Storage Cabinet,Furniture,West,10,280,0.05,2660.0,744.8
7574,2026-04-05,Notebook Set,Office Supplies,West,2,18,0.2,28.8,8.06
7575,2026-04-05,Office Chair,Furniture,South,1,240,0.18,196.8,55.1
7576,2026-04-05,Inkjet Printer,Office Supplies,North,10,180,0.18,1476.0,413.28
7577,2026-04-05,Executive Desk,Furniture,North,2,910,0.12,1601.6,448.45
7578,2026-04-05,Air Purifier,Home Decor,South,2,170,0.12,299.2,83.78
7579,2026-04-05,Projector,Office Supplies,North,8,680,0.12,4787.2,1340.42
7580,2026-04-05,Notebook Set,Office Supplies,North,7,18,0.05,119.7,33.52
7581,2026-04-05,Notebook Set,Office Supplies,West,4,18,0.08,66.24,18.55
7582,2026-04-05,Ergonomic Chair,Furniture,East,8,320,0.18,2099.2,587.78
7583,2026-04-05,Plant Pot,Home Decor,West,7,30,0.05,199.5,55.86
7584,2026-04-05,Air Purifier,Home Decor,North,2,170,0.12,299.2,83.78
7585,2026-04-05,Notebook Set,Office Supplies,East,6,18,0.2,86.4,24.19
7586,2026-04-05,Projector,Office Supplies,North,9,680,0.08,5630.4,1576.51
7587,2026-04-05,Projector,Office Supplies,West,3,680,0.05,1938.0,542.64
7588,2026-04-05,Projector,Office Supplies,East,1,680,0.0,680.0,190.4
7589,2026-04-05,Color Printer,Office Supplies,West,6,260,0.08,1435.2,401.86
7590,2026-04-06,Air Purifier,Home Decor,North,6,170,0.08,938.4,262.75
7591,2026-04-06,Projector,Office Supplies,North,11,680,0.0,7480.0,2094.4
7592,2026-04-06,Air Purifier,Home Decor,North,8,170,0.05,1292.0,361.76
7593,2026-04-06,Standing Desk,Furniture,East,9,550,0.12,4356.0,1219.68
7594,2026-04-06,Desk Lamp,Home Decor,East,9,60,0.08,496.8,139.1
7595,2026-04-06,Notebook Set,Office Supplies,East,10,18,0.18,147.6,41.33
7596,2026-04-06,Ergonomic Chair,Furniture,East,11,320,0.18,2886.4,808.19
7597,2026-04-06,Air Purifier,Home Decor,South,5,170,0.08,782.0,218.96
7598,2026-04-06,Office Chair,Furniture,West,10,240,0.12,2112.0,591.36
7599,2026-04-07,Laptop Pro 14,Electronics,East,5,1200,0.12,5280.0,1478.4
7600,2026-04-07,Desk Lamp,Home Decor,West,6,60,0.18,295.2,82.66
7601,2026-04-07,Laptop Pro 14,Electronics,West,10,1200,0.12,10560.0,2956.8
7602,2026-04-07,Wireless Mouse,Electronics,South,10,45,0.08,414.0,115.92
7603,2026-04-07,Desk Lamp,Home Decor,North,7,60,0.08,386.4,108.19
7604,2026-04-07,Wireless Headset,Electronics,North,10,120,0.18,984.0,275.52
7605,2026-04-07,Plant Pot,Home Decor,West,6,30,0.18,147.6,41.33
7606,2026-04-07,Tablet Air,Electronics,South,8,680,0.05,5168.0,1447.04
7607,2026-04-07,Air Purifier,Home Decor,South,6,170,0.0,1020.0,285.6
7608,2026-04-08,Air Purifier,Home Decor,West,1,170,0.05,161.5,45.22
7609,2026-04-08,Desk Lamp,Home Decor,North,4,60,0.2,192.0,53.76
7610,2026-04-08,Plant Pot,Home Decor,West,7,30,0.2,168.0,47.04
7611,2026-04-08,Color Printer,Office Supplies,East,9,260,0.18,1918.8,537.26
7612,2026-04-08,Notebook Set,Office Supplies,North,5,18,0.08,82.8,23.18
7613,2026-04-08,Plant Pot,Home Decor,West,1,30,0.08,27.6,7.73
7614,2026-04-08,Ergonomic Chair,Furniture,North,9,320,0.0,2880.0,806.4
7615,2026-04-08,Desk Lamp,Home Decor,West,11,60,0.2,528.0,147.84
7616,2026-04-08,Ergonomic Chair,Furniture,East,8,320,0.18,2099.2,587.78
7617,2026-04-08,Ergonomic Chair,Furniture,North,2,320,0.18,524.8,146.94
7618,2026-04-09,Inkjet Printer,Office Supplies,North,1,180,0.18,147.6,41.33
7619,2026-04-09,Inkjet Printer,Office Supplies,North,1,180,0.18,147.6,41.33
7620,2026-04-09,Inkjet Printer,Office Supplies,East,10,180,0.12,1584.0,443.52
7621,2026-04-09,Standing Desk,Furniture,West,7,550,0.08,3542.0,991.76
7622,2026-04-09,Tablet Air,Electronics,West,6,680,0.05,3876.0,1085.28
7623,2026-04-09,Projector,Office Supplies,East,1,680,0.05,646.0,180.88
7624,2026-04-09,"Monitor 27""",Electronics,South,6,390,0.18,1918.8,537.26
7625,2026-04-09,4K Monitor,Electronics,South,6,420,0.05,2394.0,670.32
7626,2026-04-09,Office Chair,Furniture,North,6,240,0.12,1267.2,354.82
7627,2026-04-09,Inkjet Printer,Office Supplies,South,11,180,0.05,1881.0,526.68
7628,2026-04-09,Storage Cabinet,Furniture,West,9,280,0.2,2016.0,564.48
7629,2026-04-09,Wireless Mouse,Electronics,South,5,45,0.0,225.0,63.0
7630,2026-04-09,Air Purifier,Home Decor,South,9,170,0.12,1346.4,376.99
7631,2026-04-09,Projector,Office Supplies,North,3,680,0.08,1876.8,525.5
7632,2026-04-09,Desk Lamp,Home Decor,South,1,60,0.12,52.8,14.78
7633,2026-04-09,Storage Cabinet,Furniture,West,6,280,0.0,1680.0,470.4
7634,2026-04-09,"Monitor 27""",Electronics,North,5,390,0.08,1794.0,502.32
7635,2026-04-10,Storage Cabinet,Furniture,East,8,280,0.0,2240.0,627.2
7636,2026-04-10,Smart Speaker,Electronics,West,3,95,0.2,228.0,63.84
7637,2026-04-10,Office Chair,Furniture,North,5,240,0.0,1200.0,336.0
7638,2026-04-10,Desk Lamp,Home Decor,North,9,60,0.2,432.0,120.96
7639,2026-04-10,Projector,Office Supplies,South,5,680,0.2,2720.0,761.6
7640,2026-04-10,Color Printer,Office Supplies,West,7,260,0.0,1820.0,509.6
7641,2026-04-10,Tablet Air,Electronics,North,8,680,0.08,5004.8,1401.34
7642,2026-04-10,Notebook Set,Office Supplies,South,8,18,0.05,136.8,38.3
7643,2026-04-10,Office Chair,Furniture,North,7,240,0.0,1680.0,470.4
7644,2026-04-10,Notebook Set,Office Supplies,East,5,18,0.18,73.8,20.66
7645,2026-04-10,USB-C Dock,Electronics,East,3,120,0.05,342.0,95.76
7646,2026-04-10,Color Printer,Office Supplies,East,11,260,0.08,2631.2,736.74
7647,2026-04-10,Air Purifier,Home Decor,East,3,170,0.08,469.2,131.38
7648,2026-04-10,Wireless Headset,Electronics,South,11,120,0.12,1161.6,325.25
7649,2026-04-10,Standing Desk,Furniture,North,8,550,0.18,3608.0,1010.24
7650,2026-04-10,Standing Desk,Furniture,South,9,550,0.12,4356.0,1219.68
7651,2026-04-11,Wireless Mouse,Electronics,West,9,45,0.08,372.6,104.33
7652,2026-04-11,Notebook Set,Office Supplies,East,3,18,0.18,44.28,12.4
7653,2026-04-11,Office Chair,Furniture,East,6,240,0.2,1152.0,322.56
7654,2026-04-11,Desk Lamp,Home Decor,South,8,60,0.05,456.0,127.68
7655,2026-04-11,Office Chair,Furniture,West,5,240,0.08,1104.0,309.12
7656,2026-04-11,Plant Pot,Home Decor,North,1,30,0.0,30.0,8.4
7657,2026-04-11,Plant Pot,Home Decor,South,7,30,0.12,184.8,51.74
7658,2026-04-11,Air Purifier,Home Decor,South,3,170,0.0,510.0,142.8
7659,2026-04-12,Office Chair,Furniture,South,9,240,0.12,1900.8,532.22
7660,2026-04-12,Color Printer,Office Supplies,South,2,260,0.0,520.0,145.6
7661,2026-04-12,Office Chair,Furniture,East,8,240,0.05,1824.0,510.72
7662,2026-04-12,Ergonomic Chair,Furniture,North,7,320,0.08,2060.8,577.02
7663,2026-04-12,Ergonomic Chair,Furniture,North,11,320,0.05,3344.0,936.32
7664,2026-04-12,Projector,Office Supplies,North,3,680,0.08,1876.8,525.5
7665,2026-04-12,Desk Lamp,Home Decor,South,10,60,0.08,552.0,154.56
7666,2026-04-12,Air Purifier,Home Decor,North,5,170,0.0,850.0,238.0
7667,2026-04-12,Wireless Mouse,Electronics,North,1,45,0.18,36.9,10.33
7668,2026-04-12,Ergonomic Chair,Furniture,West,9,320,0.12,2534.4,709.63
7669,2026-04-12,Executive Desk,Furniture,South,5,910,0.05,4322.5,1210.3
7670,2026-04-12,Smart Speaker,Electronics,East,10,95,0.08,874.0,244.72
7671,2026-04-12,USB-C Dock,Electronics,West,6,120,0.0,720.0,201.6
7672,2026-04-12,USB-C Dock,Electronics,West,1,120,0.18,98.4,27.55
7673,2026-04-12,Plant Pot,Home Decor,North,1,30,0.12,26.4,7.39
7674,2026-04-12,4K Monitor,Electronics,North,8,420,0.18,2755.2,771.46
7675,2026-04-13,Executive Desk,Furniture,North,5,910,0.05,4322.5,1210.3
7676,2026-04-13,"Monitor 27""",Electronics,South,4,390,0.18,1279.2,358.18
7677,2026-04-13,"Monitor 27""",Electronics,North,9,390,0.12,3088.8,864.86
7678,2026-04-13,Notebook Set,Office Supplies,South,1,18,0.05,17.1,4.79
7679,2026-04-13,Air Purifier,Home Decor,North,5,170,0.2,680.0,190.4
7680,2026-04-13,Tablet Air,Electronics,South,6,680,0.2,3264.0,913.92
7681,2026-04-13,Inkjet Printer,Office Supplies,North,3,180,0.08,496.8,139.1
7682,2026-04-13,4K Monitor,Electronics,North,6,420,0.2,2016.0,564.48
7683,2026-04-13,Ergonomic Chair,Furniture,North,9,320,0.2,2304.0,645.12
7684,2026-04-14,Laptop Pro 14,Electronics,East,9,1200,0.08,9936.0,2782.08
7685,2026-04-14,Plant Pot,Home Decor,East,6,30,0.18,147.6,41.33
7686,2026-04-14,Inkjet Printer,Office Supplies,West,10,180,0.18,1476.0,413.28
7687,2026-04-14,"Monitor 27""",Electronics,East,10,390,0.08,3588.0,1004.64
7688,2026-04-14,Color Printer,Office Supplies,North,10,260,0.08,2392.0,669.76
7689,2026-04-14,Inkjet Printer,Office Supplies,North,5,180,0.18,738.0,206.64
7690,2026-04-14,Office Chair,Furniture,West,8,240,0.18,1574.4,440.83
7691,2026-04-14,Air Purifier,Home Decor,West,8,170,0.2,1088.0,304.64
7692,2026-04-14,Laptop Pro 14,Electronics,West,6,1200,0.0,7200.0,2016.0
7693,2026-04-14,Desk Lamp,Home Decor,West,1,60,0.0,60.0,16.8
7694,2026-04-14,Notebook Set,Office Supplies,East,4,18,0.05,68.4,19.15
7695,2026-04-14,Plant Pot,Home Decor,West,2,30,0.12,52.8,14.78
7696,2026-04-14,Plant Pot,Home Decor,West,4,30,0.18,98.4,27.55
7697,2026-04-14,Plant Pot,Home Decor,South,10,30,0.0,300.0,84.0
7698,2026-04-14,Laptop Pro 14,Electronics,East,9,1200,0.12,9504.0,2661.12
7699,2026-04-15,Plant Pot,Home Decor,West,4,30,0.05,114.0,31.92
7700,2026-04-15,Desk Lamp,Home Decor,South,4,60,0.08,220.8,61.82
7701,2026-04-15,Plant Pot,Home Decor,North,4,30,0.08,110.4,30.91
7702,2026-04-15,Plant Pot,Home Decor,West,10,30,0.08,276.0,77.28
7703,2026-04-15,Air Purifier,Home Decor,West,5,170,0.05,807.5,226.1
7704,2026-04-15,Desk Lamp,Home Decor,North,8,60,0.08,441.6,123.65
7705,2026-04-15,Air Purifier,Home Decor,North,10,170,0.2,1360.0,380.8
7706,2026-04-15,Plant Pot,Home Decor,East,10,30,0.18,246.0,68.88
7707,2026-04-15,Executive Desk,Furniture,South,3,910,0.18,2238.6,626.81
7708,2026-04-15,Storage Cabinet,Furniture,East,4,280,0.12,985.6,275.97
7709,2026-04-15,Office Chair,Furniture,West,6,240,0.18,1180.8,330.62
7710,2026-04-15,4K Monitor,Electronics,North,10,420,0.2,3360.0,940.8
7711,2026-04-16,Wireless Headset,Electronics,West,8,120,0.0,960.0,268.8
7712,2026-04-16,Inkjet Printer,Office Supplies,West,9,180,0.18,1328.4,371.95
7713,2026-04-16,Storage Cabinet,Furniture,West,2,280,0.0,560.0,156.8
7714,2026-04-16,USB-C Dock,Electronics,North,7,120,0.05,798.0,223.44
7715,2026-04-16,Desk Lamp,Home Decor,North,8,60,0.08,441.6,123.65
7716,2026-04-16,Executive Desk,Furniture,West,11,910,0.08,9209.2,2578.58
7717,2026-04-16,Plant Pot,Home Decor,West,11,30,0.12,290.4,81.31
7718,2026-04-16,Color Printer,Office Supplies,North,10,260,0.18,2132.0,596.96
7719,2026-04-16,Plant Pot,Home Decor,West,4,30,0.18,98.4,27.55
7720,2026-04-17,Air Purifier,Home Decor,North,4,170,0.05,646.0,180.88
7721,2026-04-17,Projector,Office Supplies,East,6,680,0.18,3345.6,936.77
7722,2026-04-17,Wireless Headset,Electronics,East,3,120,0.12,316.8,88.7
7723,2026-04-17,Air Purifier,Home Decor,West,9,170,0.08,1407.6,394.13
7724,2026-04-17,4K Monitor,Electronics,South,7,420,0.0,2940.0,823.2
7725,2026-04-17,Air Purifier,Home Decor,West,2,170,0.2,272.0,76.16
7726,2026-04-17,Notebook Set,Office Supplies,East,6,18,0.12,95.04,26.61
7727,2026-04-17,USB-C Dock,Electronics,East,8,120,0.18,787.2,220.42
7728,2026-04-17,Color Printer,Office Supplies,North,9,260,0.08,2152.8,602.78
7729,2026-04-17,Color Printer,Office Supplies,West,4,260,0.08,956.8,267.9
7730,2026-04-17,Desk Lamp,Home Decor,South,4,60,0.18,196.8,55.1
7731,2026-04-17,Plant Pot,Home Decor,South,9,30,0.0,270.0,75.6
7732,2026-04-17,Smart Speaker,Electronics,East,5,95,0.05,451.25,126.35
7733,2026-04-17,Wireless Headset,Electronics,West,3,120,0.12,316.8,88.7
7734,2026-04-17,Desk Lamp,Home Decor,East,2,60,0.2,96.0,26.88
7735,2026-04-17,Air Purifier,Home Decor,West,7,170,0.12,1047.2,293.22
7736,2026-04-17,Plant Pot,Home Decor,North,3,30,0.12,79.2,22.18
7737,2026-04-18,Ergonomic Chair,Furniture,East,6,320,0.0,1920.0,537.6
7738,2026-04-18,Inkjet Printer,Office Supplies,North,8,180,0.05,1368.0,383.04
7739,2026-04-18,Office Chair,Furniture,North,10,240,0.08,2208.0,618.24
7740,2026-04-18,Air Purifier,Home Decor,West,3,170,0.18,418.2,117.1
7741,2026-04-18,Office Chair,Furniture,West,7,240,0.2,1344.0,376.32
7742,2026-04-18,Notebook Set,Office Supplies,West,6,18,0.0,108.0,30.24
7743,2026-04-18,Wireless Headset,Electronics,West,8,120,0.08,883.2,247.3
7744,2026-04-18,Ergonomic Chair,Furniture,South,4,320,0.0,1280.0,358.4
7745,2026-04-18,Notebook Set,Office Supplies,North,4,18,0.18,59.04,16.53
7746,2026-04-18,Inkjet Printer,Office Supplies,East,7,180,0.08,1159.2,324.58
7747,2026-04-19,Notebook Set,Office Supplies,West,2,18,0.0,36.0,10.08
7748,2026-04-19,Storage Cabinet,Furniture,West,8,280,0.0,2240.0,627.2
7749,2026-04-19,Executive Desk,Furniture,East,6,910,0.12,4804.8,1345.34
7750,2026-04-19,Notebook Set,Office Supplies,East,8,18,0.0,144.0,40.32
7751,2026-04-19,Notebook Set,Office Supplies,North,9,18,0.08,149.04,41.73
7752,2026-04-19,Executive Desk,Furniture,East,7,910,0.2,5096.0,1426.88
7753,2026-04-19,Notebook Set,Office Supplies,North,5,18,0.08,82.8,23.18
7754,2026-04-19,Standing Desk,Furniture,North,2,550,0.2,880.0,246.4
7755,2026-04-19,Office Chair,Furniture,South,4,240,0.08,883.2,247.3
7756,2026-04-19,Desk Lamp,Home Decor,North,3,60,0.2,144.0,40.32
7757,2026-04-19,Tablet Air,Electronics,West,3,680,0.12,1795.2,502.66
7758,2026-04-19,Projector,Office Supplies,West,1,680,0.05,646.0,180.88
7759,2026-04-19,Desk Lamp,Home Decor,North,7,60,0.05,399.0,111.72
7760,2026-04-19,Tablet Air,Electronics,North,10,680,0.05,6460.0,1808.8
7761,2026-04-19,Wireless Headset,Electronics,North,5,120,0.08,552.0,154.56
7762,2026-04-19,Inkjet Printer,Office Supplies,North,3,180,0.05,513.0,143.64
7763,2026-04-20,Inkjet Printer,Office Supplies,North,4,180,0.18,590.4,165.31
7764,2026-04-20,Ergonomic Chair,Furniture,East,8,320,0.18,2099.2,587.78
7765,2026-04-20,Ergonomic Chair,Furniture,West,10,320,0.0,3200.0,896.0
7766,2026-04-20,Air Purifier,Home Decor,West,3,170,0.12,448.8,125.66
7767,2026-04-20,Wireless Mouse,Electronics,East,3,45,0.05,128.25,35.91
7768,2026-04-20,Ergonomic Chair,Furniture,North,9,320,0.18,2361.6,661.25
7769,2026-04-20,Air Purifier,Home Decor,East,4,170,0.2,544.0,152.32
7770,2026-04-20,Inkjet Printer,Office Supplies,South,1,180,0.2,144.0,40.32
7771,2026-04-21,Notebook Set,Office Supplies,West,2,18,0.05,34.2,9.58
7772,2026-04-21,Laptop Pro 14,Electronics,South,9,1200,0.05,10260.0,2872.8
7773,2026-04-21,Plant Pot,Home Decor,East,7,30,0.18,172.2,48.22
7774,2026-04-21,Air Purifier,Home Decor,West,2,170,0.0,340.0,95.2
7775,2026-04-21,Standing Desk,Furniture,South,7,550,0.05,3657.5,1024.1
7776,2026-04-21,4K Monitor,Electronics,South,10,420,0.12,3696.0,1034.88
7777,2026-04-21,Projector,Office Supplies,South,3,680,0.2,1632.0,456.96
7778,2026-04-21,Inkjet Printer,Office Supplies,East,5,180,0.2,720.0,201.6
7779,2026-04-21,Inkjet Printer,Office Supplies,East,9,180,0.08,1490.4,417.31
7780,2026-04-21,Plant Pot,Home Decor,North,10,30,0.12,264.0,73.92
7781,2026-04-21,Wireless Headset,Electronics,South,4,120,0.08,441.6,123.65
7782,2026-04-21,Office Chair,Furniture,South,4,240,0.18,787.2,220.42
7783,2026-04-21,Notebook Set,Office Supplies,East,6,18,0.12,95.04,26.61
7784,2026-04-21,"Monitor 27""",Electronics,East,8,390,0.18,2558.4,716.35
7785,2026-04-21,Desk Lamp,Home Decor,South,6,60,0.05,342.0,95.76
7786,2026-04-21,Executive Desk,Furniture,South,9,910,0.18,6715.8,1880.42
7787,2026-04-22,Laptop Pro 14,Electronics,West,5,1200,0.12,5280.0,1478.4
7788,2026-04-22,Projector,Office Supplies,North,3,680,0.08,1876.8,525.5
7789,2026-04-22,Projector,Office Supplies,North,3,680,0.2,1632.0,456.96
7790,2026-04-22,Color Printer,Office Supplies,North,7,260,0.08,1674.4,468.83
7791,2026-04-22,Notebook Set,Office Supplies,South,8,18,0.12,126.72,35.48
7792,2026-04-22,Air Purifier,Home Decor,North,1,170,0.08,156.4,43.79
7793,2026-04-22,Desk Lamp,Home Decor,West,1,60,0.2,48.0,13.44
7794,2026-04-22,Tablet Air,Electronics,West,4,680,0.05,2584.0,723.52
7795,2026-04-22,Color Printer,Office Supplies,North,3,260,0.18,639.6,179.09
7796,2026-04-22,Plant Pot,Home Decor,West,10,30,0.2,240.0,67.2
7797,2026-04-22,Wireless Headset,Electronics,North,3,120,0.0,360.0,100.8
7798,2026-04-22,Executive Desk,Furniture,North,3,910,0.05,2593.5,726.18
7799,2026-04-22,Tablet Air,Electronics,North,4,680,0.05,2584.0,723.52
7800,2026-04-22,4K Monitor,Electronics,North,6,420,0.12,2217.6,620.93
7801,2026-04-22,Ergonomic Chair,Furniture,North,6,320,0.0,1920.0,537.6
7802,2026-04-22,Storage Cabinet,Furniture,South,2,280,0.2,448.0,125.44
7803,2026-04-22,Smart Speaker,Electronics,North,11,95,0.05,992.75,277.97
7804,2026-04-23,Plant Pot,Home Decor,North,3,30,0.18,73.8,20.66
7805,2026-04-23,Desk Lamp,Home Decor,West,10,60,0.05,570.0,159.6
7806,2026-04-23,Smart Speaker,Electronics,West,8,95,0.2,608.0,170.24
7807,2026-04-23,Projector,Office Supplies,West,9,680,0.18,5018.4,1405.15
7808,2026-04-23,Wireless Headset,Electronics,West,4,120,0.18,393.6,110.21
7809,2026-04-23,Storage Cabinet,Furniture,East,2,280,0.08,515.2,144.26
7810,2026-04-23,Plant Pot,Home Decor,North,11,30,0.18,270.6,75.77
7811,2026-04-23,Ergonomic Chair,Furniture,West,8,320,0.2,2048.0,573.44
7812,2026-04-23,USB-C Dock,Electronics,East,1,120,0.12,105.6,29.57
7813,2026-04-23,4K Monitor,Electronics,East,3,420,0.12,1108.8,310.46
7814,2026-04-23,Tablet Air,Electronics,North,7,680,0.0,4760.0,1332.8
7815,2026-04-23,4K Monitor,Electronics,South,2,420,0.18,688.8,192.86
7816,2026-04-24,Projector,Office Supplies,East,3,680,0.05,1938.0,542.64
7817,2026-04-24,Wireless Headset,Electronics,East,6,120,0.08,662.4,185.47
7818,2026-04-24,Tablet Air,Electronics,East,8,680,0.0,5440.0,1523.2
7819,2026-04-24,Storage Cabinet,Furniture,East,9,280,0.2,2016.0,564.48
7820,2026-04-24,Inkjet Printer,Office Supplies,South,9,180,0.05,1539.0,430.92
7821,2026-04-24,Executive Desk,Furniture,East,6,910,0.18,4477.2,1253.62
7822,2026-04-24,Standing Desk,Furniture,West,6,550,0.05,3135.0,877.8
7823,2026-04-24,4K Monitor,Electronics,East,4,420,0.12,1478.4,413.95
7824,2026-04-24,Storage Cabinet,Furniture,South,1,280,0.2,224.0,62.72
7825,2026-04-24,Air Purifier,Home Decor,South,11,170,0.05,1776.5,497.42
7826,2026-04-25,Laptop Pro 14,Electronics,East,11,1200,0.05,12540.0,3511.2
7827,2026-04-25,Office Chair,Furniture,South,8,240,0.08,1766.4,494.59
7828,2026-04-25,Laptop Pro 14,Electronics,East,1,1200,0.05,1140.0,319.2
7829,2026-04-25,Plant Pot,Home Decor,North,7,30,0.12,184.8,51.74
7830,2026-04-25,Wireless Mouse,Electronics,West,7,45,0.12,277.2,77.62
7831,2026-04-25,Smart Speaker,Electronics,North,11,95,0.18,856.9,239.93
7832,2026-04-25,Color Printer,Office Supplies,North,11,260,0.12,2516.8,704.7
7833,2026-04-25,Projector,Office Supplies,North,5,680,0.0,3400.0,952.0
7834,2026-04-25,Storage Cabinet,Furniture,South,8,280,0.05,2128.0,595.84
7835,2026-04-25,Smart Speaker,Electronics,East,7,95,0.2,532.0,148.96
7836,2026-04-25,Plant Pot,Home Decor,East,1,30,0.0,30.0,8.4
7837,2026-04-25,Desk Lamp,Home Decor,West,1,60,0.12,52.8,14.78
7838,2026-04-25,Office Chair,Furniture,East,9,240,0.05,2052.0,574.56
7839,2026-04-25,Air Purifier,Home Decor,West,6,170,0.2,816.0,228.48
7840,2026-04-25,Notebook Set,Office Supplies,West,1,18,0.18,14.76,4.13
7841,2026-04-25,4K Monitor,Electronics,East,9,420,0.18,3099.6,867.89
7842,2026-04-26,Plant Pot,Home Decor,East,4,30,0.0,120.0,33.6
7843,2026-04-26,Desk Lamp,Home Decor,North,10,60,0.2,480.0,134.4
7844,2026-04-26,Inkjet Printer,Office Supplies,West,9,180,0.05,1539.0,430.92
7845,2026-04-26,Office Chair,Furniture,West,8,240,0.0,1920.0,537.6
7846,2026-04-26,Laptop Pro 14,Electronics,East,10,1200,0.2,9600.0,2688.0
7847,2026-04-26,Standing Desk,Furniture,South,3,550,0.2,1320.0,369.6
7848,2026-04-26,Tablet Air,Electronics,East,2,680,0.18,1115.2,312.26
7849,2026-04-26,Notebook Set,Office Supplies,North,4,18,0.05,68.4,19.15
7850,2026-04-26,Color Printer,Office Supplies,North,2,260,0.12,457.6,128.13
7851,2026-04-26,Storage Cabinet,Furniture,South,1,280,0.2,224.0,62.72
7852,2026-04-26,Desk Lamp,Home Decor,South,3,60,0.05,171.0,47.88
7853,2026-04-26,Plant Pot,Home Decor,West,4,30,0.05,114.0,31.92
7854,2026-04-26,Air Purifier,Home Decor,West,3,170,0.12,448.8,125.66
7855,2026-04-27,"Monitor 27""",Electronics,North,2,390,0.12,686.4,192.19
7856,2026-04-27,Inkjet Printer,Office Supplies,East,9,180,0.2,1296.0,362.88
7857,2026-04-27,Notebook Set,Office Supplies,East,2,18,0.0,36.0,10.08
7858,2026-04-27,Storage Cabinet,Furniture,North,1,280,0.2,224.0,62.72
7859,2026-04-27,Color Printer,Office Supplies,North,9,260,0.08,2152.8,602.78
7860,2026-04-27,Inkjet Printer,Office Supplies,North,3,180,0.0,540.0,151.2
7861,2026-04-27,Desk Lamp,Home Decor,West,10,60,0.05,570.0,159.6
7862,2026-04-27,Standing Desk,Furniture,North,11,550,0.12,5324.0,1490.72
7863,2026-04-27,Storage Cabinet,Furniture,East,6,280,0.05,1596.0,446.88
7864,2026-04-27,"Monitor 27""",Electronics,East,9,390,0.08,3229.2,904.18
7865,2026-04-28,Desk Lamp,Home Decor,East,1,60,0.0,60.0,16.8
7866,2026-04-28,Tablet Air,Electronics,North,9,680,0.2,4896.0,1370.88
7867,2026-04-28,Projector,Office Supplies,West,8,680,0.18,4460.8,1249.02
7868,2026-04-28,Notebook Set,Office Supplies,North,5,18,0.08,82.8,23.18
7869,2026-04-28,Standing Desk,Furniture,East,6,550,0.2,2640.0,739.2
7870,2026-04-28,Desk Lamp,Home Decor,West,4,60,0.2,192.0,53.76
7871,2026-04-28,Plant Pot,Home Decor,East,6,30,0.05,171.0,47.88
7872,2026-04-28,Office Chair,Furniture,West,4,240,0.08,883.2,247.3
7873,2026-04-29,Inkjet Printer,Office Supplies,South,11,180,0.08,1821.6,510.05
7874,2026-04-29,Storage Cabinet,Furniture,South,7,280,0.12,1724.8,482.94
7875,2026-04-29,4K Monitor,Electronics,South,2,420,0.18,688.8,192.86
7876,2026-04-29,Tablet Air,Electronics,West,8,680,0.18,4460.8,1249.02
7877,2026-04-29,Storage Cabinet,Furniture,East,4,280,0.2,896.0,250.88
7878,2026-04-29,Ergonomic Chair,Furniture,East,3,320,0.12,844.8,236.54
7879,2026-04-29,Air Purifier,Home Decor,North,1,170,0.05,161.5,45.22
7880,2026-04-29,Plant Pot,Home Decor,North,7,30,0.2,168.0,47.04
7881,2026-04-29,Wireless Mouse,Electronics,North,2,45,0.05,85.5,23.94
7882,2026-04-29,Wireless Headset,Electronics,North,7,120,0.08,772.8,216.38
7883,2026-04-29,Color Printer,Office Supplies,East,10,260,0.05,2470.0,691.6
7884,2026-04-29,Inkjet Printer,Office Supplies,East,2,180,0.05,342.0,95.76
7885,2026-04-29,Air Purifier,Home Decor,South,2,170,0.12,299.2,83.78
7886,2026-04-30,Standing Desk,Furniture,South,3,550,0.0,1650.0,462.0
7887,2026-04-30,Projector,Office Supplies,North,1,680,0.0,680.0,190.4
7888,2026-04-30,Projector,Office Supplies,South,2,680,0.0,1360.0,380.8
7889,2026-04-30,Inkjet Printer,Office Supplies,South,3,180,0.2,432.0,120.96
7890,2026-04-30,Executive Desk,Furniture,East,1,910,0.05,864.5,242.06
7891,2026-04-30,Air Purifier,Home Decor,South,2,170,0.05,323.0,90.44
7892,2026-04-30,Air Purifier,Home Decor,North,8,170,0.0,1360.0,380.8
7893,2026-04-30,Ergonomic Chair,Furniture,South,8,320,0.0,2560.0,716.8
7894,2026-04-30,Desk Lamp,Home Decor,South,11,60,0.08,607.2,170.02
7895,2026-04-30,Standing Desk,Furniture,West,10,550,0.05,5225.0,1463.0
7896,2026-04-30,Air Purifier,Home Decor,South,11,170,0.12,1645.6,460.77
7897,2026-05-01,Wireless Mouse,Electronics,East,4,45,0.2,144.0,40.32
7898,2026-05-01,Tablet Air,Electronics,East,10,680,0.2,5440.0,1523.2
7899,2026-05-01,Desk Lamp,Home Decor,East,2,60,0.08,110.4,30.91
7900,2026-05-01,Storage Cabinet,Furniture,East,2,280,0.12,492.8,137.98
7901,2026-05-01,Storage Cabinet,Furniture,East,9,280,0.12,2217.6,620.93
7902,2026-05-01,USB-C Dock,Electronics,East,8,120,0.08,883.2,247.3
7903,2026-05-01,Smart Speaker,Electronics,South,7,95,0.18,545.3,152.68
7904,2026-05-01,Inkjet Printer,Office Supplies,South,1,180,0.18,147.6,41.33
7905,2026-05-01,Ergonomic Chair,Furniture,South,4,320,0.05,1216.0,340.48
7906,2026-05-01,Plant Pot,Home Decor,West,2,30,0.0,60.0,16.8
7907,2026-05-01,Air Purifier,Home Decor,West,9,170,0.08,1407.6,394.13
7908,2026-05-01,USB-C Dock,Electronics,East,9,120,0.0,1080.0,302.4
7909,2026-05-01,USB-C Dock,Electronics,West,11,120,0.12,1161.6,325.25
7910,2026-05-01,Ergonomic Chair,Furniture,East,7,320,0.05,2128.0,595.84
7911,2026-05-02,Projector,Office Supplies,West,9,680,0.05,5814.0,1627.92
7912,2026-05-02,Ergonomic Chair,Furniture,West,4,320,0.2,1024.0,286.72
7913,2026-05-02,Color Printer,Office Supplies,East,9,260,0.18,1918.8,537.26
7914,2026-05-02,Inkjet Printer,Office Supplies,South,7,180,0.2,1008.0,282.24
7915,2026-05-02,Projector,Office Supplies,East,5,680,0.12,2992.0,837.76
7916,2026-05-02,Projector,Office Supplies,South,3,680,0.05,1938.0,542.64
7917,2026-05-02,Wireless Headset,Electronics,West,7,120,0.0,840.0,235.2
7918,2026-05-02,Office Chair,Furniture,North,7,240,0.08,1545.6,432.77
7919,2026-05-02,Desk Lamp,Home Decor,East,8,60,0.18,393.6,110.21
7920,2026-05-02,Color Printer,Office Supplies,West,6,260,0.18,1279.2,358.18
7921,2026-05-02,Storage Cabinet,Furniture,North,8,280,0.05,2128.0,595.84
7922,2026-05-03,Air Purifier,Home Decor,South,8,170,0.18,1115.2,312.26
7923,2026-05-03,Color Printer,Office Supplies,South,4,260,0.12,915.2,256.26
7924,2026-05-03,Plant Pot,Home Decor,North,1,30,0.12,26.4,7.39
7925,2026-05-03,Ergonomic Chair,Furniture,West,1,320,0.05,304.0,85.12
7926,2026-05-03,"Monitor 27""",Electronics,East,3,390,0.0,1170.0,327.6
7927,2026-05-03,Tablet Air,Electronics,North,7,680,0.12,4188.8,1172.86
7928,2026-05-03,USB-C Dock,Electronics,South,6,120,0.0,720.0,201.6
7929,2026-05-03,Projector,Office Supplies,North,6,680,0.12,3590.4,1005.31
7930,2026-05-03,Wireless Headset,Electronics,East,4,120,0.08,441.6,123.65
7931,2026-05-03,Color Printer,Office Supplies,West,1,260,0.18,213.2,59.7
7932,2026-05-03,Wireless Headset,Electronics,South,1,120,0.18,98.4,27.55
7933,2026-05-03,Color Printer,Office Supplies,South,4,260,0.12,915.2,256.26
7934,2026-05-03,Tablet Air,Electronics,East,11,680,0.0,7480.0,2094.4
7935,2026-05-03,Color Printer,Office Supplies,West,5,260,0.2,1040.0,291.2
7936,2026-05-03,Tablet Air,Electronics,East,11,680,0.05,7106.0,1989.68
7937,2026-05-03,Ergonomic Chair,Furniture,East,2,320,0.12,563.2,157.7
7938,2026-05-04,USB-C Dock,Electronics,East,1,120,0.2,96.0,26.88
7939,2026-05-04,Inkjet Printer,Office Supplies,West,10,180,0.2,1440.0,403.2
7940,2026-05-04,Plant Pot,Home Decor,North,3,30,0.2,72.0,20.16
7941,2026-05-04,Storage Cabinet,Furniture,West,3,280,0.08,772.8,216.38
7942,2026-05-04,Storage Cabinet,Furniture,East,9,280,0.05,2394.0,670.32
7943,2026-05-04,Wireless Headset,Electronics,East,8,120,0.08,883.2,247.3
7944,2026-05-04,Desk Lamp,Home Decor,West,9,60,0.08,496.8,139.1
7945,2026-05-04,Ergonomic Chair,Furniture,East,7,320,0.12,1971.2,551.94
7946,2026-05-04,Standing Desk,Furniture,South,10,550,0.18,4510.0,1262.8
7947,2026-05-04,Air Purifier,Home Decor,West,3,170,0.18,418.2,117.1
7948,2026-05-04,Smart Speaker,Electronics,North,5,95,0.0,475.0,133.0
7949,2026-05-04,Standing Desk,Furniture,North,6,550,0.08,3036.0,850.08
7950,2026-05-05,Ergonomic Chair,Furniture,North,6,320,0.2,1536.0,430.08
7951,2026-05-05,Smart Speaker,Electronics,West,6,95,0.05,541.5,151.62
7952,2026-05-05,Plant Pot,Home Decor,East,7,30,0.05,199.5,55.86
7953,2026-05-05,Desk Lamp,Home Decor,North,9,60,0.12,475.2,133.06
7954,2026-05-05,Air Purifier,Home Decor,South,11,170,0.0,1870.0,523.6
7955,2026-05-05,Executive Desk,Furniture,East,3,910,0.05,2593.5,726.18
7956,2026-05-05,Air Purifier,Home Decor,East,6,170,0.18,836.4,234.19
7957,2026-05-05,4K Monitor,Electronics,North,7,420,0.08,2704.8,757.34
7958,2026-05-05,Plant Pot,Home Decor,East,2,30,0.05,57.0,15.96
7959,2026-05-05,Executive Desk,Furniture,South,8,910,0.12,6406.4,1793.79
7960,2026-05-05,Plant Pot,Home Decor,North,10,30,0.05,285.0,79.8
7961,2026-05-05,Tablet Air,Electronics,West,1,680,0.2,544.0,152.32
7962,2026-05-06,Ergonomic Chair,Furniture,North,2,320,0.0,640.0,179.2
7963,2026-05-06,USB-C Dock,Electronics,West,6,120,0.0,720.0,201.6
7964,2026-05-06,Executive Desk,Furniture,West,9,910,0.08,7534.8,2109.74
7965,2026-05-06,Notebook Set,Office Supplies,South,6,18,0.0,108.0,30.24
7966,2026-05-06,Tablet Air,Electronics,North,2,680,0.12,1196.8,335.1
7967,2026-05-06,Office Chair,Furniture,West,10,240,0.05,2280.0,638.4
7968,2026-05-06,Plant Pot,Home Decor,North,11,30,0.18,270.6,75.77
7969,2026-05-06,4K Monitor,Electronics,North,8,420,0.08,3091.2,865.54
7970,2026-05-06,Tablet Air,Electronics,East,10,680,0.12,5984.0,1675.52
7971,2026-05-06,Air Purifier,Home Decor,West,7,170,0.0,1190.0,333.2
7972,2026-05-06,Executive Desk,Furniture,North,2,910,0.08,1674.4,468.83
7973,2026-05-06,Plant Pot,Home Decor,West,9,30,0.05,256.5,71.82
7974,2026-05-06,Tablet Air,Electronics,West,7,680,0.2,3808.0,1066.24
7975,2026-05-06,"Monitor 27""",Electronics,East,1,390,0.2,312.0,87.36
7976,2026-05-07,Storage Cabinet,Furniture,North,7,280,0.2,1568.0,439.04
7977,2026-05-07,"Monitor 27""",Electronics,East,5,390,0.12,1716.0,480.48
7978,2026-05-07,Projector,Office Supplies,East,8,680,0.05,5168.0,1447.04
7979,2026-05-07,Wireless Mouse,Electronics,North,10,45,0.0,450.0,126.0
7980,2026-05-07,Executive Desk,Furniture,East,1,910,0.2,728.0,203.84
7981,2026-05-07,Standing Desk,Furniture,North,10,550,0.2,4400.0,1232.0
7982,2026-05-07,Desk Lamp,Home Decor,West,4,60,0.05,228.0,63.84
7983,2026-05-07,Plant Pot,Home Decor,East,8,30,0.0,240.0,67.2
7984,2026-05-07,Plant Pot,Home Decor,West,4,30,0.08,110.4,30.91
7985,2026-05-07,Ergonomic Chair,Furniture,North,2,320,0.12,563.2,157.7
7986,2026-05-07,Projector,Office Supplies,West,11,680,0.18,6133.6,1717.41
7987,2026-05-07,Desk Lamp,Home Decor,West,11,60,0.12,580.8,162.62
7988,2026-05-07,Wireless Mouse,Electronics,South,7,45,0.12,277.2,77.62
7989,2026-05-08,Color Printer,Office Supplies,West,10,260,0.12,2288.0,640.64
7990,2026-05-08,Notebook Set,Office Supplies,East,2,18,0.08,33.12,9.27
7991,2026-05-08,Notebook Set,Office Supplies,East,4,18,0.12,63.36,17.74
7992,2026-05-08,Storage Cabinet,Furniture,South,1,280,0.05,266.0,74.48
7993,2026-05-08,Plant Pot,Home Decor,South,2,30,0.12,52.8,14.78
7994,2026-05-08,Inkjet Printer,Office Supplies,West,3,180,0.12,475.2,133.06
7995,2026-05-08,Ergonomic Chair,Furniture,North,3,320,0.18,787.2,220.42
7996,2026-05-08,Plant Pot,Home Decor,South,4,30,0.05,114.0,31.92
7997,2026-05-08,Desk Lamp,Home Decor,South,6,60,0.12,316.8,88.7
7998,2026-05-08,Inkjet Printer,Office Supplies,West,4,180,0.08,662.4,185.47
7999,2026-05-08,"Monitor 27""",Electronics,West,11,390,0.08,3946.8,1105.1
8000,2026-05-08,Wireless Headset,Electronics,East,11,120,0.12,1161.6,325.25
8001,2026-05-08,4K Monitor,Electronics,East,9,420,0.0,3780.0,1058.4
8002,2026-05-08,Ergonomic Chair,Furniture,South,10,320,0.05,3040.0,851.2
8003,2026-05-08,Smart Speaker,Electronics,West,2,95,0.12,167.2,46.82
8004,2026-05-08,"Monitor 27""",Electronics,East,1,390,0.05,370.5,103.74
8005,2026-05-09,"Monitor 27""",Electronics,East,3,390,0.0,1170.0,327.6
8006,2026-05-09,Executive Desk,Furniture,North,4,910,0.2,2912.0,815.36
8007,2026-05-09,Storage Cabinet,Furniture,East,6,280,0.08,1545.6,432.77
8008,2026-05-09,Plant Pot,Home Decor,East,5,30,0.2,120.0,33.6
8009,2026-05-09,Projector,Office Supplies,North,3,680,0.2,1632.0,456.96
8010,2026-05-09,Office Chair,Furniture,East,6,240,0.0,1440.0,403.2
8011,2026-05-09,Wireless Headset,Electronics,North,1,120,0.05,114.0,31.92
8012,2026-05-09,Desk Lamp,Home Decor,East,8,60,0.12,422.4,118.27
8013,2026-05-09,Ergonomic Chair,Furniture,East,11,320,0.2,2816.0,788.48
8014,2026-05-09,Projector,Office Supplies,West,8,680,0.18,4460.8,1249.02
8015,2026-05-09,Wireless Mouse,Electronics,South,1,45,0.08,41.4,11.59
8016,2026-05-09,4K Monitor,Electronics,East,1,420,0.12,369.6,103.49
8017,2026-05-09,Inkjet Printer,Office Supplies,West,11,180,0.2,1584.0,443.52
8018,2026-05-10,Executive Desk,Furniture,South,6,910,0.05,5187.0,1452.36
8019,2026-05-10,Executive Desk,Furniture,North,9,910,0.18,6715.8,1880.42
8020,2026-05-10,Tablet Air,Electronics,East,4,680,0.08,2502.4,700.67
8021,2026-05-10,Notebook Set,Office Supplies,East,7,18,0.08,115.92,32.46
8022,2026-05-10,Executive Desk,Furniture,East,5,910,0.2,3640.0,1019.2
8023,2026-05-10,Desk Lamp,Home Decor,East,9,60,0.0,540.0,151.2
8024,2026-05-10,Projector,Office Supplies,North,4,680,0.18,2230.4,624.51
8025,2026-05-10,Air Purifier,Home Decor,East,1,170,0.0,170.0,47.6
8026,2026-05-11,Notebook Set,Office Supplies,North,2,18,0.2,28.8,8.06
8027,2026-05-11,Air Purifier,Home Decor,North,8,170,0.2,1088.0,304.64
8028,2026-05-11,Projector,Office Supplies,East,1,680,0.08,625.6,175.17
8029,2026-05-11,Standing Desk,Furniture,East,11,550,0.0,6050.0,1694.0
8030,2026-05-11,Executive Desk,Furniture,South,2,910,0.05,1729.0,484.12
8031,2026-05-11,4K Monitor,Electronics,South,11,420,0.18,3788.4,1060.75
8032,2026-05-11,Office Chair,Furniture,South,2,240,0.18,393.6,110.21
8033,2026-05-11,Inkjet Printer,Office Supplies,East,11,180,0.05,1881.0,526.68
8034,2026-05-11,Air Purifier,Home Decor,West,2,170,0.0,340.0,95.2
8035,2026-05-11,Wireless Headset,Electronics,South,11,120,0.0,1320.0,369.6
8036,2026-05-11,Storage Cabinet,Furniture,West,2,280,0.08,515.2,144.26
8037,2026-05-11,Air Purifier,Home Decor,West,8,170,0.0,1360.0,380.8
8038,2026-05-11,"Monitor 27""",Electronics,South,6,390,0.0,2340.0,655.2
8039,2026-05-11,Inkjet Printer,Office Supplies,North,11,180,0.08,1821.6,510.05
8040,2026-05-11,"Monitor 27""",Electronics,West,10,390,0.0,3900.0,1092.0
8041,2026-05-11,Color Printer,Office Supplies,West,11,260,0.18,2345.2,656.66
8042,2026-05-12,Office Chair,Furniture,West,11,240,0.2,2112.0,591.36
8043,2026-05-12,Projector,Office Supplies,West,3,680,0.0,2040.0,571.2
8044,2026-05-12,Desk Lamp,Home Decor,West,4,60,0.08,220.8,61.82
8045,2026-05-12,Desk Lamp,Home Decor,East,4,60,0.12,211.2,59.14
8046,2026-05-12,Office Chair,Furniture,South,1,240,0.18,196.8,55.1
8047,2026-05-12,Air Purifier,Home Decor,North,11,170,0.08,1720.4,481.71
8048,2026-05-12,Desk Lamp,Home Decor,West,4,60,0.12,211.2,59.14
8049,2026-05-12,Notebook Set,Office Supplies,West,2,18,0.18,29.52,8.27
8050,2026-05-12,Smart Speaker,Electronics,South,3,95,0.0,285.0,79.8
8051,2026-05-12,Laptop Pro 14,Electronics,South,1,1200,0.0,1200.0,336.0
8052,2026-05-12,Inkjet Printer,Office Supplies,West,10,180,0.0,1800.0,504.0
8053,2026-05-12,Air Purifier,Home Decor,West,6,170,0.0,1020.0,285.6
8054,2026-05-12,Desk Lamp,Home Decor,North,2,60,0.05,114.0,31.92
8055,2026-05-12,Ergonomic Chair,Furniture,South,10,320,0.2,2560.0,716.8
8056,2026-05-13,Projector,Office Supplies,South,7,680,0.12,4188.8,1172.86
8057,2026-05-13,Office Chair,Furniture,North,1,240,0.05,228.0,63.84
8058,2026-05-13,Desk Lamp,Home Decor,North,10,60,0.0,600.0,168.0
8059,2026-05-13,4K Monitor,Electronics,South,1,420,0.08,386.4,108.19
8060,2026-05-13,Projector,Office Supplies,North,4,680,0.12,2393.6,670.21
8061,2026-05-13,Color Printer,Office Supplies,South,10,260,0.0,2600.0,728.0
8062,2026-05-13,Air Purifier,Home Decor,East,5,170,0.08,782.0,218.96
8063,2026-05-13,Standing Desk,Furniture,North,7,550,0.12,3388.0,948.64
8064,2026-05-13,Ergonomic Chair,Furniture,North,10,320,0.2,2560.0,716.8
8065,2026-05-13,Laptop Pro 14,Electronics,East,1,1200,0.0,1200.0,336.0
8066,2026-05-13,Plant Pot,Home Decor,East,10,30,0.18,246.0,68.88
8067,2026-05-13,Standing Desk,Furniture,East,5,550,0.2,2200.0,616.0
8068,2026-05-13,Notebook Set,Office Supplies,South,9,18,0.18,132.84,37.2
8069,2026-05-13,Notebook Set,Office Supplies,North,3,18,0.18,44.28,12.4
8070,2026-05-14,Plant Pot,Home Decor,South,3,30,0.08,82.8,23.18
8071,2026-05-14,Plant Pot,Home Decor,East,1,30,0.05,28.5,7.98
8072,2026-05-14,Color Printer,Office Supplies,East,3,260,0.05,741.0,207.48
8073,2026-05-14,Standing Desk,Furniture,West,3,550,0.18,1353.0,378.84
8074,2026-05-14,Wireless Headset,Electronics,North,4,120,0.08,441.6,123.65
8075,2026-05-14,Wireless Mouse,Electronics,West,4,45,0.12,158.4,44.35
8076,2026-05-14,Color Printer,Office Supplies,East,11,260,0.12,2516.8,704.7
8077,2026-05-14,Storage Cabinet,Furniture,West,5,280,0.12,1232.0,344.96
8078,2026-05-15,Smart Speaker,Electronics,North,1,95,0.12,83.6,23.41
8079,2026-05-15,Inkjet Printer,Office Supplies,North,8,180,0.0,1440.0,403.2
8080,2026-05-15,Projector,Office Supplies,South,6,680,0.12,3590.4,1005.31
8081,2026-05-15,Wireless Headset,Electronics,South,6,120,0.0,720.0,201.6
8082,2026-05-15,Desk Lamp,Home Decor,North,9,60,0.2,432.0,120.96
8083,2026-05-15,Notebook Set,Office Supplies,West,3,18,0.05,51.3,14.36
8084,2026-05-15,Inkjet Printer,Office Supplies,North,8,180,0.05,1368.0,383.04
8085,2026-05-15,Plant Pot,Home Decor,West,8,30,0.05,228.0,63.84
8086,2026-05-15,Projector,Office Supplies,North,10,680,0.08,6256.0,1751.68
8087,2026-05-15,Plant Pot,Home Decor,East,11,30,0.08,303.6,85.01
8088,2026-05-15,"Monitor 27""",Electronics,East,7,390,0.08,2511.6,703.25
8089,2026-05-15,Desk Lamp,Home Decor,East,11,60,0.2,528.0,147.84
8090,2026-05-15,Storage Cabinet,Furniture,East,6,280,0.08,1545.6,432.77
8091,2026-05-15,Color Printer,Office Supplies,West,5,260,0.18,1066.0,298.48
8092,2026-05-15,4K Monitor,Electronics,North,9,420,0.0,3780.0,1058.4
8093,2026-05-15,Air Purifier,Home Decor,West,9,170,0.08,1407.6,394.13
8094,2026-05-16,Desk Lamp,Home Decor,West,8,60,0.18,393.6,110.21
8095,2026-05-16,Ergonomic Chair,Furniture,South,7,320,0.18,1836.8,514.3
8096,2026-05-16,Smart Speaker,Electronics,North,6,95,0.18,467.4,130.87
8097,2026-05-16,Wireless Headset,Electronics,North,10,120,0.18,984.0,275.52
8098,2026-05-16,Color Printer,Office Supplies,South,11,260,0.18,2345.2,656.66
8099,2026-05-16,4K Monitor,Electronics,East,4,420,0.2,1344.0,376.32
8100,2026-05-16,Wireless Headset,Electronics,East,11,120,0.12,1161.6,325.25
8101,2026-05-16,Plant Pot,Home Decor,West,3,30,0.2,72.0,20.16
8102,2026-05-16,Desk Lamp,Home Decor,North,6,60,0.0,360.0,100.8
8103,2026-05-16,Desk Lamp,Home Decor,West,10,60,0.0,600.0,168.0
8104,2026-05-17,Standing Desk,Furniture,South,7,550,0.2,3080.0,862.4
8105,2026-05-17,Notebook Set,Office Supplies,South,4,18,0.18,59.04,16.53
8106,2026-05-17,Notebook Set,Office Supplies,North,1,18,0.2,14.4,4.03
8107,2026-05-17,Inkjet Printer,Office Supplies,West,3,180,0.0,540.0,151.2
8108,2026-05-17,Storage Cabinet,Furniture,West,10,280,0.12,2464.0,689.92
8109,2026-05-17,Desk Lamp,Home Decor,North,4,60,0.0,240.0,67.2
8110,2026-05-17,Desk Lamp,Home Decor,West,4,60,0.18,196.8,55.1
8111,2026-05-17,Ergonomic Chair,Furniture,East,11,320,0.12,3097.6,867.33
8112,2026-05-17,Color Printer,Office Supplies,South,11,260,0.2,2288.0,640.64
8113,2026-05-17,Office Chair,Furniture,South,9,240,0.12,1900.8,532.22
8114,2026-05-17,Air Purifier,Home Decor,South,8,170,0.12,1196.8,335.1
8115,2026-05-17,Plant Pot,Home Decor,East,7,30,0.08,193.2,54.1
8116,2026-05-17,Executive Desk,Furniture,South,1,910,0.2,728.0,203.84
8117,2026-05-17,Standing Desk,Furniture,North,10,550,0.05,5225.0,1463.0
8118,2026-05-17,Ergonomic Chair,Furniture,North,7,320,0.0,2240.0,627.2
8119,2026-05-18,Storage Cabinet,Furniture,South,2,280,0.05,532.0,148.96
8120,2026-05-18,Wireless Headset,Electronics,West,6,120,0.0,720.0,201.6
8121,2026-05-18,Tablet Air,Electronics,South,4,680,0.0,2720.0,761.6
8122,2026-05-18,Notebook Set,Office Supplies,West,3,18,0.0,54.0,15.12
8123,2026-05-18,Inkjet Printer,Office Supplies,East,1,180,0.2,144.0,40.32
8124,2026-05-18,Executive Desk,Furniture,West,6,910,0.08,5023.2,1406.5
8125,2026-05-18,Executive Desk,Furniture,North,2,910,0.12,1601.6,448.45
8126,2026-05-18,Laptop Pro 14,Electronics,East,3,1200,0.2,2880.0,806.4
8127,2026-05-18,Plant Pot,Home Decor,North,10,30,0.0,300.0,84.0
8128,2026-05-18,Office Chair,Furniture,East,4,240,0.0,960.0,268.8
8129,2026-05-18,Ergonomic Chair,Furniture,North,6,320,0.08,1766.4,494.59
8130,2026-05-18,Office Chair,Furniture,West,8,240,0.12,1689.6,473.09
8131,2026-05-18,Standing Desk,Furniture,South,1,550,0.08,506.0,141.68
8132,2026-05-18,Executive Desk,Furniture,South,3,910,0.18,2238.6,626.81
8133,2026-05-18,Smart Speaker,Electronics,East,7,95,0.2,532.0,148.96
8134,2026-05-18,Projector,Office Supplies,East,10,680,0.05,6460.0,1808.8
8135,2026-05-19,Air Purifier,Home Decor,South,11,170,0.05,1776.5,497.42
8136,2026-05-19,Tablet Air,Electronics,South,1,680,0.05,646.0,180.88
8137,2026-05-19,4K Monitor,Electronics,West,11,420,0.05,4389.0,1228.92
8138,2026-05-19,Desk Lamp,Home Decor,South,8,60,0.2,384.0,107.52
8139,2026-05-19,Standing Desk,Furniture,West,3,550,0.05,1567.5,438.9
8140,2026-05-19,Projector,Office Supplies,West,10,680,0.2,5440.0,1523.2
8141,2026-05-19,Laptop Pro 14,Electronics,East,5,1200,0.18,4920.0,1377.6
8142,2026-05-19,Ergonomic Chair,Furniture,North,7,320,0.2,1792.0,501.76
8143,2026-05-19,Desk Lamp,Home Decor,East,3,60,0.12,158.4,44.35
8144,2026-05-19,Office Chair,Furniture,East,1,240,0.2,192.0,53.76
8145,2026-05-19,Notebook Set,Office Supplies,South,2,18,0.05,34.2,9.58
8146,2026-05-19,Air Purifier,Home Decor,East,4,170,0.08,625.6,175.17
8147,2026-05-19,Plant Pot,Home Decor,West,11,30,0.2,264.0,73.92
8148,2026-05-20,Plant Pot,Home Decor,West,2,30,0.0,60.0,16.8
8149,2026-05-20,USB-C Dock,Electronics,North,7,120,0.0,840.0,235.2
8150,2026-05-20,Notebook Set,Office Supplies,East,2,18,0.2,28.8,8.06
8151,2026-05-20,Executive Desk,Furniture,South,7,910,0.08,5860.4,1640.91
8152,2026-05-20,Tablet Air,Electronics,East,3,680,0.0,2040.0,571.2
8153,2026-05-20,Plant Pot,Home Decor,West,9,30,0.2,216.0,60.48
8154,2026-05-20,Notebook Set,Office Supplies,North,3,18,0.08,49.68,13.91
8155,2026-05-20,Projector,Office Supplies,North,7,680,0.0,4760.0,1332.8
8156,2026-05-20,Standing Desk,Furniture,South,7,550,0.18,3157.0,883.96
8157,2026-05-20,Desk Lamp,Home Decor,South,11,60,0.2,528.0,147.84
8158,2026-05-20,Air Purifier,Home Decor,West,1,170,0.12,149.6,41.89
8159,2026-05-20,Storage Cabinet,Furniture,North,3,280,0.2,672.0,188.16
8160,2026-05-20,Air Purifier,Home Decor,North,8,170,0.0,1360.0,380.8
8161,2026-05-20,Notebook Set,Office Supplies,South,2,18,0.2,28.8,8.06
8162,2026-05-20,Projector,Office Supplies,North,9,680,0.08,5630.4,1576.51
8163,2026-05-21,Plant Pot,Home Decor,West,1,30,0.08,27.6,7.73
8164,2026-05-21,USB-C Dock,Electronics,East,8,120,0.18,787.2,220.42
8165,2026-05-21,Air Purifier,Home Decor,South,2,170,0.0,340.0,95.2
8166,2026-05-21,Executive Desk,Furniture,North,11,910,0.2,8008.0,2242.24
8167,2026-05-21,Tablet Air,Electronics,East,6,680,0.18,3345.6,936.77
8168,2026-05-21,Inkjet Printer,Office Supplies,East,2,180,0.05,342.0,95.76
8169,2026-05-21,Plant Pot,Home Decor,East,4,30,0.08,110.4,30.91
8170,2026-05-21,USB-C Dock,Electronics,East,7,120,0.05,798.0,223.44
8171,2026-05-21,Color Printer,Office Supplies,East,7,260,0.05,1729.0,484.12
8172,2026-05-21,Color Printer,Office Supplies,West,5,260,0.05,1235.0,345.8
8173,2026-05-21,Color Printer,Office Supplies,South,1,260,0.18,213.2,59.7
8174,2026-05-21,Projector,Office Supplies,East,6,680,0.05,3876.0,1085.28
8175,2026-05-22,USB-C Dock,Electronics,East,9,120,0.12,950.4,266.11
8176,2026-05-22,Desk Lamp,Home Decor,West,5,60,0.12,264.0,73.92
8177,2026-05-22,Color Printer,Office Supplies,East,9,260,0.05,2223.0,622.44
8178,2026-05-22,Ergonomic Chair,Furniture,East,6,320,0.05,1824.0,510.72
8179,2026-05-22,Desk Lamp,Home Decor,South,10,60,0.08,552.0,154.56
8180,2026-05-22,4K Monitor,Electronics,South,10,420,0.12,3696.0,1034.88
8181,2026-05-22,"Monitor 27""",Electronics,West,11,390,0.0,4290.0,1201.2
8182,2026-05-22,Air Purifier,Home Decor,East,3,170,0.12,448.8,125.66
8183,2026-05-22,Standing Desk,Furniture,West,7,550,0.0,3850.0,1078.0
8184,2026-05-22,Office Chair,Furniture,South,6,240,0.0,1440.0,403.2
8185,2026-05-22,4K Monitor,Electronics,West,2,420,0.12,739.2,206.98
8186,2026-05-22,Projector,Office Supplies,East,10,680,0.0,6800.0,1904.0
8187,2026-05-23,Storage Cabinet,Furniture,West,4,280,0.08,1030.4,288.51
8188,2026-05-23,Projector,Office Supplies,North,7,680,0.08,4379.2,1226.18
8189,2026-05-23,Tablet Air,Electronics,West,2,680,0.18,1115.2,312.26
8190,2026-05-23,Color Printer,Office Supplies,South,4,260,0.0,1040.0,291.2
8191,2026-05-23,Smart Speaker,Electronics,East,2,95,0.18,155.8,43.62
8192,2026-05-23,Inkjet Printer,Office Supplies,North,6,180,0.18,885.6,247.97
8193,2026-05-23,Office Chair,Furniture,South,1,240,0.12,211.2,59.14
8194,2026-05-23,Air Purifier,Home Decor,West,2,170,0.0,340.0,95.2
8195,2026-05-24,Air Purifier,Home Decor,South,5,170,0.12,748.0,209.44
8196,2026-05-24,Plant Pot,Home Decor,West,9,30,0.0,270.0,75.6
8197,2026-05-24,Desk Lamp,Home Decor,West,3,60,0.2,144.0,40.32
8198,2026-05-24,Wireless Mouse,Electronics,South,8,45,0.05,342.0,95.76
8199,2026-05-24,Storage Cabinet,Furniture,North,2,280,0.0,560.0,156.8
8200,2026-05-24,Air Purifier,Home Decor,East,8,170,0.0,1360.0,380.8
8201,2026-05-24,"Monitor 27""",Electronics,West,6,390,0.18,1918.8,537.26
8202,2026-05-24,Storage Cabinet,Furniture,West,6,280,0.18,1377.6,385.73
8203,2026-05-24,Color Printer,Office Supplies,East,9,260,0.08,2152.8,602.78
8204,2026-05-24,Ergonomic Chair,Furniture,South,1,320,0.08,294.4,82.43
8205,2026-05-24,Color Printer,Office Supplies,South,8,260,0.05,1976.0,553.28
8206,2026-05-24,Inkjet Printer,Office Supplies,West,8,180,0.12,1267.2,354.82
8207,2026-05-24,Executive Desk,Furniture,South,9,910,0.0,8190.0,2293.2
8208,2026-05-25,Plant Pot,Home Decor,North,11,30,0.08,303.6,85.01
8209,2026-05-25,Notebook Set,Office Supplies,South,8,18,0.2,115.2,32.26
8210,2026-05-25,Standing Desk,Furniture,South,8,550,0.2,3520.0,985.6
8211,2026-05-25,Air Purifier,Home Decor,North,6,170,0.12,897.6,251.33
8212,2026-05-25,Office Chair,Furniture,West,3,240,0.2,576.0,161.28
8213,2026-05-25,Air Purifier,Home Decor,South,9,170,0.12,1346.4,376.99
8214,2026-05-25,Air Purifier,Home Decor,West,5,170,0.0,850.0,238.0
8215,2026-05-25,Office Chair,Furniture,East,8,240,0.12,1689.6,473.09
8216,2026-05-25,Notebook Set,Office Supplies,South,1,18,0.08,16.56,4.64
8217,2026-05-25,Projector,Office Supplies,North,8,680,0.05,5168.0,1447.04
8218,2026-05-25,4K Monitor,Electronics,East,3,420,0.0,1260.0,352.8
8219,2026-05-25,"Monitor 27""",Electronics,North,7,390,0.08,2511.6,703.25
8220,2026-05-25,Notebook Set,Office Supplies,North,2,18,0.0,36.0,10.08
8221,2026-05-25,Laptop Pro 14,Electronics,West,7,1200,0.05,7980.0,2234.4
8222,2026-05-25,Air Purifier,Home Decor,West,10,170,0.18,1394.0,390.32
8223,2026-05-25,Plant Pot,Home Decor,West,2,30,0.05,57.0,15.96
8224,2026-05-26,USB-C Dock,Electronics,South,2,120,0.05,228.0,63.84
8225,2026-05-26,Color Printer,Office Supplies,East,2,260,0.05,494.0,138.32
8226,2026-05-26,Wireless Mouse,Electronics,South,7,45,0.08,289.8,81.14
8227,2026-05-26,Smart Speaker,Electronics,South,4,95,0.18,311.6,87.25
8228,2026-05-26,Projector,Office Supplies,North,5,680,0.0,3400.0,952.0
8229,2026-05-26,4K Monitor,Electronics,South,8,420,0.05,3192.0,893.76
8230,2026-05-26,4K Monitor,Electronics,East,8,420,0.12,2956.8,827.9
8231,2026-05-26,Ergonomic Chair,Furniture,West,3,320,0.08,883.2,247.3
8232,2026-05-26,Ergonomic Chair,Furniture,West,11,320,0.12,3097.6,867.33
8233,2026-05-26,4K Monitor,Electronics,South,4,420,0.2,1344.0,376.32
8234,2026-05-26,Ergonomic Chair,Furniture,West,4,320,0.12,1126.4,315.39
8235,2026-05-26,4K Monitor,Electronics,South,8,420,0.12,2956.8,827.9
8236,2026-05-26,Ergonomic Chair,Furniture,North,4,320,0.08,1177.6,329.73
8237,2026-05-26,Storage Cabinet,Furniture,East,10,280,0.2,2240.0,627.2
8238,2026-05-26,Desk Lamp,Home Decor,South,8,60,0.0,480.0,134.4
8239,2026-05-26,Desk Lamp,Home Decor,North,5,60,0.05,285.0,79.8
8240,2026-05-27,Wireless Mouse,Electronics,South,4,45,0.2,144.0,40.32
8241,2026-05-27,Storage Cabinet,Furniture,West,10,280,0.0,2800.0,784.0
8242,2026-05-27,Wireless Mouse,Electronics,South,7,45,0.08,289.8,81.14
8243,2026-05-27,Smart Speaker,Electronics,East,5,95,0.0,475.0,133.0
8244,2026-05-27,Color Printer,Office Supplies,South,11,260,0.2,2288.0,640.64
8245,2026-05-27,4K Monitor,Electronics,North,6,420,0.2,2016.0,564.48
8246,2026-05-27,Plant Pot,Home Decor,North,3,30,0.05,85.5,23.94
8247,2026-05-27,Ergonomic Chair,Furniture,South,7,320,0.2,1792.0,501.76
8248,2026-05-27,Inkjet Printer,Office Supplies,East,7,180,0.2,1008.0,282.24
8249,2026-05-27,Plant Pot,Home Decor,West,9,30,0.0,270.0,75.6
8250,2026-05-27,Notebook Set,Office Supplies,South,1,18,0.05,17.1,4.79
8251,2026-05-28,Standing Desk,Furniture,South,6,550,0.18,2706.0,757.68
8252,2026-05-28,"Monitor 27""",Electronics,North,2,390,0.0,780.0,218.4
8253,2026-05-28,Air Purifier,Home Decor,East,5,170,0.2,680.0,190.4
8254,2026-05-28,Ergonomic Chair,Furniture,East,8,320,0.08,2355.2,659.46
8255,2026-05-28,Storage Cabinet,Furniture,East,8,280,0.08,2060.8,577.02
8256,2026-05-28,Notebook Set,Office Supplies,South,11,18,0.18,162.36,45.46
8257,2026-05-28,Projector,Office Supplies,East,8,680,0.08,5004.8,1401.34
8258,2026-05-28,Air Purifier,Home Decor,East,2,170,0.18,278.8,78.06
8259,2026-05-28,Storage Cabinet,Furniture,North,3,280,0.0,840.0,235.2
8260,2026-05-28,Wireless Mouse,Electronics,South,9,45,0.2,324.0,90.72
8261,2026-05-28,"Monitor 27""",Electronics,West,8,390,0.2,2496.0,698.88
8262,2026-05-28,Standing Desk,Furniture,North,8,550,0.0,4400.0,1232.0
8263,2026-05-28,Storage Cabinet,Furniture,West,11,280,0.08,2833.6,793.41
8264,2026-05-29,Executive Desk,Furniture,South,9,910,0.2,6552.0,1834.56
8265,2026-05-29,Smart Speaker,Electronics,South,10,95,0.12,836.0,234.08
8266,2026-05-29,Laptop Pro 14,Electronics,East,11,1200,0.08,12144.0,3400.32
8267,2026-05-29,Wireless Mouse,Electronics,North,2,45,0.08,82.8,23.18
8268,2026-05-29,Storage Cabinet,Furniture,West,6,280,0.18,1377.6,385.73
8269,2026-05-29,Notebook Set,Office Supplies,West,6,18,0.2,86.4,24.19
8270,2026-05-29,Tablet Air,Electronics,East,3,680,0.18,1672.8,468.38
8271,2026-05-29,Projector,Office Supplies,North,10,680,0.18,5576.0,1561.28
8272,2026-05-29,Storage Cabinet,Furniture,South,6,280,0.2,1344.0,376.32
8273,2026-05-29,Plant Pot,Home Decor,North,1,30,0.12,26.4,7.39
8274,2026-05-29,Executive Desk,Furniture,West,3,910,0.18,2238.6,626.81
8275,2026-05-29,Air Purifier,Home Decor,East,4,170,0.2,544.0,152.32
8276,2026-05-29,Office Chair,Furniture,South,11,240,0.18,2164.8,606.14
8277,2026-05-30,Smart Speaker,Electronics,West,9,95,0.12,752.4,210.67
8278,2026-05-30,Air Purifier,Home Decor,South,10,170,0.18,1394.0,390.32
8279,2026-05-30,Standing Desk,Furniture,East,4,550,0.08,2024.0,566.72
8280,2026-05-30,Projector,Office Supplies,North,10,680,0.05,6460.0,1808.8
8281,2026-05-30,Projector,Office Supplies,North,3,680,0.2,1632.0,456.96
8282,2026-05-30,Office Chair,Furniture,South,7,240,0.12,1478.4,413.95
8283,2026-05-30,Desk Lamp,Home Decor,East,6,60,0.08,331.2,92.74
8284,2026-05-30,Ergonomic Chair,Furniture,West,1,320,0.12,281.6,78.85
8285,2026-05-30,Projector,Office Supplies,East,5,680,0.0,3400.0,952.0
8286,2026-05-30,Storage Cabinet,Furniture,North,8,280,0.08,2060.8,577.02
8287,2026-05-30,Plant Pot,Home Decor,West,6,30,0.05,171.0,47.88
8288,2026-05-30,Office Chair,Furniture,East,2,240,0.2,384.0,107.52
8289,2026-05-30,Laptop Pro 14,Electronics,East,6,1200,0.08,6624.0,1854.72
8290,2026-05-31,Air Purifier,Home Decor,South,10,170,0.05,1615.0,452.2
8291,2026-05-31,Desk Lamp,Home Decor,East,2,60,0.2,96.0,26.88
8292,2026-05-31,Ergonomic Chair,Furniture,North,11,320,0.05,3344.0,936.32
8293,2026-05-31,Air Purifier,Home Decor,East,2,170,0.05,323.0,90.44
8294,2026-05-31,Color Printer,Office Supplies,East,3,260,0.12,686.4,192.19
8295,2026-05-31,"Monitor 27""",Electronics,North,8,390,0.12,2745.6,768.77
8296,2026-05-31,Desk Lamp,Home Decor,North,3,60,0.18,147.6,41.33
8297,2026-05-31,Plant Pot,Home Decor,East,6,30,0.05,171.0,47.88
8298,2026-05-31,Projector,Office Supplies,North,10,680,0.0,6800.0,1904.0
8299,2026-05-31,Notebook Set,Office Supplies,North,1,18,0.18,14.76,4.13
8300,2026-05-31,Color Printer,Office Supplies,North,11,260,0.18,2345.2,656.66
8301,2026-05-31,Office Chair,Furniture,North,4,240,0.0,960.0,268.8
8302,2026-05-31,Tablet Air,Electronics,South,8,680,0.2,4352.0,1218.56
8303,2026-05-31,Desk Lamp,Home Decor,South,2,60,0.18,98.4,27.55
8304,2026-05-31,Desk Lamp,Home Decor,South,10,60,0.08,552.0,154.56
8305,2026-05-31,Office Chair,Furniture,South,11,240,0.0,2640.0,739.2
8306,2026-05-31,Ergonomic Chair,Furniture,South,11,320,0.08,3238.4,906.75
8307,2026-06-01,Laptop Pro 14,Electronics,South,7,1200,0.05,7980.0,2234.4
8308,2026-06-01,Executive Desk,Furniture,South,9,910,0.08,7534.8,2109.74
8309,2026-06-01,Plant Pot,Home Decor,West,6,30,0.0,180.0,50.4
8310,2026-06-01,Notebook Set,Office Supplies,North,6,18,0.18,88.56,24.8
8311,2026-06-01,Executive Desk,Furniture,North,3,910,0.18,2238.6,626.81
8312,2026-06-01,Laptop Pro 14,Electronics,East,1,1200,0.2,960.0,268.8
8313,2026-06-01,Inkjet Printer,Office Supplies,West,7,180,0.18,1033.2,289.3
8314,2026-06-01,Smart Speaker,Electronics,North,6,95,0.2,456.0,127.68
8315,2026-06-01,Desk Lamp,Home Decor,North,7,60,0.12,369.6,103.49
8316,2026-06-01,Color Printer,Office Supplies,East,8,260,0.08,1913.6,535.81
8317,2026-06-01,Wireless Mouse,Electronics,West,5,45,0.05,213.75,59.85
8318,2026-06-01,Standing Desk,Furniture,West,1,550,0.05,522.5,146.3
8319,2026-06-01,Storage Cabinet,Furniture,North,4,280,0.18,918.4,257.15
8320,2026-06-01,Office Chair,Furniture,South,1,240,0.0,240.0,67.2
8321,2026-06-01,Desk Lamp,Home Decor,West,9,60,0.0,540.0,151.2
8322,2026-06-01,Executive Desk,Furniture,North,11,910,0.0,10010.0,2802.8
8323,2026-06-02,Desk Lamp,Home Decor,West,10,60,0.18,492.0,137.76
8324,2026-06-02,Inkjet Printer,Office Supplies,South,10,180,0.05,1710.0,478.8
8325,2026-06-02,Ergonomic Chair,Furniture,South,5,320,0.12,1408.0,394.24
8326,2026-06-02,Office Chair,Furniture,North,5,240,0.2,960.0,268.8
8327,2026-06-02,Executive Desk,Furniture,East,4,910,0.18,2984.8,835.74
8328,2026-06-02,Wireless Headset,Electronics,North,8,120,0.0,960.0,268.8
8329,2026-06-02,Desk Lamp,Home Decor,North,2,60,0.05,114.0,31.92
8330,2026-06-02,Desk Lamp,Home Decor,South,4,60,0.0,240.0,67.2
8331,2026-06-02,Tablet Air,Electronics,East,5,680,0.0,3400.0,952.0
8332,2026-06-02,Storage Cabinet,Furniture,North,7,280,0.12,1724.8,482.94
8333,2026-06-02,Desk Lamp,Home Decor,South,10,60,0.08,552.0,154.56
8334,2026-06-02,Color Printer,Office Supplies,West,4,260,0.12,915.2,256.26
8335,2026-06-02,Tablet Air,Electronics,North,8,680,0.05,5168.0,1447.04
8336,2026-06-02,Standing Desk,Furniture,East,6,550,0.12,2904.0,813.12
8337,2026-06-02,Standing Desk,Furniture,East,8,550,0.12,3872.0,1084.16
8338,2026-06-03,Color Printer,Office Supplies,North,2,260,0.05,494.0,138.32
8339,2026-06-03,Wireless Headset,Electronics,North,1,120,0.0,120.0,33.6
8340,2026-06-03,Standing Desk,Furniture,East,2,550,0.18,902.0,252.56
8341,2026-06-03,Notebook Set,Office Supplies,South,2,18,0.2,28.8,8.06
8342,2026-06-03,Projector,Office Supplies,South,2,680,0.05,1292.0,361.76
8343,2026-06-03,Executive Desk,Furniture,South,11,910,0.08,9209.2,2578.58
8344,2026-06-03,"Monitor 27""",Electronics,North,8,390,0.0,3120.0,873.6
8345,2026-06-03,Inkjet Printer,Office Supplies,South,7,180,0.18,1033.2,289.3
8346,2026-06-03,Plant Pot,Home Decor,West,10,30,0.2,240.0,67.2
8347,2026-06-03,Air Purifier,Home Decor,South,8,170,0.18,1115.2,312.26
8348,2026-06-04,Air Purifier,Home Decor,South,10,170,0.0,1700.0,476.0
8349,2026-06-04,Projector,Office Supplies,North,5,680,0.12,2992.0,837.76
8350,2026-06-04,4K Monitor,Electronics,East,4,420,0.08,1545.6,432.77
8351,2026-06-04,Wireless Mouse,Electronics,East,11,45,0.05,470.25,131.67
8352,2026-06-04,Wireless Headset,Electronics,East,2,120,0.18,196.8,55.1
8353,2026-06-04,Wireless Mouse,Electronics,South,9,45,0.12,356.4,99.79
8354,2026-06-04,Notebook Set,Office Supplies,South,8,18,0.12,126.72,35.48
8355,2026-06-04,4K Monitor,Electronics,North,11,420,0.18,3788.4,1060.75
8356,2026-06-04,Laptop Pro 14,Electronics,South,11,1200,0.12,11616.0,3252.48
8357,2026-06-04,Office Chair,Furniture,North,9,240,0.18,1771.2,495.94
8358,2026-06-05,4K Monitor,Electronics,West,5,420,0.05,1995.0,558.6
8359,2026-06-05,Standing Desk,Furniture,East,6,550,0.08,3036.0,850.08
8360,2026-06-05,Color Printer,Office Supplies,North,5,260,0.2,1040.0,291.2
8361,2026-06-05,Air Purifier,Home Decor,West,1,170,0.05,161.5,45.22
8362,2026-06-05,Ergonomic Chair,Furniture,West,8,320,0.18,2099.2,587.78
8363,2026-06-05,Wireless Headset,Electronics,West,9,120,0.12,950.4,266.11
8364,2026-06-05,Smart Speaker,Electronics,East,10,95,0.18,779.0,218.12
8365,2026-06-05,Ergonomic Chair,Furniture,North,7,320,0.05,2128.0,595.84
8366,2026-06-05,Air Purifier,Home Decor,North,11,170,0.18,1533.4,429.35
8367,2026-06-05,Ergonomic Chair,Furniture,North,11,320,0.0,3520.0,985.6
8368,2026-06-05,Desk Lamp,Home Decor,West,5,60,0.2,240.0,67.2
8369,2026-06-06,Storage Cabinet,Furniture,West,6,280,0.08,1545.6,432.77
8370,2026-06-06,Color Printer,Office Supplies,East,5,260,0.0,1300.0,364.0
8371,2026-06-06,Desk Lamp,Home Decor,West,6,60,0.12,316.8,88.7
8372,2026-06-06,Projector,Office Supplies,North,6,680,0.0,4080.0,1142.4
8373,2026-06-06,Desk Lamp,Home Decor,West,4,60,0.0,240.0,67.2
8374,2026-06-06,Notebook Set,Office Supplies,South,4,18,0.05,68.4,19.15
8375,2026-06-06,Wireless Headset,Electronics,West,5,120,0.05,570.0,159.6
8376,2026-06-06,Wireless Headset,Electronics,West,7,120,0.08,772.8,216.38
8377,2026-06-06,Projector,Office Supplies,West,3,680,0.08,1876.8,525.5
8378,2026-06-06,Desk Lamp,Home Decor,West,11,60,0.0,660.0,184.8
8379,2026-06-06,Color Printer,Office Supplies,South,8,260,0.0,2080.0,582.4
8380,2026-06-06,Ergonomic Chair,Furniture,South,7,320,0.2,1792.0,501.76
8381,2026-06-07,Inkjet Printer,Office Supplies,West,11,180,0.2,1584.0,443.52
8382,2026-06-07,Air Purifier,Home Decor,West,8,170,0.12,1196.8,335.1
8383,2026-06-07,Inkjet Printer,Office Supplies,West,7,180,0.12,1108.8,310.46
8384,2026-06-07,Notebook Set,Office Supplies,West,7,18,0.2,100.8,28.22
8385,2026-06-07,Smart Speaker,Electronics,West,8,95,0.12,668.8,187.26
8386,2026-06-07,Ergonomic Chair,Furniture,East,3,320,0.12,844.8,236.54
8387,2026-06-07,Inkjet Printer,Office Supplies,South,9,180,0.18,1328.4,371.95
8388,2026-06-07,Executive Desk,Furniture,North,6,910,0.12,4804.8,1345.34
8389,2026-06-07,Standing Desk,Furniture,East,11,550,0.08,5566.0,1558.48
8390,2026-06-07,Air Purifier,Home Decor,East,10,170,0.08,1564.0,437.92
8391,2026-06-07,Plant Pot,Home Decor,South,7,30,0.0,210.0,58.8
8392,2026-06-07,Air Purifier,Home Decor,North,11,170,0.0,1870.0,523.6
8393,2026-06-07,Tablet Air,Electronics,East,11,680,0.08,6881.6,1926.85
8394,2026-06-07,Notebook Set,Office Supplies,East,11,18,0.12,174.24,48.79
8395,2026-06-07,Desk Lamp,Home Decor,West,6,60,0.0,360.0,100.8
8396,2026-06-07,Ergonomic Chair,Furniture,North,10,320,0.05,3040.0,851.2
8397,2026-06-07,Projector,Office Supplies,South,7,680,0.12,4188.8,1172.86
8398,2026-06-08,Laptop Pro 14,Electronics,East,2,1200,0.2,1920.0,537.6
8399,2026-06-08,Notebook Set,Office Supplies,North,2,18,0.12,31.68,8.87
8400,2026-06-08,Inkjet Printer,Office Supplies,East,6,180,0.08,993.6,278.21
8401,2026-06-08,Wireless Mouse,Electronics,East,9,45,0.05,384.75,107.73
8402,2026-06-08,"Monitor 27""",Electronics,East,7,390,0.12,2402.4,672.67
8403,2026-06-08,"Monitor 27""",Electronics,West,7,390,0.18,2238.6,626.81
8404,2026-06-08,Projector,Office Supplies,East,7,680,0.12,4188.8,1172.86
8405,2026-06-08,Ergonomic Chair,Furniture,North,5,320,0.0,1600.0,448.0
8406,2026-06-08,Office Chair,Furniture,South,9,240,0.08,1987.2,556.42
8407,2026-06-08,Plant Pot,Home Decor,West,8,30,0.2,192.0,53.76
8408,2026-06-08,4K Monitor,Electronics,West,4,420,0.12,1478.4,413.95
8409,2026-06-08,Notebook Set,Office Supplies,East,8,18,0.05,136.8,38.3
8410,2026-06-08,Ergonomic Chair,Furniture,West,1,320,0.2,256.0,71.68
8411,2026-06-08,Air Purifier,Home Decor,North,7,170,0.08,1094.8,306.54
8412,2026-06-08,Air Purifier,Home Decor,East,1,170,0.2,136.0,38.08
8413,2026-06-09,Tablet Air,Electronics,West,6,680,0.12,3590.4,1005.31
8414,2026-06-09,Inkjet Printer,Office Supplies,East,11,180,0.2,1584.0,443.52
8415,2026-06-09,Inkjet Printer,Office Supplies,West,11,180,0.0,1980.0,554.4
8416,2026-06-09,Ergonomic Chair,Furniture,East,8,320,0.12,2252.8,630.78
8417,2026-06-09,Smart Speaker,Electronics,West,8,95,0.12,668.8,187.26
8418,2026-06-09,Storage Cabinet,Furniture,South,8,280,0.12,1971.2,551.94
8419,2026-06-09,"Monitor 27""",Electronics,West,7,390,0.2,2184.0,611.52
8420,2026-06-09,Inkjet Printer,Office Supplies,West,6,180,0.0,1080.0,302.4
8421,2026-06-09,Executive Desk,Furniture,South,5,910,0.2,3640.0,1019.2
8422,2026-06-09,Storage Cabinet,Furniture,North,5,280,0.18,1148.0,321.44
8423,2026-06-09,Ergonomic Chair,Furniture,East,11,320,0.18,2886.4,808.19
8424,2026-06-09,Standing Desk,Furniture,East,3,550,0.08,1518.0,425.04
8425,2026-06-10,Plant Pot,Home Decor,South,5,30,0.0,150.0,42.0
8426,2026-06-10,Desk Lamp,Home Decor,East,2,60,0.0,120.0,33.6
8427,2026-06-10,Wireless Headset,Electronics,East,9,120,0.18,885.6,247.97
8428,2026-06-10,Standing Desk,Furniture,North,9,550,0.18,4059.0,1136.52
8429,2026-06-10,Notebook Set,Office Supplies,West,9,18,0.05,153.9,43.09
8430,2026-06-10,Desk Lamp,Home Decor,West,7,60,0.0,420.0,117.6
8431,2026-06-10,Notebook Set,Office Supplies,South,10,18,0.2,144.0,40.32
8432,2026-06-10,Storage Cabinet,Furniture,South,3,280,0.12,739.2,206.98
8433,2026-06-10,Standing Desk,Furniture,East,8,550,0.18,3608.0,1010.24
8434,2026-06-11,Color Printer,Office Supplies,North,6,260,0.08,1435.2,401.86
8435,2026-06-11,Desk Lamp,Home Decor,East,6,60,0.0,360.0,100.8
8436,2026-06-11,Air Purifier,Home Decor,North,1,170,0.2,136.0,38.08
8437,2026-06-11,Standing Desk,Furniture,East,1,550,0.05,522.5,146.3
8438,2026-06-11,Plant Pot,Home Decor,West,7,30,0.05,199.5,55.86
8439,2026-06-11,Ergonomic Chair,Furniture,East,10,320,0.05,3040.0,851.2
8440,2026-06-11,Color Printer,Office Supplies,North,10,260,0.2,2080.0,582.4
8441,2026-06-11,Laptop Pro 14,Electronics,West,9,1200,0.0,10800.0,3024.0
8442,2026-06-11,Plant Pot,Home Decor,South,4,30,0.18,98.4,27.55
8443,2026-06-11,USB-C Dock,Electronics,North,2,120,0.18,196.8,55.1
8444,2026-06-11,Executive Desk,Furniture,East,11,910,0.0,10010.0,2802.8
8445,2026-06-11,Air Purifier,Home Decor,South,2,170,0.0,340.0,95.2
8446,2026-06-11,Notebook Set,Office Supplies,North,6,18,0.12,95.04,26.61
8447,2026-06-11,Air Purifier,Home Decor,South,4,170,0.05,646.0,180.88
8448,2026-06-11,"Monitor 27""",Electronics,West,10,390,0.2,3120.0,873.6
8449,2026-06-11,Executive Desk,Furniture,East,3,910,0.08,2511.6,703.25
8450,2026-06-11,Inkjet Printer,Office Supplies,South,5,180,0.0,900.0,252.0
8451,2026-06-12,Air Purifier,Home Decor,West,5,170,0.0,850.0,238.0
8452,2026-06-12,Office Chair,Furniture,North,7,240,0.0,1680.0,470.4
8453,2026-06-12,Standing Desk,Furniture,North,2,550,0.12,968.0,271.04
8454,2026-06-12,Inkjet Printer,Office Supplies,West,5,180,0.18,738.0,206.64
8455,2026-06-12,Color Printer,Office Supplies,West,11,260,0.12,2516.8,704.7
8456,2026-06-12,Air Purifier,Home Decor,South,11,170,0.0,1870.0,523.6
8457,2026-06-12,Standing Desk,Furniture,West,10,550,0.18,4510.0,1262.8
8458,2026-06-12,Laptop Pro 14,Electronics,South,2,1200,0.12,2112.0,591.36
8459,2026-06-12,USB-C Dock,Electronics,East,7,120,0.2,672.0,188.16
8460,2026-06-12,Plant Pot,Home Decor,East,9,30,0.2,216.0,60.48
8461,2026-06-12,Notebook Set,Office Supplies,South,10,18,0.0,180.0,50.4
8462,2026-06-12,Color Printer,Office Supplies,North,4,260,0.2,832.0,232.96
8463,2026-06-12,Projector,Office Supplies,South,10,680,0.12,5984.0,1675.52
8464,2026-06-12,Plant Pot,Home Decor,South,1,30,0.05,28.5,7.98
8465,2026-06-12,Smart Speaker,Electronics,South,10,95,0.08,874.0,244.72
8466,2026-06-13,Air Purifier,Home Decor,East,10,170,0.08,1564.0,437.92
8467,2026-06-13,Projector,Office Supplies,North,1,680,0.0,680.0,190.4
8468,2026-06-13,Inkjet Printer,Office Supplies,South,9,180,0.0,1620.0,453.6
8469,2026-06-13,"Monitor 27""",Electronics,West,9,390,0.18,2878.2,805.9
8470,2026-06-13,Inkjet Printer,Office Supplies,South,10,180,0.18,1476.0,413.28
8471,2026-06-13,Notebook Set,Office Supplies,East,5,18,0.08,82.8,23.18
8472,2026-06-13,Inkjet Printer,Office Supplies,East,1,180,0.05,171.0,47.88
8473,2026-06-13,Projector,Office Supplies,West,5,680,0.2,2720.0,761.6
8474,2026-06-13,Office Chair,Furniture,South,1,240,0.0,240.0,67.2
8475,2026-06-13,Desk Lamp,Home Decor,North,11,60,0.0,660.0,184.8
8476,2026-06-13,Executive Desk,Furniture,North,10,910,0.18,7462.0,2089.36
8477,2026-06-13,Air Purifier,Home Decor,West,3,170,0.05,484.5,135.66
8478,2026-06-13,Smart Speaker,Electronics,East,1,95,0.08,87.4,24.47
8479,2026-06-13,Color Printer,Office Supplies,South,3,260,0.0,780.0,218.4
8480,2026-06-13,Desk Lamp,Home Decor,East,7,60,0.08,386.4,108.19
8481,2026-06-13,Inkjet Printer,Office Supplies,South,9,180,0.05,1539.0,430.92
8482,2026-06-14,Notebook Set,Office Supplies,East,9,18,0.05,153.9,43.09
8483,2026-06-14,Plant Pot,Home Decor,North,11,30,0.2,264.0,73.92
8484,2026-06-14,Desk Lamp,Home Decor,North,6,60,0.12,316.8,88.7
8485,2026-06-14,USB-C Dock,Electronics,North,2,120,0.05,228.0,63.84
8486,2026-06-14,Wireless Mouse,Electronics,West,9,45,0.12,356.4,99.79
8487,2026-06-14,Standing Desk,Furniture,West,9,550,0.18,4059.0,1136.52
8488,2026-06-14,Standing Desk,Furniture,East,6,550,0.05,3135.0,877.8
8489,2026-06-14,Standing Desk,Furniture,West,2,550,0.18,902.0,252.56
8490,2026-06-14,Plant Pot,Home Decor,East,1,30,0.18,24.6,6.89
8491,2026-06-14,Notebook Set,Office Supplies,West,9,18,0.2,129.6,36.29
8492,2026-06-14,Office Chair,Furniture,East,6,240,0.08,1324.8,370.94
8493,2026-06-14,Executive Desk,Furniture,East,1,910,0.08,837.2,234.42
8494,2026-06-14,"Monitor 27""",Electronics,West,8,390,0.0,3120.0,873.6
8495,2026-06-14,Notebook Set,Office Supplies,North,11,18,0.0,198.0,55.44
8496,2026-06-15,USB-C Dock,Electronics,East,10,120,0.2,960.0,268.8
8497,2026-06-15,Inkjet Printer,Office Supplies,North,11,180,0.12,1742.4,487.87
8498,2026-06-15,USB-C Dock,Electronics,South,4,120,0.08,441.6,123.65
8499,2026-06-15,Plant Pot,Home Decor,West,1,30,0.0,30.0,8.4
8500,2026-06-15,Notebook Set,Office Supplies,West,9,18,0.08,149.04,41.73
8501,2026-06-15,Office Chair,Furniture,West,7,240,0.0,1680.0,470.4
8502,2026-06-15,Notebook Set,Office Supplies,South,8,18,0.08,132.48,37.09
8503,2026-06-15,Air Purifier,Home Decor,North,10,170,0.2,1360.0,380.8
8504,2026-06-15,"Monitor 27""",Electronics,West,1,390,0.0,390.0,109.2
8505,2026-06-15,Projector,Office Supplies,South,9,680,0.18,5018.4,1405.15
8506,2026-06-16,Executive Desk,Furniture,South,3,910,0.05,2593.5,726.18
8507,2026-06-16,Projector,Office Supplies,South,11,680,0.18,6133.6,1717.41
8508,2026-06-16,Executive Desk,Furniture,South,9,910,0.2,6552.0,1834.56
8509,2026-06-16,Plant Pot,Home Decor,North,9,30,0.2,216.0,60.48
8510,2026-06-16,Notebook Set,Office Supplies,West,5,18,0.05,85.5,23.94
8511,2026-06-16,Storage Cabinet,Furniture,South,4,280,0.18,918.4,257.15
8512,2026-06-16,Laptop Pro 14,Electronics,North,8,1200,0.2,7680.0,2150.4
8513,2026-06-16,Plant Pot,Home Decor,East,1,30,0.08,27.6,7.73
8514,2026-06-16,Ergonomic Chair,Furniture,South,8,320,0.12,2252.8,630.78
8515,2026-06-17,4K Monitor,Electronics,West,8,420,0.18,2755.2,771.46
8516,2026-06-17,Smart Speaker,Electronics,North,9,95,0.08,786.6,220.25
8517,2026-06-17,Executive Desk,Furniture,South,8,910,0.2,5824.0,1630.72
8518,2026-06-17,Office Chair,Furniture,East,5,240,0.2,960.0,268.8
8519,2026-06-17,Standing Desk,Furniture,South,10,550,0.12,4840.0,1355.2
8520,2026-06-17,Color Printer,Office Supplies,North,2,260,0.08,478.4,133.95
8521,2026-06-17,Plant Pot,Home Decor,East,11,30,0.0,330.0,92.4
8522,2026-06-17,Tablet Air,Electronics,North,9,680,0.18,5018.4,1405.15
8523,2026-06-17,Storage Cabinet,Furniture,East,6,280,0.2,1344.0,376.32
8524,2026-06-17,Projector,Office Supplies,North,4,680,0.05,2584.0,723.52
8525,2026-06-17,Notebook Set,Office Supplies,West,9,18,0.2,129.6,36.29
8526,2026-06-17,Plant Pot,Home Decor,East,6,30,0.18,147.6,41.33
8527,2026-06-17,Desk Lamp,Home Decor,North,10,60,0.08,552.0,154.56
8528,2026-06-17,Ergonomic Chair,Furniture,West,6,320,0.05,1824.0,510.72
8529,2026-06-17,Color Printer,Office Supplies,North,6,260,0.18,1279.2,358.18
8530,2026-06-17,Plant Pot,Home Decor,East,10,30,0.12,264.0,73.92
8531,2026-06-17,Standing Desk,Furniture,North,8,550,0.2,3520.0,985.6
8532,2026-06-18,Air Purifier,Home Decor,South,6,170,0.05,969.0,271.32
8533,2026-06-18,USB-C Dock,Electronics,East,11,120,0.05,1254.0,351.12
8534,2026-06-18,Standing Desk,Furniture,West,9,550,0.05,4702.5,1316.7
8535,2026-06-18,Air Purifier,Home Decor,South,5,170,0.12,748.0,209.44
8536,2026-06-18,Smart Speaker,Electronics,West,3,95,0.0,285.0,79.8
8537,2026-06-18,Air Purifier,Home Decor,West,2,170,0.2,272.0,76.16
8538,2026-06-18,Standing Desk,Furniture,West,3,550,0.12,1452.0,406.56
8539,2026-06-18,Smart Speaker,Electronics,West,7,95,0.2,532.0,148.96
8540,2026-06-18,4K Monitor,Electronics,West,11,420,0.0,4620.0,1293.6
8541,2026-06-18,USB-C Dock,Electronics,North,1,120,0.18,98.4,27.55
8542,2026-06-18,Projector,Office Supplies,West,2,680,0.18,1115.2,312.26
8543,2026-06-18,Laptop Pro 14,Electronics,South,3,1200,0.18,2952.0,826.56
8544,2026-06-18,Tablet Air,Electronics,West,8,680,0.0,5440.0,1523.2
8545,2026-06-18,Color Printer,Office Supplies,South,5,260,0.08,1196.0,334.88
8546,2026-06-19,USB-C Dock,Electronics,South,7,120,0.0,840.0,235.2
8547,2026-06-19,Desk Lamp,Home Decor,West,2,60,0.12,105.6,29.57
8548,2026-06-19,Projector,Office Supplies,North,7,680,0.0,4760.0,1332.8
8549,2026-06-19,Standing Desk,Furniture,North,9,550,0.18,4059.0,1136.52
8550,2026-06-19,Air Purifier,Home Decor,East,2,170,0.18,278.8,78.06
8551,2026-06-19,Wireless Mouse,Electronics,East,7,45,0.0,315.0,88.2
8552,2026-06-19,Color Printer,Office Supplies,South,8,260,0.12,1830.4,512.51
8553,2026-06-19,Storage Cabinet,Furniture,South,9,280,0.08,2318.4,649.15
8554,2026-06-19,Inkjet Printer,Office Supplies,East,7,180,0.08,1159.2,324.58
8555,2026-06-19,Projector,Office Supplies,West,11,680,0.0,7480.0,2094.4
8556,2026-06-19,Air Purifier,Home Decor,South,4,170,0.0,680.0,190.4
8557,2026-06-19,Air Purifier,Home Decor,North,7,170,0.12,1047.2,293.22
8558,2026-06-19,USB-C Dock,Electronics,West,4,120,0.18,393.6,110.21
8559,2026-06-19,Desk Lamp,Home Decor,North,4,60,0.0,240.0,67.2
8560,2026-06-19,Executive Desk,Furniture,North,6,910,0.2,4368.0,1223.04
8561,2026-06-19,Office Chair,Furniture,South,7,240,0.0,1680.0,470.4
8562,2026-06-19,Office Chair,Furniture,East,7,240,0.12,1478.4,413.95
8563,2026-06-20,Desk Lamp,Home Decor,North,10,60,0.0,600.0,168.0
8564,2026-06-20,Plant Pot,Home Decor,North,3,30,0.12,79.2,22.18
8565,2026-06-20,Notebook Set,Office Supplies,South,3,18,0.12,47.52,13.31
8566,2026-06-20,Plant Pot,Home Decor,West,5,30,0.0,150.0,42.0
8567,2026-06-20,Office Chair,Furniture,West,9,240,0.08,1987.2,556.42
8568,2026-06-20,Air Purifier,Home Decor,West,7,170,0.12,1047.2,293.22
8569,2026-06-20,Air Purifier,Home Decor,East,3,170,0.08,469.2,131.38
8570,2026-06-20,Color Printer,Office Supplies,South,1,260,0.18,213.2,59.7
8571,2026-06-20,Plant Pot,Home Decor,South,5,30,0.18,123.0,34.44
8572,2026-06-20,Desk Lamp,Home Decor,South,5,60,0.05,285.0,79.8
8573,2026-06-21,Standing Desk,Furniture,East,9,550,0.05,4702.5,1316.7
8574,2026-06-21,Ergonomic Chair,Furniture,North,7,320,0.08,2060.8,577.02
8575,2026-06-21,Desk Lamp,Home Decor,West,5,60,0.05,285.0,79.8
8576,2026-06-21,Office Chair,Furniture,South,10,240,0.12,2112.0,591.36
8577,2026-06-21,Projector,Office Supplies,East,7,680,0.0,4760.0,1332.8
8578,2026-06-21,Color Printer,Office Supplies,North,6,260,0.12,1372.8,384.38
8579,2026-06-21,Standing Desk,Furniture,North,3,550,0.05,1567.5,438.9
8580,2026-06-21,USB-C Dock,Electronics,South,2,120,0.0,240.0,67.2
8581,2026-06-21,Projector,Office Supplies,West,9,680,0.05,5814.0,1627.92
8582,2026-06-21,Notebook Set,Office Supplies,North,2,18,0.05,34.2,9.58
8583,2026-06-21,Standing Desk,Furniture,West,8,550,0.12,3872.0,1084.16
8584,2026-06-21,Tablet Air,Electronics,North,11,680,0.18,6133.6,1717.41
8585,2026-06-22,Wireless Headset,Electronics,West,6,120,0.0,720.0,201.6
8586,2026-06-22,Ergonomic Chair,Furniture,South,10,320,0.08,2944.0,824.32
8587,2026-06-22,Wireless Headset,Electronics,East,7,120,0.12,739.2,206.98
8588,2026-06-22,Storage Cabinet,Furniture,North,3,280,0.12,739.2,206.98
8589,2026-06-22,Executive Desk,Furniture,West,7,910,0.0,6370.0,1783.6
8590,2026-06-22,Smart Speaker,Electronics,South,1,95,0.18,77.9,21.81
8591,2026-06-22,Executive Desk,Furniture,North,1,910,0.0,910.0,254.8
8592,2026-06-22,Ergonomic Chair,Furniture,South,11,320,0.12,3097.6,867.33
8593,2026-06-22,Notebook Set,Office Supplies,South,7,18,0.12,110.88,31.05
8594,2026-06-22,Desk Lamp,Home Decor,South,11,60,0.08,607.2,170.02
8595,2026-06-23,Smart Speaker,Electronics,North,5,95,0.2,380.0,106.4
8596,2026-06-23,4K Monitor,Electronics,West,1,420,0.0,420.0,117.6
8597,2026-06-23,Desk Lamp,Home Decor,North,11,60,0.12,580.8,162.62
8598,2026-06-23,Color Printer,Office Supplies,North,4,260,0.0,1040.0,291.2
8599,2026-06-23,Projector,Office Supplies,East,8,680,0.05,5168.0,1447.04
8600,2026-06-23,Projector,Office Supplies,North,3,680,0.18,1672.8,468.38
8601,2026-06-23,Smart Speaker,Electronics,West,1,95,0.08,87.4,24.47
8602,2026-06-23,Storage Cabinet,Furniture,South,4,280,0.18,918.4,257.15
8603,2026-06-23,Smart Speaker,Electronics,South,10,95,0.08,874.0,244.72
8604,2026-06-23,USB-C Dock,Electronics,East,6,120,0.0,720.0,201.6
8605,2026-06-23,Air Purifier,Home Decor,West,11,170,0.05,1776.5,497.42
8606,2026-06-23,Office Chair,Furniture,South,10,240,0.12,2112.0,591.36
8607,2026-06-23,Plant Pot,Home Decor,East,9,30,0.05,256.5,71.82
8608,2026-06-24,4K Monitor,Electronics,West,1,420,0.12,369.6,103.49
8609,2026-06-24,Office Chair,Furniture,South,8,240,0.0,1920.0,537.6
8610,2026-06-24,4K Monitor,Electronics,South,9,420,0.2,3024.0,846.72
8611,2026-06-24,Plant Pot,Home Decor,North,8,30,0.2,192.0,53.76
8612,2026-06-24,Air Purifier,Home Decor,North,9,170,0.05,1453.5,406.98
8613,2026-06-24,Desk Lamp,Home Decor,North,10,60,0.2,480.0,134.4
8614,2026-06-24,Projector,Office Supplies,North,3,680,0.0,2040.0,571.2
8615,2026-06-24,Storage Cabinet,Furniture,South,4,280,0.12,985.6,275.97
8616,2026-06-24,Laptop Pro 14,Electronics,West,7,1200,0.0,8400.0,2352.0
8617,2026-06-24,Office Chair,Furniture,North,11,240,0.05,2508.0,702.24
8618,2026-06-24,Inkjet Printer,Office Supplies,East,9,180,0.0,1620.0,453.6
8619,2026-06-24,Ergonomic Chair,Furniture,South,5,320,0.2,1280.0,358.4
8620,2026-06-24,Smart Speaker,Electronics,East,2,95,0.0,190.0,53.2
8621,2026-06-24,Plant Pot,Home Decor,North,8,30,0.08,220.8,61.82
8622,2026-06-24,Ergonomic Chair,Furniture,North,10,320,0.0,3200.0,896.0
8623,2026-06-25,Executive Desk,Furniture,East,5,910,0.12,4004.0,1121.12
8624,2026-06-25,Smart Speaker,Electronics,West,7,95,0.12,585.2,163.86
8625,2026-06-25,Air Purifier,Home Decor,East,9,170,0.12,1346.4,376.99
8626,2026-06-25,USB-C Dock,Electronics,West,10,120,0.12,1056.0,295.68
8627,2026-06-25,Plant Pot,Home Decor,North,5,30,0.05,142.5,39.9
8628,2026-06-25,Plant Pot,Home Decor,East,9,30,0.0,270.0,75.6
8629,2026-06-25,USB-C Dock,Electronics,West,1,120,0.0,120.0,33.6
8630,2026-06-25,Desk Lamp,Home Decor,East,4,60,0.05,228.0,63.84
8631,2026-06-25,Storage Cabinet,Furniture,South,11,280,0.18,2525.6,707.17
8632,2026-06-25,Desk Lamp,Home Decor,West,5,60,0.12,264.0,73.92
8633,2026-06-25,Projector,Office Supplies,West,2,680,0.18,1115.2,312.26
8634,2026-06-25,Color Printer,Office Supplies,North,6,260,0.2,1248.0,349.44
8635,2026-06-26,"Monitor 27""",Electronics,West,11,390,0.05,4075.5,1141.14
8636,2026-06-26,Air Purifier,Home Decor,North,1,170,0.0,170.0,47.6
8637,2026-06-26,Wireless Headset,Electronics,South,8,120,0.0,960.0,268.8
8638,2026-06-26,Color Printer,Office Supplies,West,4,260,0.12,915.2,256.26
8639,2026-06-26,Storage Cabinet,Furniture,East,7,280,0.18,1607.2,450.02
8640,2026-06-26,Smart Speaker,Electronics,East,7,95,0.2,532.0,148.96
8641,2026-06-26,Notebook Set,Office Supplies,South,10,18,0.2,144.0,40.32
8642,2026-06-26,Desk Lamp,Home Decor,North,3,60,0.2,144.0,40.32
8643,2026-06-26,Executive Desk,Furniture,North,6,910,0.2,4368.0,1223.04
8644,2026-06-26,Wireless Mouse,Electronics,South,1,45,0.12,39.6,11.09
8645,2026-06-26,Smart Speaker,Electronics,East,4,95,0.12,334.4,93.63
8646,2026-06-26,Air Purifier,Home Decor,East,11,170,0.18,1533.4,429.35
8647,2026-06-26,4K Monitor,Electronics,East,1,420,0.12,369.6,103.49
8648,2026-06-26,USB-C Dock,Electronics,East,1,120,0.08,110.4,30.91
8649,2026-06-26,Wireless Mouse,Electronics,North,9,45,0.08,372.6,104.33
8650,2026-06-26,Wireless Headset,Electronics,East,2,120,0.12,211.2,59.14
8651,2026-06-26,Wireless Headset,Electronics,West,4,120,0.18,393.6,110.21
8652,2026-06-27,Office Chair,Furniture,North,11,240,0.0,2640.0,739.2
8653,2026-06-27,Standing Desk,Furniture,North,4,550,0.12,1936.0,542.08
8654,2026-06-27,Inkjet Printer,Office Supplies,South,3,180,0.18,442.8,123.98
8655,2026-06-27,Tablet Air,Electronics,North,8,680,0.05,5168.0,1447.04
8656,2026-06-27,Plant Pot,Home Decor,West,10,30,0.08,276.0,77.28
8657,2026-06-27,Storage Cabinet,Furniture,South,6,280,0.0,1680.0,470.4
8658,2026-06-27,Office Chair,Furniture,West,1,240,0.18,196.8,55.1
8659,2026-06-27,Wireless Headset,Electronics,East,10,120,0.18,984.0,275.52
8660,2026-06-28,Desk Lamp,Home Decor,South,4,60,0.08,220.8,61.82
8661,2026-06-28,Storage Cabinet,Furniture,South,7,280,0.05,1862.0,521.36
8662,2026-06-28,Executive Desk,Furniture,South,2,910,0.0,1820.0,509.6
8663,2026-06-28,Air Purifier,Home Decor,East,1,170,0.12,149.6,41.89
8664,2026-06-28,Storage Cabinet,Furniture,West,10,280,0.18,2296.0,642.88
8665,2026-06-28,Color Printer,Office Supplies,West,8,260,0.12,1830.4,512.51
8666,2026-06-28,4K Monitor,Electronics,West,5,420,0.05,1995.0,558.6
8667,2026-06-28,Air Purifier,Home Decor,South,3,170,0.18,418.2,117.1
8668,2026-06-28,Projector,Office Supplies,East,7,680,0.0,4760.0,1332.8
8669,2026-06-28,Inkjet Printer,Office Supplies,North,9,180,0.08,1490.4,417.31
8670,2026-06-28,4K Monitor,Electronics,West,6,420,0.05,2394.0,670.32
8671,2026-06-28,Wireless Headset,Electronics,East,7,120,0.18,688.8,192.86
8672,2026-06-28,Executive Desk,Furniture,East,9,910,0.18,6715.8,1880.42
8673,2026-06-28,USB-C Dock,Electronics,West,7,120,0.12,739.2,206.98
8674,2026-06-28,Color Printer,Office Supplies,South,11,260,0.0,2860.0,800.8
8675,2026-06-28,Plant Pot,Home Decor,North,7,30,0.12,184.8,51.74
8676,2026-06-29,Standing Desk,Furniture,South,6,550,0.08,3036.0,850.08
8677,2026-06-29,Office Chair,Furniture,East,8,240,0.18,1574.4,440.83
8678,2026-06-29,Executive Desk,Furniture,West,8,910,0.05,6916.0,1936.48
8679,2026-06-29,Plant Pot,Home Decor,North,5,30,0.12,132.0,36.96
8680,2026-06-29,Storage Cabinet,Furniture,South,11,280,0.05,2926.0,819.28
8681,2026-06-29,Plant Pot,Home Decor,North,1,30,0.05,28.5,7.98
8682,2026-06-29,Desk Lamp,Home Decor,East,11,60,0.0,660.0,184.8
8683,2026-06-29,4K Monitor,Electronics,East,7,420,0.08,2704.8,757.34
8684,2026-06-29,Desk Lamp,Home Decor,South,8,60,0.0,480.0,134.4
8685,2026-06-29,Smart Speaker,Electronics,West,9,95,0.0,855.0,239.4
8686,2026-06-29,Air Purifier,Home Decor,South,3,170,0.08,469.2,131.38
8687,2026-06-29,Color Printer,Office Supplies,South,2,260,0.12,457.6,128.13
8688,2026-06-29,Inkjet Printer,Office Supplies,East,7,180,0.12,1108.8,310.46
8689,2026-06-29,Laptop Pro 14,Electronics,South,10,1200,0.18,9840.0,2755.2
8690,2026-06-29,Desk Lamp,Home Decor,South,6,60,0.18,295.2,82.66
8691,2026-06-29,Color Printer,Office Supplies,South,8,260,0.2,1664.0,465.92
8692,2026-06-29,Inkjet Printer,Office Supplies,West,11,180,0.18,1623.6,454.61
8693,2026-06-30,Ergonomic Chair,Furniture,North,5,320,0.18,1312.0,367.36
8694,2026-06-30,Notebook Set,Office Supplies,West,3,18,0.05,51.3,14.36
8695,2026-06-30,Notebook Set,Office Supplies,West,2,18,0.0,36.0,10.08
8696,2026-06-30,Plant Pot,Home Decor,East,8,30,0.05,228.0,63.84
8697,2026-06-30,Color Printer,Office Supplies,North,9,260,0.2,1872.0,524.16
8698,2026-06-30,Plant Pot,Home Decor,North,10,30,0.05,285.0,79.8
8699,2026-06-30,Inkjet Printer,Office Supplies,North,7,180,0.05,1197.0,335.16
8700,2026-06-30,USB-C Dock,Electronics,North,3,120,0.18,295.2,82.66
8701,2026-06-30,Color Printer,Office Supplies,North,2,260,0.08,478.4,133.95
8702,2026-06-30,Ergonomic Chair,Furniture,North,10,320,0.08,2944.0,824.32
8703,2026-06-30,Desk Lamp,Home Decor,South,2,60,0.18,98.4,27.55
8704,2026-06-30,Wireless Headset,Electronics,West,4,120,0.2,384.0,107.52
8705,2026-06-30,Notebook Set,Office Supplies,North,8,18,0.18,118.08,33.06
8706,2026-06-30,Wireless Headset,Electronics,West,2,120,0.2,192.0,53.76
8707,2026-06-30,Color Printer,Office Supplies,North,7,260,0.08,1674.4,468.83
8708,2026-06-30,Executive Desk,Furniture,North,1,910,0.08,837.2,234.42
8709,2026-07-01,4K Monitor,Electronics,East,11,420,0.08,4250.4,1190.11
8710,2026-07-01,Smart Speaker,Electronics,East,7,95,0.18,545.3,152.68
8711,2026-07-01,Air Purifier,Home Decor,East,1,170,0.12,149.6,41.89
8712,2026-07-01,Air Purifier,Home Decor,West,1,170,0.08,156.4,43.79
8713,2026-07-01,Notebook Set,Office Supplies,South,2,18,0.05,34.2,9.58
8714,2026-07-01,4K Monitor,Electronics,West,5,420,0.0,2100.0,588.0
8715,2026-07-01,Ergonomic Chair,Furniture,North,8,320,0.2,2048.0,573.44
8716,2026-07-01,Air Purifier,Home Decor,West,1,170,0.12,149.6,41.89
8717,2026-07-01,Notebook Set,Office Supplies,North,7,18,0.18,103.32,28.93
8718,2026-07-01,"Monitor 27""",Electronics,North,2,390,0.12,686.4,192.19
8719,2026-07-01,Projector,Office Supplies,West,3,680,0.08,1876.8,525.5
8720,2026-07-01,Plant Pot,Home Decor,West,11,30,0.0,330.0,92.4
8721,2026-07-01,Wireless Headset,Electronics,South,11,120,0.12,1161.6,325.25
8722,2026-07-01,Notebook Set,Office Supplies,South,2,18,0.0,36.0,10.08
8723,2026-07-01,4K Monitor,Electronics,North,6,420,0.12,2217.6,620.93
8724,2026-07-02,Desk Lamp,Home Decor,North,2,60,0.18,98.4,27.55
8725,2026-07-02,Inkjet Printer,Office Supplies,South,1,180,0.0,180.0,50.4
8726,2026-07-02,Inkjet Printer,Office Supplies,South,5,180,0.12,792.0,221.76
8727,2026-07-02,Storage Cabinet,Furniture,South,8,280,0.0,2240.0,627.2
8728,2026-07-02,Desk Lamp,Home Decor,North,9,60,0.2,432.0,120.96
8729,2026-07-02,Smart Speaker,Electronics,North,1,95,0.18,77.9,21.81
8730,2026-07-02,"Monitor 27""",Electronics,West,7,390,0.18,2238.6,626.81
8731,2026-07-02,4K Monitor,Electronics,North,8,420,0.12,2956.8,827.9
8732,2026-07-03,Air Purifier,Home Decor,North,11,170,0.05,1776.5,497.42
8733,2026-07-03,Air Purifier,Home Decor,East,10,170,0.18,1394.0,390.32
8734,2026-07-03,Notebook Set,Office Supplies,South,10,18,0.05,171.0,47.88
8735,2026-07-03,Plant Pot,Home Decor,East,8,30,0.05,228.0,63.84
8736,2026-07-03,Standing Desk,Furniture,South,11,550,0.0,6050.0,1694.0
8737,2026-07-03,Air Purifier,Home Decor,East,4,170,0.2,544.0,152.32
8738,2026-07-03,Ergonomic Chair,Furniture,North,10,320,0.18,2624.0,734.72
8739,2026-07-03,Wireless Headset,Electronics,North,5,120,0.12,528.0,147.84
8740,2026-07-03,Plant Pot,Home Decor,North,5,30,0.2,120.0,33.6
8741,2026-07-03,Plant Pot,Home Decor,North,9,30,0.18,221.4,61.99
8742,2026-07-03,Notebook Set,Office Supplies,South,10,18,0.0,180.0,50.4
8743,2026-07-03,"Monitor 27""",Electronics,East,10,390,0.12,3432.0,960.96
8744,2026-07-04,Standing Desk,Furniture,South,3,550,0.0,1650.0,462.0
8745,2026-07-04,Inkjet Printer,Office Supplies,East,3,180,0.12,475.2,133.06
8746,2026-07-04,Wireless Headset,Electronics,East,4,120,0.05,456.0,127.68
8747,2026-07-04,Plant Pot,Home Decor,North,4,30,0.2,96.0,26.88
8748,2026-07-04,Storage Cabinet,Furniture,East,4,280,0.12,985.6,275.97
8749,2026-07-04,Ergonomic Chair,Furniture,South,6,320,0.08,1766.4,494.59
8750,2026-07-04,Office Chair,Furniture,South,9,240,0.18,1771.2,495.94
8751,2026-07-04,Inkjet Printer,Office Supplies,South,10,180,0.05,1710.0,478.8
8752,2026-07-04,Projector,Office Supplies,East,2,680,0.12,1196.8,335.1
8753,2026-07-04,4K Monitor,Electronics,South,5,420,0.2,1680.0,470.4
8754,2026-07-04,Standing Desk,Furniture,West,8,550,0.12,3872.0,1084.16
8755,2026-07-04,"Monitor 27""",Electronics,South,3,390,0.12,1029.6,288.29
8756,2026-07-05,Office Chair,Furniture,East,4,240,0.05,912.0,255.36
8757,2026-07-05,Laptop Pro 14,Electronics,North,2,1200,0.2,1920.0,537.6
8758,2026-07-05,Desk Lamp,Home Decor,West,6,60,0.12,316.8,88.7
8759,2026-07-05,Plant Pot,Home Decor,South,2,30,0.18,49.2,13.78
8760,2026-07-05,Air Purifier,Home Decor,East,6,170,0.0,1020.0,285.6
8761,2026-07-05,Air Purifier,Home Decor,West,4,170,0.05,646.0,180.88
8762,2026-07-05,Notebook Set,Office Supplies,North,10,18,0.2,144.0,40.32
8763,2026-07-05,Ergonomic Chair,Furniture,East,2,320,0.05,608.0,170.24
8764,2026-07-05,Office Chair,Furniture,South,8,240,0.05,1824.0,510.72
8765,2026-07-05,Air Purifier,Home Decor,South,3,170,0.2,408.0,114.24
8766,2026-07-06,Inkjet Printer,Office Supplies,East,5,180,0.18,738.0,206.64
8767,2026-07-06,Desk Lamp,Home Decor,North,7,60,0.2,336.0,94.08
8768,2026-07-06,4K Monitor,Electronics,South,8,420,0.18,2755.2,771.46
8769,2026-07-06,Wireless Mouse,Electronics,West,8,45,0.12,316.8,88.7
8770,2026-07-06,Standing Desk,Furniture,South,7,550,0.18,3157.0,883.96
8771,2026-07-06,Storage Cabinet,Furniture,North,11,280,0.12,2710.4,758.91
8772,2026-07-06,Plant Pot,Home Decor,South,6,30,0.08,165.6,46.37
8773,2026-07-06,Standing Desk,Furniture,North,9,550,0.08,4554.0,1275.12
8774,2026-07-06,Laptop Pro 14,Electronics,West,6,1200,0.2,5760.0,1612.8
8775,2026-07-06,Wireless Mouse,Electronics,East,8,45,0.2,288.0,80.64
8776,2026-07-06,Storage Cabinet,Furniture,East,4,280,0.05,1064.0,297.92
8777,2026-07-06,Wireless Headset,Electronics,East,2,120,0.12,211.2,59.14
8778,2026-07-06,Air Purifier,Home Decor,South,1,170,0.12,149.6,41.89
8779,2026-07-06,Projector,Office Supplies,East,9,680,0.12,5385.6,1507.97
8780,2026-07-06,Inkjet Printer,Office Supplies,South,4,180,0.08,662.4,185.47
8781,2026-07-06,Desk Lamp,Home Decor,South,11,60,0.0,660.0,184.8
8782,2026-07-07,Ergonomic Chair,Furniture,South,9,320,0.08,2649.6,741.89
8783,2026-07-07,Ergonomic Chair,Furniture,West,11,320,0.05,3344.0,936.32
8784,2026-07-07,Wireless Mouse,Electronics,South,7,45,0.0,315.0,88.2
8785,2026-07-07,Inkjet Printer,Office Supplies,West,7,180,0.08,1159.2,324.58
8786,2026-07-07,Notebook Set,Office Supplies,South,4,18,0.05,68.4,19.15
8787,2026-07-07,Executive Desk,Furniture,East,11,910,0.05,9509.5,2662.66
8788,2026-07-07,Color Printer,Office Supplies,West,10,260,0.18,2132.0,596.96
8789,2026-07-07,Ergonomic Chair,Furniture,East,9,320,0.05,2736.0,766.08
8790,2026-07-07,Air Purifier,Home Decor,North,3,170,0.05,484.5,135.66
8791,2026-07-07,Notebook Set,Office Supplies,South,3,18,0.0,54.0,15.12
8792,2026-07-08,Ergonomic Chair,Furniture,North,4,320,0.2,1024.0,286.72
8793,2026-07-08,Plant Pot,Home Decor,North,11,30,0.18,270.6,75.77
8794,2026-07-08,Executive Desk,Furniture,North,5,910,0.08,4186.0,1172.08
8795,2026-07-08,Notebook Set,Office Supplies,South,10,18,0.05,171.0,47.88
8796,2026-07-08,Tablet Air,Electronics,West,5,680,0.0,3400.0,952.0
8797,2026-07-08,Inkjet Printer,Office Supplies,East,2,180,0.18,295.2,82.66
8798,2026-07-08,Color Printer,Office Supplies,East,3,260,0.2,624.0,174.72
8799,2026-07-08,Storage Cabinet,Furniture,West,1,280,0.0,280.0,78.4
8800,2026-07-08,Desk Lamp,Home Decor,East,7,60,0.18,344.4,96.43
8801,2026-07-08,Inkjet Printer,Office Supplies,East,9,180,0.08,1490.4,417.31
8802,2026-07-08,"Monitor 27""",Electronics,West,2,390,0.05,741.0,207.48
8803,2026-07-08,Air Purifier,Home Decor,North,3,170,0.18,418.2,117.1
8804,2026-07-09,Projector,Office Supplies,East,10,680,0.12,5984.0,1675.52
8805,2026-07-09,Executive Desk,Furniture,South,7,910,0.2,5096.0,1426.88
8806,2026-07-09,Desk Lamp,Home Decor,North,7,60,0.05,399.0,111.72
8807,2026-07-09,4K Monitor,Electronics,South,9,420,0.08,3477.6,973.73
8808,2026-07-09,Color Printer,Office Supplies,West,3,260,0.12,686.4,192.19
8809,2026-07-09,Ergonomic Chair,Furniture,West,2,320,0.12,563.2,157.7
8810,2026-07-09,Office Chair,Furniture,North,3,240,0.0,720.0,201.6
8811,2026-07-09,Standing Desk,Furniture,East,3,550,0.08,1518.0,425.04
8812,2026-07-09,Color Printer,Office Supplies,North,2,260,0.05,494.0,138.32
8813,2026-07-09,Projector,Office Supplies,North,1,680,0.12,598.4,167.55
8814,2026-07-09,Air Purifier,Home Decor,East,1,170,0.12,149.6,41.89
8815,2026-07-09,Ergonomic Chair,Furniture,South,7,320,0.18,1836.8,514.3
8816,2026-07-09,Wireless Mouse,Electronics,North,5,45,0.12,198.0,55.44
8817,2026-07-09,Desk Lamp,Home Decor,East,11,60,0.18,541.2,151.54
8818,2026-07-09,Inkjet Printer,Office Supplies,North,11,180,0.12,1742.4,487.87
8819,2026-07-10,Standing Desk,Furniture,West,6,550,0.18,2706.0,757.68
8820,2026-07-10,Standing Desk,Furniture,East,8,550,0.05,4180.0,1170.4
8821,2026-07-10,Notebook Set,Office Supplies,East,9,18,0.0,162.0,45.36
8822,2026-07-10,Standing Desk,Furniture,East,3,550,0.12,1452.0,406.56
8823,2026-07-10,Standing Desk,Furniture,West,8,550,0.05,4180.0,1170.4
8824,2026-07-10,Air Purifier,Home Decor,West,2,170,0.0,340.0,95.2
8825,2026-07-10,USB-C Dock,Electronics,West,11,120,0.2,1056.0,295.68
8826,2026-07-10,Color Printer,Office Supplies,South,1,260,0.05,247.0,69.16
8827,2026-07-11,Color Printer,Office Supplies,West,2,260,0.2,416.0,116.48
8828,2026-07-11,Projector,Office Supplies,East,4,680,0.12,2393.6,670.21
8829,2026-07-11,Notebook Set,Office Supplies,North,8,18,0.0,144.0,40.32
8830,2026-07-11,Wireless Mouse,Electronics,East,11,45,0.08,455.4,127.51
8831,2026-07-11,USB-C Dock,Electronics,South,7,120,0.08,772.8,216.38
8832,2026-07-11,Inkjet Printer,Office Supplies,West,6,180,0.05,1026.0,287.28
8833,2026-07-11,Wireless Headset,Electronics,South,3,120,0.08,331.2,92.74
8834,2026-07-11,Office Chair,Furniture,East,8,240,0.12,1689.6,473.09
8835,2026-07-12,"Monitor 27""",Electronics,East,2,390,0.08,717.6,200.93
8836,2026-07-12,Office Chair,Furniture,West,2,240,0.05,456.0,127.68
8837,2026-07-12,Plant Pot,Home Decor,South,11,30,0.2,264.0,73.92
8838,2026-07-12,Plant Pot,Home Decor,North,2,30,0.18,49.2,13.78
8839,2026-07-12,"Monitor 27""",Electronics,West,6,390,0.2,1872.0,524.16
8840,2026-07-12,Storage Cabinet,Furniture,West,7,280,0.05,1862.0,521.36
8841,2026-07-12,Projector,Office Supplies,West,1,680,0.0,680.0,190.4
8842,2026-07-12,Color Printer,Office Supplies,East,5,260,0.18,1066.0,298.48
8843,2026-07-12,Projector,Office Supplies,South,9,680,0.0,6120.0,1713.6
8844,2026-07-12,Color Printer,Office Supplies,South,1,260,0.2,208.0,58.24
8845,2026-07-12,"Monitor 27""",Electronics,North,5,390,0.18,1599.0,447.72
8846,2026-07-12,Notebook Set,Office Supplies,South,2,18,0.12,31.68,8.87
8847,2026-07-12,Laptop Pro 14,Electronics,North,3,1200,0.0,3600.0,1008.0
8848,2026-07-12,Air Purifier,Home Decor,West,8,170,0.08,1251.2,350.34
8849,2026-07-12,4K Monitor,Electronics,West,5,420,0.05,1995.0,558.6
8850,2026-07-12,Storage Cabinet,Furniture,West,1,280,0.12,246.4,68.99
8851,2026-07-13,Plant Pot,Home Decor,South,4,30,0.08,110.4,30.91
8852,2026-07-13,Wireless Mouse,Electronics,North,11,45,0.08,455.4,127.51
8853,2026-07-13,Tablet Air,Electronics,South,5,680,0.0,3400.0,952.0
8854,2026-07-13,Executive Desk,Furniture,East,5,910,0.12,4004.0,1121.12
8855,2026-07-13,Air Purifier,Home Decor,East,3,170,0.0,510.0,142.8
8856,2026-07-13,Wireless Mouse,Electronics,East,3,45,0.05,128.25,35.91
8857,2026-07-13,Inkjet Printer,Office Supplies,West,2,180,0.08,331.2,92.74
8858,2026-07-13,USB-C Dock,Electronics,North,3,120,0.18,295.2,82.66
8859,2026-07-13,Desk Lamp,Home Decor,West,9,60,0.18,442.8,123.98
8860,2026-07-13,Plant Pot,Home Decor,North,5,30,0.12,132.0,36.96
8861,2026-07-13,Plant Pot,Home Decor,North,4,30,0.18,98.4,27.55
8862,2026-07-13,Air Purifier,Home Decor,East,9,170,0.08,1407.6,394.13
8863,2026-07-13,Notebook Set,Office Supplies,East,4,18,0.2,57.6,16.13
8864,2026-07-13,Storage Cabinet,Furniture,South,10,280,0.2,2240.0,627.2
8865,2026-07-13,Office Chair,Furniture,West,10,240,0.2,1920.0,537.6
8866,2026-07-14,Inkjet Printer,Office Supplies,South,6,180,0.0,1080.0,302.4
8867,2026-07-14,Tablet Air,Electronics,North,7,680,0.18,3903.2,1092.9
8868,2026-07-14,Ergonomic Chair,Furniture,West,10,320,0.2,2560.0,716.8
8869,2026-07-14,Projector,Office Supplies,South,7,680,0.18,3903.2,1092.9
8870,2026-07-14,Desk Lamp,Home Decor,West,6,60,0.0,360.0,100.8
8871,2026-07-14,Projector,Office Supplies,South,7,680,0.2,3808.0,1066.24
8872,2026-07-14,Desk Lamp,Home Decor,West,7,60,0.12,369.6,103.49
8873,2026-07-14,Inkjet Printer,Office Supplies,South,1,180,0.2,144.0,40.32
8874,2026-07-14,Executive Desk,Furniture,East,8,910,0.2,5824.0,1630.72
8875,2026-07-14,Plant Pot,Home Decor,West,3,30,0.12,79.2,22.18
8876,2026-07-14,Notebook Set,Office Supplies,South,11,18,0.0,198.0,55.44
8877,2026-07-15,Smart Speaker,Electronics,East,10,95,0.12,836.0,234.08
8878,2026-07-15,Office Chair,Furniture,South,4,240,0.12,844.8,236.54
8879,2026-07-15,Laptop Pro 14,Electronics,West,7,1200,0.2,6720.0,1881.6
8880,2026-07-15,Desk Lamp,Home Decor,West,10,60,0.12,528.0,147.84
8881,2026-07-15,Desk Lamp,Home Decor,West,3,60,0.08,165.6,46.37
8882,2026-07-15,Standing Desk,Furniture,East,2,550,0.05,1045.0,292.6
8883,2026-07-15,Plant Pot,Home Decor,West,1,30,0.08,27.6,7.73
8884,2026-07-15,Wireless Mouse,Electronics,West,1,45,0.2,36.0,10.08
8885,2026-07-15,Inkjet Printer,Office Supplies,West,5,180,0.08,828.0,231.84
8886,2026-07-15,Executive Desk,Furniture,West,6,910,0.05,5187.0,1452.36
8887,2026-07-16,Projector,Office Supplies,South,3,680,0.2,1632.0,456.96
8888,2026-07-16,Inkjet Printer,Office Supplies,West,1,180,0.2,144.0,40.32
8889,2026-07-16,Color Printer,Office Supplies,North,2,260,0.18,426.4,119.39
8890,2026-07-16,Notebook Set,Office Supplies,East,9,18,0.05,153.9,43.09
8891,2026-07-16,Projector,Office Supplies,South,3,680,0.2,1632.0,456.96
8892,2026-07-16,Desk Lamp,Home Decor,South,10,60,0.0,600.0,168.0
8893,2026-07-16,Ergonomic Chair,Furniture,East,7,320,0.08,2060.8,577.02
8894,2026-07-16,Desk Lamp,Home Decor,East,11,60,0.0,660.0,184.8
8895,2026-07-16,Projector,Office Supplies,East,7,680,0.08,4379.2,1226.18
8896,2026-07-16,Ergonomic Chair,Furniture,West,6,320,0.0,1920.0,537.6
8897,2026-07-16,Standing Desk,Furniture,West,6,550,0.05,3135.0,877.8
8898,2026-07-16,Color Printer,Office Supplies,East,7,260,0.2,1456.0,407.68
8899,2026-07-16,Plant Pot,Home Decor,North,11,30,0.12,290.4,81.31
8900,2026-07-16,USB-C Dock,Electronics,North,1,120,0.05,114.0,31.92
8901,2026-07-16,Standing Desk,Furniture,West,5,550,0.12,2420.0,677.6
8902,2026-07-16,Air Purifier,Home Decor,West,3,170,0.18,418.2,117.1
8903,2026-07-17,Tablet Air,Electronics,West,10,680,0.08,6256.0,1751.68
8904,2026-07-17,Wireless Headset,Electronics,East,8,120,0.05,912.0,255.36
8905,2026-07-17,4K Monitor,Electronics,East,10,420,0.2,3360.0,940.8
8906,2026-07-17,Storage Cabinet,Furniture,West,8,280,0.12,1971.2,551.94
8907,2026-07-17,Plant Pot,Home Decor,South,1,30,0.08,27.6,7.73
8908,2026-07-17,Ergonomic Chair,Furniture,North,9,320,0.08,2649.6,741.89
8909,2026-07-17,Office Chair,Furniture,South,10,240,0.05,2280.0,638.4
8910,2026-07-17,Air Purifier,Home Decor,West,10,170,0.18,1394.0,390.32
8911,2026-07-17,Projector,Office Supplies,West,7,680,0.18,3903.2,1092.9
8912,2026-07-17,4K Monitor,Electronics,West,2,420,0.05,798.0,223.44
8913,2026-07-17,Laptop Pro 14,Electronics,West,6,1200,0.08,6624.0,1854.72
8914,2026-07-17,Desk Lamp,Home Decor,West,9,60,0.05,513.0,143.64
8915,2026-07-17,Inkjet Printer,Office Supplies,South,10,180,0.08,1656.0,463.68
8916,2026-07-17,"Monitor 27""",Electronics,East,2,390,0.18,639.6,179.09
8917,2026-07-17,Wireless Mouse,Electronics,East,2,45,0.18,73.8,20.66
8918,2026-07-17,"Monitor 27""",Electronics,North,5,390,0.2,1560.0,436.8
8919,2026-07-17,Color Printer,Office Supplies,North,4,260,0.08,956.8,267.9
8920,2026-07-18,4K Monitor,Electronics,East,4,420,0.0,1680.0,470.4
8921,2026-07-18,Inkjet Printer,Office Supplies,East,7,180,0.12,1108.8,310.46
8922,2026-07-18,Desk Lamp,Home Decor,East,4,60,0.2,192.0,53.76
8923,2026-07-18,Executive Desk,Furniture,West,4,910,0.0,3640.0,1019.2
8924,2026-07-18,Smart Speaker,Electronics,North,6,95,0.05,541.5,151.62
8925,2026-07-18,Smart Speaker,Electronics,South,5,95,0.2,380.0,106.4
8926,2026-07-18,Color Printer,Office Supplies,East,9,260,0.05,2223.0,622.44
8927,2026-07-18,USB-C Dock,Electronics,North,3,120,0.18,295.2,82.66
8928,2026-07-18,Color Printer,Office Supplies,East,6,260,0.05,1482.0,414.96
8929,2026-07-18,Laptop Pro 14,Electronics,West,11,1200,0.0,13200.0,3696.0
8930,2026-07-18,Inkjet Printer,Office Supplies,East,3,180,0.0,540.0,151.2
8931,2026-07-18,Smart Speaker,Electronics,North,4,95,0.18,311.6,87.25
8932,2026-07-18,Desk Lamp,Home Decor,North,4,60,0.05,228.0,63.84
8933,2026-07-19,Desk Lamp,Home Decor,South,5,60,0.05,285.0,79.8
8934,2026-07-19,Executive Desk,Furniture,West,6,910,0.05,5187.0,1452.36
8935,2026-07-19,Plant Pot,Home Decor,North,6,30,0.18,147.6,41.33
8936,2026-07-19,Storage Cabinet,Furniture,South,9,280,0.2,2016.0,564.48
8937,2026-07-19,Plant Pot,Home Decor,West,4,30,0.2,96.0,26.88
8938,2026-07-19,Air Purifier,Home Decor,West,2,170,0.12,299.2,83.78
8939,2026-07-19,Wireless Headset,Electronics,South,11,120,0.08,1214.4,340.03
8940,2026-07-19,Plant Pot,Home Decor,North,9,30,0.05,256.5,71.82
8941,2026-07-19,Inkjet Printer,Office Supplies,West,4,180,0.08,662.4,185.47
8942,2026-07-19,Projector,Office Supplies,North,9,680,0.08,5630.4,1576.51
8943,2026-07-20,Projector,Office Supplies,South,4,680,0.18,2230.4,624.51
8944,2026-07-20,USB-C Dock,Electronics,West,11,120,0.18,1082.4,303.07
8945,2026-07-20,Office Chair,Furniture,North,9,240,0.05,2052.0,574.56
8946,2026-07-20,Inkjet Printer,Office Supplies,West,7,180,0.2,1008.0,282.24
8947,2026-07-20,Air Purifier,Home Decor,North,5,170,0.08,782.0,218.96
8948,2026-07-20,Wireless Mouse,Electronics,North,9,45,0.08,372.6,104.33
8949,2026-07-20,Air Purifier,Home Decor,North,10,170,0.05,1615.0,452.2
8950,2026-07-20,Office Chair,Furniture,South,11,240,0.12,2323.2,650.5
8951,2026-07-20,Tablet Air,Electronics,North,8,680,0.08,5004.8,1401.34
8952,2026-07-20,USB-C Dock,Electronics,South,2,120,0.12,211.2,59.14
8953,2026-07-20,USB-C Dock,Electronics,North,10,120,0.2,960.0,268.8
8954,2026-07-20,Air Purifier,Home Decor,North,6,170,0.05,969.0,271.32
8955,2026-07-20,"Monitor 27""",Electronics,South,4,390,0.0,1560.0,436.8
8956,2026-07-20,Standing Desk,Furniture,North,5,550,0.0,2750.0,770.0
8957,2026-07-20,Air Purifier,Home Decor,West,2,170,0.08,312.8,87.58
8958,2026-07-20,Desk Lamp,Home Decor,South,10,60,0.05,570.0,159.6
8959,2026-07-20,Plant Pot,Home Decor,East,1,30,0.2,24.0,6.72
8960,2026-07-21,Tablet Air,Electronics,West,11,680,0.08,6881.6,1926.85
8961,2026-07-21,Smart Speaker,Electronics,North,1,95,0.0,95.0,26.6
8962,2026-07-21,Projector,Office Supplies,East,3,680,0.12,1795.2,502.66
8963,2026-07-21,"Monitor 27""",Electronics,West,2,390,0.2,624.0,174.72
8964,2026-07-21,Executive Desk,Furniture,South,2,910,0.08,1674.4,468.83
8965,2026-07-21,Ergonomic Chair,Furniture,North,11,320,0.18,2886.4,808.19
8966,2026-07-21,Air Purifier,Home Decor,East,2,170,0.12,299.2,83.78
8967,2026-07-21,Plant Pot,Home Decor,South,3,30,0.18,73.8,20.66
8968,2026-07-21,Plant Pot,Home Decor,West,4,30,0.2,96.0,26.88
8969,2026-07-21,Smart Speaker,Electronics,East,9,95,0.0,855.0,239.4
8970,2026-07-21,Laptop Pro 14,Electronics,North,9,1200,0.18,8856.0,2479.68
8971,2026-07-22,Executive Desk,Furniture,East,8,910,0.08,6697.6,1875.33
8972,2026-07-22,Color Printer,Office Supplies,East,10,260,0.08,2392.0,669.76
8973,2026-07-22,Plant Pot,Home Decor,South,5,30,0.2,120.0,33.6
8974,2026-07-22,Smart Speaker,Electronics,South,9,95,0.08,786.6,220.25
8975,2026-07-22,Notebook Set,Office Supplies,West,9,18,0.0,162.0,45.36
8976,2026-07-22,Notebook Set,Office Supplies,East,8,18,0.2,115.2,32.26
8977,2026-07-22,Laptop Pro 14,Electronics,East,3,1200,0.18,2952.0,826.56
8978,2026-07-22,Smart Speaker,Electronics,East,8,95,0.05,722.0,202.16
8979,2026-07-22,Air Purifier,Home Decor,North,4,170,0.12,598.4,167.55
8980,2026-07-22,Storage Cabinet,Furniture,East,11,280,0.05,2926.0,819.28
8981,2026-07-22,Wireless Headset,Electronics,East,8,120,0.12,844.8,236.54
8982,2026-07-22,Air Purifier,Home Decor,East,5,170,0.08,782.0,218.96
8983,2026-07-22,Ergonomic Chair,Furniture,East,8,320,0.18,2099.2,587.78
8984,2026-07-22,Executive Desk,Furniture,South,4,910,0.0,3640.0,1019.2
8985,2026-07-22,Executive Desk,Furniture,North,1,910,0.05,864.5,242.06
8986,2026-07-23,Smart Speaker,Electronics,South,5,95,0.2,380.0,106.4
8987,2026-07-23,"Monitor 27""",Electronics,South,3,390,0.05,1111.5,311.22
8988,2026-07-23,Executive Desk,Furniture,West,2,910,0.08,1674.4,468.83
8989,2026-07-23,Office Chair,Furniture,North,5,240,0.05,1140.0,319.2
8990,2026-07-23,Office Chair,Furniture,East,5,240,0.18,984.0,275.52
8991,2026-07-23,Plant Pot,Home Decor,South,5,30,0.08,138.0,38.64
8992,2026-07-23,Office Chair,Furniture,West,1,240,0.2,192.0,53.76
8993,2026-07-23,Desk Lamp,Home Decor,South,2,60,0.08,110.4,30.91
8994,2026-07-23,4K Monitor,Electronics,North,4,420,0.08,1545.6,432.77
8995,2026-07-23,Air Purifier,Home Decor,West,4,170,0.05,646.0,180.88
8996,2026-07-23,Inkjet Printer,Office Supplies,North,9,180,0.0,1620.0,453.6
8997,2026-07-23,4K Monitor,Electronics,East,8,420,0.0,3360.0,940.8
8998,2026-07-23,Storage Cabinet,Furniture,East,6,280,0.08,1545.6,432.77
8999,2026-07-23,Projector,Office Supplies,East,2,680,0.12,1196.8,335.1
9000,2026-07-23,Laptop Pro 14,Electronics,West,5,1200,0.18,4920.0,1377.6
9001,2026-07-23,4K Monitor,Electronics,South,3,420,0.05,1197.0,335.16
9002,2026-07-23,USB-C Dock,Electronics,North,3,120,0.18,295.2,82.66
9003,2026-07-24,Executive Desk,Furniture,South,1,910,0.0,910.0,254.8
9004,2026-07-24,Air Purifier,Home Decor,South,10,170,0.0,1700.0,476.0
9005,2026-07-24,4K Monitor,Electronics,East,7,420,0.08,2704.8,757.34
9006,2026-07-24,Desk Lamp,Home Decor,South,5,60,0.08,276.0,77.28
9007,2026-07-24,Color Printer,Office Supplies,West,5,260,0.05,1235.0,345.8
9008,2026-07-24,Color Printer,Office Supplies,South,1,260,0.05,247.0,69.16
9009,2026-07-24,Wireless Mouse,Electronics,West,9,45,0.0,405.0,113.4
9010,2026-07-24,Storage Cabinet,Furniture,West,5,280,0.05,1330.0,372.4
9011,2026-07-25,Standing Desk,Furniture,South,2,550,0.18,902.0,252.56
9012,2026-07-25,Air Purifier,Home Decor,South,6,170,0.0,1020.0,285.6
9013,2026-07-25,Standing Desk,Furniture,East,11,550,0.05,5747.5,1609.3
9014,2026-07-25,Color Printer,Office Supplies,South,9,260,0.18,1918.8,537.26
9015,2026-07-25,Executive Desk,Furniture,East,4,910,0.18,2984.8,835.74
9016,2026-07-25,Notebook Set,Office Supplies,North,4,18,0.0,72.0,20.16
9017,2026-07-25,Ergonomic Chair,Furniture,West,2,320,0.12,563.2,157.7
9018,2026-07-25,Inkjet Printer,Office Supplies,West,4,180,0.08,662.4,185.47
9019,2026-07-25,"Monitor 27""",Electronics,North,11,390,0.05,4075.5,1141.14
9020,2026-07-25,Plant Pot,Home Decor,South,2,30,0.08,55.2,15.46
9021,2026-07-25,Inkjet Printer,Office Supplies,East,9,180,0.0,1620.0,453.6
9022,2026-07-25,Ergonomic Chair,Furniture,East,2,320,0.05,608.0,170.24
9023,2026-07-25,Executive Desk,Furniture,West,5,910,0.12,4004.0,1121.12
9024,2026-07-25,Standing Desk,Furniture,South,4,550,0.0,2200.0,616.0
9025,2026-07-26,Storage Cabinet,Furniture,South,11,280,0.12,2710.4,758.91
9026,2026-07-26,Office Chair,Furniture,North,4,240,0.12,844.8,236.54
9027,2026-07-26,Executive Desk,Furniture,East,6,910,0.2,4368.0,1223.04
9028,2026-07-26,Desk Lamp,Home Decor,West,8,60,0.0,480.0,134.4
9029,2026-07-26,Wireless Mouse,Electronics,North,4,45,0.0,180.0,50.4
9030,2026-07-26,Inkjet Printer,Office Supplies,East,6,180,0.05,1026.0,287.28
9031,2026-07-26,Projector,Office Supplies,South,4,680,0.12,2393.6,670.21
9032,2026-07-26,Desk Lamp,Home Decor,West,1,60,0.0,60.0,16.8
9033,2026-07-26,Storage Cabinet,Furniture,North,3,280,0.05,798.0,223.44
9034,2026-07-26,Air Purifier,Home Decor,South,11,170,0.2,1496.0,418.88
9035,2026-07-26,Ergonomic Chair,Furniture,West,6,320,0.08,1766.4,494.59
9036,2026-07-26,Desk Lamp,Home Decor,South,10,60,0.18,492.0,137.76
9037,2026-07-26,Ergonomic Chair,Furniture,North,2,320,0.2,512.0,143.36
9038,2026-07-26,Tablet Air,Electronics,North,6,680,0.18,3345.6,936.77
9039,2026-07-27,Office Chair,Furniture,South,10,240,0.0,2400.0,672.0
9040,2026-07-27,Executive Desk,Furniture,East,9,910,0.08,7534.8,2109.74
9041,2026-07-27,Color Printer,Office Supplies,West,2,260,0.0,520.0,145.6
9042,2026-07-27,Notebook Set,Office Supplies,North,6,18,0.05,102.6,28.73
9043,2026-07-27,Storage Cabinet,Furniture,East,5,280,0.18,1148.0,321.44
9044,2026-07-27,Wireless Mouse,Electronics,North,11,45,0.05,470.25,131.67
9045,2026-07-27,Laptop Pro 14,Electronics,East,4,1200,0.08,4416.0,1236.48
9046,2026-07-27,Wireless Headset,Electronics,North,2,120,0.18,196.8,55.1
9047,2026-07-27,Desk Lamp,Home Decor,West,5,60,0.12,264.0,73.92
9048,2026-07-27,Ergonomic Chair,Furniture,West,7,320,0.0,2240.0,627.2
9049,2026-07-27,Inkjet Printer,Office Supplies,East,7,180,0.12,1108.8,310.46
9050,2026-07-27,Air Purifier,Home Decor,West,7,170,0.05,1130.5,316.54
9051,2026-07-27,Tablet Air,Electronics,West,1,680,0.05,646.0,180.88
9052,2026-07-27,Notebook Set,Office Supplies,North,11,18,0.0,198.0,55.44
9053,2026-07-27,4K Monitor,Electronics,North,9,420,0.12,3326.4,931.39
9054,2026-07-27,Projector,Office Supplies,North,1,680,0.05,646.0,180.88
9055,2026-07-27,Office Chair,Furniture,North,5,240,0.08,1104.0,309.12
9056,2026-07-28,Storage Cabinet,Furniture,North,6,280,0.2,1344.0,376.32
9057,2026-07-28,Executive Desk,Furniture,East,10,910,0.18,7462.0,2089.36
9058,2026-07-28,Air Purifier,Home Decor,West,11,170,0.18,1533.4,429.35
9059,2026-07-28,Storage Cabinet,Furniture,East,10,280,0.18,2296.0,642.88
9060,2026-07-28,Notebook Set,Office Supplies,South,7,18,0.08,115.92,32.46
9061,2026-07-28,Storage Cabinet,Furniture,North,6,280,0.08,1545.6,432.77
9062,2026-07-28,Plant Pot,Home Decor,South,10,30,0.05,285.0,79.8
9063,2026-07-28,Standing Desk,Furniture,East,10,550,0.08,5060.0,1416.8
9064,2026-07-28,Executive Desk,Furniture,South,5,910,0.18,3731.0,1044.68
9065,2026-07-29,Plant Pot,Home Decor,East,3,30,0.12,79.2,22.18
9066,2026-07-29,Storage Cabinet,Furniture,East,11,280,0.0,3080.0,862.4
9067,2026-07-29,Color Printer,Office Supplies,East,3,260,0.0,780.0,218.4
9068,2026-07-29,Color Printer,Office Supplies,South,5,260,0.12,1144.0,320.32
9069,2026-07-29,Ergonomic Chair,Furniture,East,11,320,0.18,2886.4,808.19
9070,2026-07-29,Laptop Pro 14,Electronics,North,10,1200,0.12,10560.0,2956.8
9071,2026-07-29,Tablet Air,Electronics,East,1,680,0.0,680.0,190.4
9072,2026-07-29,Plant Pot,Home Decor,East,10,30,0.05,285.0,79.8
9073,2026-07-29,Wireless Mouse,Electronics,West,7,45,0.05,299.25,83.79
9074,2026-07-29,Wireless Headset,Electronics,North,2,120,0.12,211.2,59.14
9075,2026-07-30,Projector,Office Supplies,South,7,680,0.05,4522.0,1266.16
9076,2026-07-30,Standing Desk,Furniture,West,8,550,0.18,3608.0,1010.24
9077,2026-07-30,Wireless Mouse,Electronics,West,8,45,0.0,360.0,100.8
9078,2026-07-30,Projector,Office Supplies,West,4,680,0.05,2584.0,723.52
9079,2026-07-30,Desk Lamp,Home Decor,East,11,60,0.08,607.2,170.02
9080,2026-07-30,Inkjet Printer,Office Supplies,East,1,180,0.2,144.0,40.32
9081,2026-07-30,Notebook Set,Office Supplies,East,5,18,0.18,73.8,20.66
9082,2026-07-30,Desk Lamp,Home Decor,East,1,60,0.2,48.0,13.44
9083,2026-07-30,Color Printer,Office Supplies,East,4,260,0.18,852.8,238.78
9084,2026-07-30,Executive Desk,Furniture,North,2,910,0.2,1456.0,407.68
9085,2026-07-30,Notebook Set,Office Supplies,North,7,18,0.0,126.0,35.28
9086,2026-07-30,Storage Cabinet,Furniture,North,4,280,0.05,1064.0,297.92
9087,2026-07-30,Wireless Headset,Electronics,South,1,120,0.0,120.0,33.6
9088,2026-07-30,Plant Pot,Home Decor,West,2,30,0.0,60.0,16.8
9089,2026-07-31,Plant Pot,Home Decor,South,9,30,0.0,270.0,75.6
9090,2026-07-31,Laptop Pro 14,Electronics,West,9,1200,0.18,8856.0,2479.68
9091,2026-07-31,Notebook Set,Office Supplies,North,11,18,0.18,162.36,45.46
9092,2026-07-31,Wireless Headset,Electronics,East,9,120,0.2,864.0,241.92
9093,2026-07-31,Notebook Set,Office Supplies,West,1,18,0.12,15.84,4.44
9094,2026-07-31,Plant Pot,Home Decor,West,9,30,0.12,237.6,66.53
9095,2026-07-31,Storage Cabinet,Furniture,East,2,280,0.18,459.2,128.58
9096,2026-07-31,Laptop Pro 14,Electronics,East,2,1200,0.18,1968.0,551.04
9097,2026-07-31,Notebook Set,Office Supplies,West,8,18,0.2,115.2,32.26
9098,2026-07-31,Color Printer,Office Supplies,South,3,260,0.05,741.0,207.48
9099,2026-07-31,Storage Cabinet,Furniture,West,6,280,0.08,1545.6,432.77
9100,2026-07-31,Color Printer,Office Supplies,West,4,260,0.05,988.0,276.64
9101,2026-07-31,Smart Speaker,Electronics,East,9,95,0.12,752.4,210.67
9102,2026-08-01,Projector,Office Supplies,South,4,680,0.18,2230.4,624.51
9103,2026-08-01,Inkjet Printer,Office Supplies,West,9,180,0.05,1539.0,430.92
9104,2026-08-01,Inkjet Printer,Office Supplies,South,9,180,0.18,1328.4,371.95
9105,2026-08-01,USB-C Dock,Electronics,East,6,120,0.05,684.0,191.52
9106,2026-08-01,Projector,Office Supplies,North,7,680,0.2,3808.0,1066.24
9107,2026-08-01,Storage Cabinet,Furniture,North,3,280,0.08,772.8,216.38
9108,2026-08-01,Plant Pot,Home Decor,North,11,30,0.2,264.0,73.92
9109,2026-08-01,"Monitor 27""",Electronics,South,4,390,0.0,1560.0,436.8
9110,2026-08-01,USB-C Dock,Electronics,North,7,120,0.0,840.0,235.2
9111,2026-08-01,Wireless Mouse,Electronics,South,4,45,0.05,171.0,47.88
9112,2026-08-01,Office Chair,Furniture,South,9,240,0.05,2052.0,574.56
9113,2026-08-01,Standing Desk,Furniture,South,1,550,0.0,550.0,154.0
9114,2026-08-01,Smart Speaker,Electronics,South,9,95,0.0,855.0,239.4
9115,2026-08-01,Inkjet Printer,Office Supplies,South,11,180,0.08,1821.6,510.05
9116,2026-08-01,Storage Cabinet,Furniture,North,9,280,0.12,2217.6,620.93
9117,2026-08-01,Ergonomic Chair,Furniture,East,1,320,0.2,256.0,71.68
9118,2026-08-01,Desk Lamp,Home Decor,East,2,60,0.2,96.0,26.88
9119,2026-08-02,Air Purifier,Home Decor,East,4,170,0.18,557.6,156.13
9120,2026-08-02,Inkjet Printer,Office Supplies,East,10,180,0.05,1710.0,478.8
9121,2026-08-02,Projector,Office Supplies,South,4,680,0.0,2720.0,761.6
9122,2026-08-02,Ergonomic Chair,Furniture,West,6,320,0.05,1824.0,510.72
9123,2026-08-02,Plant Pot,Home Decor,North,6,30,0.18,147.6,41.33
9124,2026-08-02,Wireless Mouse,Electronics,East,7,45,0.18,258.3,72.32
9125,2026-08-02,Standing Desk,Furniture,South,6,550,0.08,3036.0,850.08
9126,2026-08-02,Plant Pot,Home Decor,South,3,30,0.12,79.2,22.18
9127,2026-08-02,Air Purifier,Home Decor,North,5,170,0.18,697.0,195.16
9128,2026-08-02,Wireless Headset,Electronics,North,1,120,0.0,120.0,33.6
9129,2026-08-02,Air Purifier,Home Decor,West,8,170,0.18,1115.2,312.26
9130,2026-08-02,Office Chair,Furniture,North,7,240,0.18,1377.6,385.73
9131,2026-08-02,Desk Lamp,Home Decor,North,8,60,0.0,480.0,134.4
9132,2026-08-02,Air Purifier,Home Decor,East,4,170,0.0,680.0,190.4
9133,2026-08-03,Storage Cabinet,Furniture,North,4,280,0.18,918.4,257.15
9134,2026-08-03,Desk Lamp,Home Decor,North,1,60,0.05,57.0,15.96
9135,2026-08-03,Wireless Headset,Electronics,East,9,120,0.05,1026.0,287.28
9136,2026-08-03,Plant Pot,Home Decor,North,11,30,0.2,264.0,73.92
9137,2026-08-03,Color Printer,Office Supplies,East,10,260,0.05,2470.0,691.6
9138,2026-08-03,Smart Speaker,Electronics,South,3,95,0.12,250.8,70.22
9139,2026-08-03,USB-C Dock,Electronics,East,2,120,0.05,228.0,63.84
9140,2026-08-03,Notebook Set,Office Supplies,East,9,18,0.08,149.04,41.73
9141,2026-08-03,USB-C Dock,Electronics,West,4,120,0.2,384.0,107.52
9142,2026-08-03,Plant Pot,Home Decor,East,1,30,0.12,26.4,7.39
9143,2026-08-03,Air Purifier,Home Decor,North,8,170,0.0,1360.0,380.8
9144,2026-08-03,Office Chair,Furniture,East,5,240,0.2,960.0,268.8
9145,2026-08-03,Plant Pot,Home Decor,North,7,30,0.2,168.0,47.04
9146,2026-08-03,USB-C Dock,Electronics,West,10,120,0.12,1056.0,295.68
9147,2026-08-04,Air Purifier,Home Decor,East,11,170,0.0,1870.0,523.6
9148,2026-08-04,USB-C Dock,Electronics,East,10,120,0.18,984.0,275.52
9149,2026-08-04,4K Monitor,Electronics,North,2,420,0.18,688.8,192.86
9150,2026-08-04,Desk Lamp,Home Decor,North,1,60,0.2,48.0,13.44
9151,2026-08-04,Executive Desk,Furniture,South,3,910,0.18,2238.6,626.81
9152,2026-08-04,Inkjet Printer,Office Supplies,East,6,180,0.12,950.4,266.11
9153,2026-08-04,Air Purifier,Home Decor,South,3,170,0.18,418.2,117.1
9154,2026-08-04,Inkjet Printer,Office Supplies,West,5,180,0.08,828.0,231.84
9155,2026-08-04,Notebook Set,Office Supplies,East,10,18,0.2,144.0,40.32
9156,2026-08-04,Storage Cabinet,Furniture,South,2,280,0.18,459.2,128.58
9157,2026-08-04,Standing Desk,Furniture,East,8,550,0.05,4180.0,1170.4
9158,2026-08-04,Office Chair,Furniture,East,9,240,0.08,1987.2,556.42
9159,2026-08-04,Ergonomic Chair,Furniture,South,2,320,0.0,640.0,179.2
9160,2026-08-04,Desk Lamp,Home Decor,East,7,60,0.08,386.4,108.19
9161,2026-08-04,Desk Lamp,Home Decor,East,6,60,0.0,360.0,100.8
9162,2026-08-04,Smart Speaker,Electronics,South,2,95,0.05,180.5,50.54
9163,2026-08-04,Desk Lamp,Home Decor,West,5,60,0.18,246.0,68.88
9164,2026-08-05,Plant Pot,Home Decor,North,4,30,0.18,98.4,27.55
9165,2026-08-05,Color Printer,Office Supplies,West,3,260,0.08,717.6,200.93
9166,2026-08-05,Standing Desk,Furniture,East,1,550,0.2,440.0,123.2
9167,2026-08-05,Wireless Mouse,Electronics,North,10,45,0.2,360.0,100.8
9168,2026-08-05,Air Purifier,Home Decor,West,6,170,0.0,1020.0,285.6
9169,2026-08-05,Storage Cabinet,Furniture,North,8,280,0.05,2128.0,595.84
9170,2026-08-05,Storage Cabinet,Furniture,North,8,280,0.18,1836.8,514.3
9171,2026-08-05,Notebook Set,Office Supplies,West,5,18,0.05,85.5,23.94
9172,2026-08-05,Air Purifier,Home Decor,South,5,170,0.2,680.0,190.4
9173,2026-08-05,"Monitor 27""",Electronics,East,4,390,0.05,1482.0,414.96
9174,2026-08-05,Laptop Pro 14,Electronics,South,10,1200,0.08,11040.0,3091.2
9175,2026-08-05,Tablet Air,Electronics,South,11,680,0.0,7480.0,2094.4
9176,2026-08-05,4K Monitor,Electronics,North,1,420,0.12,369.6,103.49
9177,2026-08-05,Ergonomic Chair,Furniture,South,4,320,0.08,1177.6,329.73
9178,2026-08-05,Storage Cabinet,Furniture,North,2,280,0.12,492.8,137.98
9179,2026-08-06,"Monitor 27""",Electronics,East,1,390,0.05,370.5,103.74
9180,2026-08-06,Desk Lamp,Home Decor,North,6,60,0.08,331.2,92.74
9181,2026-08-06,Wireless Mouse,Electronics,West,9,45,0.18,332.1,92.99
9182,2026-08-06,Tablet Air,Electronics,South,6,680,0.2,3264.0,913.92
9183,2026-08-06,Storage Cabinet,Furniture,North,11,280,0.12,2710.4,758.91
9184,2026-08-06,Color Printer,Office Supplies,North,5,260,0.2,1040.0,291.2
9185,2026-08-06,4K Monitor,Electronics,South,4,420,0.0,1680.0,470.4
9186,2026-08-06,Inkjet Printer,Office Supplies,South,7,180,0.12,1108.8,310.46
9187,2026-08-06,Desk Lamp,Home Decor,North,8,60,0.0,480.0,134.4
9188,2026-08-06,Plant Pot,Home Decor,East,2,30,0.08,55.2,15.46
9189,2026-08-06,Color Printer,Office Supplies,North,1,260,0.2,208.0,58.24
9190,2026-08-06,Projector,Office Supplies,North,6,680,0.12,3590.4,1005.31
9191,2026-08-06,Air Purifier,Home Decor,East,4,170,0.2,544.0,152.32
9192,2026-08-07,Executive Desk,Furniture,West,10,910,0.05,8645.0,2420.6
9193,2026-08-07,Desk Lamp,Home Decor,North,11,60,0.2,528.0,147.84
9194,2026-08-07,Standing Desk,Furniture,North,6,550,0.0,3300.0,924.0
9195,2026-08-07,Smart Speaker,Electronics,West,4,95,0.08,349.6,97.89
9196,2026-08-07,Standing Desk,Furniture,East,11,550,0.18,4961.0,1389.08
9197,2026-08-07,Standing Desk,Furniture,West,10,550,0.2,4400.0,1232.0
9198,2026-08-07,Inkjet Printer,Office Supplies,West,8,180,0.18,1180.8,330.62
9199,2026-08-07,Office Chair,Furniture,North,2,240,0.12,422.4,118.27
9200,2026-08-07,Color Printer,Office Supplies,West,10,260,0.18,2132.0,596.96
9201,2026-08-07,Wireless Mouse,Electronics,North,7,45,0.18,258.3,72.32
9202,2026-08-07,Plant Pot,Home Decor,South,4,30,0.12,105.6,29.57
9203,2026-08-08,Plant Pot,Home Decor,East,11,30,0.05,313.5,87.78
9204,2026-08-08,Color Printer,Office Supplies,West,7,260,0.2,1456.0,407.68
9205,2026-08-08,Standing Desk,Furniture,East,11,550,0.08,5566.0,1558.48
9206,2026-08-08,Air Purifier,Home Decor,East,9,170,0.12,1346.4,376.99
9207,2026-08-08,Desk Lamp,Home Decor,East,1,60,0.05,57.0,15.96
9208,2026-08-08,Color Printer,Office Supplies,North,1,260,0.0,260.0,72.8
9209,2026-08-08,Inkjet Printer,Office Supplies,North,9,180,0.12,1425.6,399.17
9210,2026-08-08,Wireless Headset,Electronics,West,5,120,0.2,480.0,134.4
9211,2026-08-09,Wireless Mouse,Electronics,North,4,45,0.08,165.6,46.37
9212,2026-08-09,Ergonomic Chair,Furniture,West,1,320,0.2,256.0,71.68
9213,2026-08-09,4K Monitor,Electronics,North,2,420,0.0,840.0,235.2
9214,2026-08-09,Office Chair,Furniture,South,2,240,0.12,422.4,118.27
9215,2026-08-09,Color Printer,Office Supplies,East,9,260,0.0,2340.0,655.2
9216,2026-08-09,Executive Desk,Furniture,East,11,910,0.2,8008.0,2242.24
9217,2026-08-09,Plant Pot,Home Decor,East,9,30,0.05,256.5,71.82
9218,2026-08-09,Notebook Set,Office Supplies,North,3,18,0.2,43.2,12.1
9219,2026-08-09,Air Purifier,Home Decor,South,9,170,0.05,1453.5,406.98
9220,2026-08-09,Laptop Pro 14,Electronics,North,8,1200,0.18,7872.0,2204.16
9221,2026-08-09,Wireless Mouse,Electronics,South,2,45,0.18,73.8,20.66
9222,2026-08-09,Ergonomic Chair,Furniture,North,8,320,0.18,2099.2,587.78
9223,2026-08-10,Inkjet Printer,Office Supplies,North,4,180,0.12,633.6,177.41
9224,2026-08-10,Wireless Mouse,Electronics,North,1,45,0.0,45.0,12.6
9225,2026-08-10,Executive Desk,Furniture,South,2,910,0.08,1674.4,468.83
9226,2026-08-10,USB-C Dock,Electronics,North,5,120,0.2,480.0,134.4
9227,2026-08-10,Projector,Office Supplies,South,11,680,0.18,6133.6,1717.41
9228,2026-08-10,Color Printer,Office Supplies,East,2,260,0.05,494.0,138.32
9229,2026-08-10,Inkjet Printer,Office Supplies,West,6,180,0.0,1080.0,302.4
9230,2026-08-10,Color Printer,Office Supplies,South,9,260,0.08,2152.8,602.78
9231,2026-08-10,Wireless Mouse,Electronics,West,5,45,0.08,207.0,57.96
9232,2026-08-10,Executive Desk,Furniture,East,10,910,0.2,7280.0,2038.4
9233,2026-08-10,Plant Pot,Home Decor,East,4,30,0.18,98.4,27.55
9234,2026-08-10,Inkjet Printer,Office Supplies,West,4,180,0.2,576.0,161.28
9235,2026-08-10,Plant Pot,Home Decor,South,5,30,0.18,123.0,34.44
9236,2026-08-10,Notebook Set,Office Supplies,West,3,18,0.08,49.68,13.91
9237,2026-08-10,Smart Speaker,Electronics,East,1,95,0.0,95.0,26.6
9238,2026-08-11,Executive Desk,Furniture,West,1,910,0.18,746.2,208.94
9239,2026-08-11,Tablet Air,Electronics,South,2,680,0.05,1292.0,361.76
9240,2026-08-11,Executive Desk,Furniture,East,9,910,0.0,8190.0,2293.2
9241,2026-08-11,Desk Lamp,Home Decor,North,11,60,0.18,541.2,151.54
9242,2026-08-11,"Monitor 27""",Electronics,West,8,390,0.05,2964.0,829.92
9243,2026-08-11,Notebook Set,Office Supplies,South,3,18,0.18,44.28,12.4
9244,2026-08-11,Plant Pot,Home Decor,East,3,30,0.18,73.8,20.66
9245,2026-08-11,Laptop Pro 14,Electronics,North,10,1200,0.0,12000.0,3360.0
9246,2026-08-11,Notebook Set,Office Supplies,East,9,18,0.18,132.84,37.2
9247,2026-08-11,Tablet Air,Electronics,South,8,680,0.2,4352.0,1218.56
9248,2026-08-11,Laptop Pro 14,Electronics,West,2,1200,0.05,2280.0,638.4
9249,2026-08-11,Projector,Office Supplies,South,5,680,0.18,2788.0,780.64
9250,2026-08-11,Laptop Pro 14,Electronics,South,5,1200,0.12,5280.0,1478.4
9251,2026-08-11,"Monitor 27""",Electronics,West,10,390,0.2,3120.0,873.6
9252,2026-08-11,Color Printer,Office Supplies,North,2,260,0.12,457.6,128.13
9253,2026-08-12,Plant Pot,Home Decor,West,2,30,0.08,55.2,15.46
9254,2026-08-12,Office Chair,Furniture,East,1,240,0.2,192.0,53.76
9255,2026-08-12,Notebook Set,Office Supplies,West,1,18,0.08,16.56,4.64
9256,2026-08-12,Wireless Mouse,Electronics,East,8,45,0.08,331.2,92.74
9257,2026-08-12,Ergonomic Chair,Furniture,North,1,320,0.0,320.0,89.6
9258,2026-08-12,Tablet Air,Electronics,East,3,680,0.12,1795.2,502.66
9259,2026-08-12,Standing Desk,Furniture,West,11,550,0.18,4961.0,1389.08
9260,2026-08-12,Desk Lamp,Home Decor,West,6,60,0.0,360.0,100.8
9261,2026-08-12,Tablet Air,Electronics,South,9,680,0.0,6120.0,1713.6
9262,2026-08-12,Standing Desk,Furniture,North,2,550,0.05,1045.0,292.6
9263,2026-08-12,Notebook Set,Office Supplies,North,8,18,0.0,144.0,40.32
9264,2026-08-12,Projector,Office Supplies,West,2,680,0.0,1360.0,380.8
9265,2026-08-13,Ergonomic Chair,Furniture,South,7,320,0.08,2060.8,577.02
9266,2026-08-13,Wireless Mouse,Electronics,North,3,45,0.18,110.7,31.0
9267,2026-08-13,Desk Lamp,Home Decor,North,1,60,0.18,49.2,13.78
9268,2026-08-13,Office Chair,Furniture,East,10,240,0.0,2400.0,672.0
9269,2026-08-13,Desk Lamp,Home Decor,South,6,60,0.05,342.0,95.76
9270,2026-08-13,Projector,Office Supplies,West,11,680,0.08,6881.6,1926.85
9271,2026-08-13,Air Purifier,Home Decor,North,6,170,0.18,836.4,234.19
9272,2026-08-13,Standing Desk,Furniture,East,5,550,0.12,2420.0,677.6
9273,2026-08-13,Wireless Mouse,Electronics,East,11,45,0.12,435.6,121.97
9274,2026-08-13,Air Purifier,Home Decor,South,2,170,0.12,299.2,83.78
9275,2026-08-13,Projector,Office Supplies,East,11,680,0.2,5984.0,1675.52
9276,2026-08-13,Color Printer,Office Supplies,North,9,260,0.18,1918.8,537.26
9277,2026-08-13,Plant Pot,Home Decor,North,8,30,0.08,220.8,61.82
9278,2026-08-13,Inkjet Printer,Office Supplies,East,8,180,0.05,1368.0,383.04
9279,2026-08-13,Desk Lamp,Home Decor,East,7,60,0.18,344.4,96.43
9280,2026-08-14,Smart Speaker,Electronics,West,3,95,0.05,270.75,75.81
9281,2026-08-14,Plant Pot,Home Decor,South,5,30,0.12,132.0,36.96
9282,2026-08-14,Color Printer,Office Supplies,East,10,260,0.12,2288.0,640.64
9283,2026-08-14,Projector,Office Supplies,North,10,680,0.05,6460.0,1808.8
9284,2026-08-14,Standing Desk,Furniture,East,10,550,0.08,5060.0,1416.8
9285,2026-08-14,Inkjet Printer,Office Supplies,West,11,180,0.18,1623.6,454.61
9286,2026-08-14,Office Chair,Furniture,North,11,240,0.2,2112.0,591.36
9287,2026-08-14,Color Printer,Office Supplies,South,5,260,0.0,1300.0,364.0
9288,2026-08-14,Ergonomic Chair,Furniture,South,9,320,0.2,2304.0,645.12
9289,2026-08-14,Inkjet Printer,Office Supplies,South,7,180,0.18,1033.2,289.3
9290,2026-08-14,"Monitor 27""",Electronics,South,4,390,0.05,1482.0,414.96
9291,2026-08-15,Ergonomic Chair,Furniture,North,4,320,0.05,1216.0,340.48
9292,2026-08-15,Office Chair,Furniture,East,10,240,0.08,2208.0,618.24
9293,2026-08-15,Plant Pot,Home Decor,West,7,30,0.0,210.0,58.8
9294,2026-08-15,Inkjet Printer,Office Supplies,North,10,180,0.12,1584.0,443.52
9295,2026-08-15,Color Printer,Office Supplies,North,4,260,0.18,852.8,238.78
9296,2026-08-15,Office Chair,Furniture,South,6,240,0.08,1324.8,370.94
9297,2026-08-15,Tablet Air,Electronics,North,6,680,0.2,3264.0,913.92
9298,2026-08-15,Plant Pot,Home Decor,South,7,30,0.18,172.2,48.22
9299,2026-08-15,Ergonomic Chair,Furniture,West,9,320,0.18,2361.6,661.25
9300,2026-08-15,Air Purifier,Home Decor,East,11,170,0.08,1720.4,481.71
9301,2026-08-15,Projector,Office Supplies,North,11,680,0.18,6133.6,1717.41
9302,2026-08-15,Air Purifier,Home Decor,North,4,170,0.0,680.0,190.4
9303,2026-08-15,Inkjet Printer,Office Supplies,South,9,180,0.18,1328.4,371.95
9304,2026-08-15,4K Monitor,Electronics,South,9,420,0.12,3326.4,931.39
9305,2026-08-15,Storage Cabinet,Furniture,North,9,280,0.05,2394.0,670.32
9306,2026-08-15,Wireless Mouse,Electronics,West,5,45,0.08,207.0,57.96
9307,2026-08-16,Inkjet Printer,Office Supplies,East,4,180,0.05,684.0,191.52
9308,2026-08-16,Desk Lamp,Home Decor,West,10,60,0.18,492.0,137.76
9309,2026-08-16,Projector,Office Supplies,North,6,680,0.18,3345.6,936.77
9310,2026-08-16,Smart Speaker,Electronics,North,6,95,0.12,501.6,140.45
9311,2026-08-16,Standing Desk,Furniture,South,10,550,0.0,5500.0,1540.0
9312,2026-08-16,Plant Pot,Home Decor,North,1,30,0.0,30.0,8.4
9313,2026-08-16,Ergonomic Chair,Furniture,East,1,320,0.12,281.6,78.85
9314,2026-08-16,Notebook Set,Office Supplies,East,2,18,0.08,33.12,9.27
9315,2026-08-16,Projector,Office Supplies,East,5,680,0.2,2720.0,761.6
9316,2026-08-16,Smart Speaker,Electronics,South,2,95,0.0,190.0,53.2
9317,2026-08-16,Standing Desk,Furniture,East,7,550,0.08,3542.0,991.76
9318,2026-08-17,"Monitor 27""",Electronics,North,4,390,0.18,1279.2,358.18
9319,2026-08-17,Plant Pot,Home Decor,South,8,30,0.2,192.0,53.76
9320,2026-08-17,Office Chair,Furniture,South,8,240,0.05,1824.0,510.72
9321,2026-08-17,Office Chair,Furniture,South,1,240,0.18,196.8,55.1
9322,2026-08-17,Wireless Mouse,Electronics,West,4,45,0.0,180.0,50.4
9323,2026-08-17,Plant Pot,Home Decor,East,3,30,0.12,79.2,22.18
9324,2026-08-17,Projector,Office Supplies,South,7,680,0.2,3808.0,1066.24
9325,2026-08-17,Air Purifier,Home Decor,South,6,170,0.2,816.0,228.48
9326,2026-08-17,Wireless Headset,Electronics,West,6,120,0.2,576.0,161.28
9327,2026-08-17,Office Chair,Furniture,East,1,240,0.18,196.8,55.1
9328,2026-08-17,Notebook Set,Office Supplies,East,6,18,0.2,86.4,24.19
9329,2026-08-17,Storage Cabinet,Furniture,North,9,280,0.2,2016.0,564.48
9330,2026-08-18,Office Chair,Furniture,South,8,240,0.12,1689.6,473.09
9331,2026-08-18,Air Purifier,Home Decor,South,2,170,0.0,340.0,95.2
9332,2026-08-18,Inkjet Printer,Office Supplies,North,9,180,0.12,1425.6,399.17
9333,2026-08-18,Wireless Headset,Electronics,East,11,120,0.2,1056.0,295.68
9334,2026-08-18,Air Purifier,Home Decor,West,8,170,0.12,1196.8,335.1
9335,2026-08-18,Air Purifier,Home Decor,North,2,170,0.08,312.8,87.58
9336,2026-08-18,Ergonomic Chair,Furniture,South,9,320,0.2,2304.0,645.12
9337,2026-08-18,Executive Desk,Furniture,North,9,910,0.18,6715.8,1880.42
9338,2026-08-18,Inkjet Printer,Office Supplies,North,10,180,0.0,1800.0,504.0
9339,2026-08-18,Standing Desk,Furniture,West,7,550,0.12,3388.0,948.64
9340,2026-08-18,Executive Desk,Furniture,North,8,910,0.2,5824.0,1630.72
9341,2026-08-18,Executive Desk,Furniture,South,11,910,0.2,8008.0,2242.24
9342,2026-08-18,Storage Cabinet,Furniture,North,8,280,0.2,1792.0,501.76
9343,2026-08-18,Tablet Air,Electronics,West,6,680,0.05,3876.0,1085.28
9344,2026-08-19,Projector,Office Supplies,East,1,680,0.05,646.0,180.88
9345,2026-08-19,Ergonomic Chair,Furniture,South,10,320,0.05,3040.0,851.2
9346,2026-08-19,Inkjet Printer,Office Supplies,West,11,180,0.18,1623.6,454.61
9347,2026-08-19,Desk Lamp,Home Decor,East,7,60,0.0,420.0,117.6
9348,2026-08-19,Air Purifier,Home Decor,East,10,170,0.08,1564.0,437.92
9349,2026-08-19,Tablet Air,Electronics,East,11,680,0.05,7106.0,1989.68
9350,2026-08-19,Executive Desk,Furniture,North,11,910,0.12,8808.8,2466.46
9351,2026-08-19,Wireless Headset,Electronics,West,5,120,0.12,528.0,147.84
9352,2026-08-19,Notebook Set,Office Supplies,East,7,18,0.05,119.7,33.52
9353,2026-08-19,Executive Desk,Furniture,West,5,910,0.0,4550.0,1274.0
9354,2026-08-19,Plant Pot,Home Decor,North,4,30,0.18,98.4,27.55
9355,2026-08-19,Plant Pot,Home Decor,East,11,30,0.18,270.6,75.77
9356,2026-08-19,Plant Pot,Home Decor,North,2,30,0.2,48.0,13.44
9357,2026-08-19,Ergonomic Chair,Furniture,East,6,320,0.0,1920.0,537.6
9358,2026-08-20,Office Chair,Furniture,West,8,240,0.18,1574.4,440.83
9359,2026-08-20,Plant Pot,Home Decor,South,8,30,0.05,228.0,63.84
9360,2026-08-20,Plant Pot,Home Decor,West,4,30,0.0,120.0,33.6
9361,2026-08-20,Inkjet Printer,Office Supplies,South,6,180,0.12,950.4,266.11
9362,2026-08-20,Wireless Mouse,Electronics,South,4,45,0.12,158.4,44.35
9363,2026-08-20,Color Printer,Office Supplies,North,11,260,0.18,2345.2,656.66
9364,2026-08-20,Tablet Air,Electronics,West,7,680,0.18,3903.2,1092.9
9365,2026-08-20,Air Purifier,Home Decor,West,3,170,0.0,510.0,142.8
9366,2026-08-20,Color Printer,Office Supplies,East,3,260,0.2,624.0,174.72
9367,2026-08-20,Executive Desk,Furniture,East,10,910,0.18,7462.0,2089.36
9368,2026-08-20,Projector,Office Supplies,North,8,680,0.12,4787.2,1340.42
9369,2026-08-20,Plant Pot,Home Decor,East,4,30,0.0,120.0,33.6
9370,2026-08-20,Notebook Set,Office Supplies,North,6,18,0.2,86.4,24.19
9371,2026-08-20,Notebook Set,Office Supplies,North,5,18,0.08,82.8,23.18
9372,2026-08-20,Laptop Pro 14,Electronics,North,7,1200,0.12,7392.0,2069.76
9373,2026-08-20,Ergonomic Chair,Furniture,North,10,320,0.0,3200.0,896.0
9374,2026-08-20,Inkjet Printer,Office Supplies,South,6,180,0.12,950.4,266.11
9375,2026-08-21,Notebook Set,Office Supplies,East,6,18,0.2,86.4,24.19
9376,2026-08-21,Projector,Office Supplies,East,7,680,0.05,4522.0,1266.16
9377,2026-08-21,Standing Desk,Furniture,East,11,550,0.0,6050.0,1694.0
9378,2026-08-21,Air Purifier,Home Decor,South,4,170,0.12,598.4,167.55
9379,2026-08-21,Plant Pot,Home Decor,South,1,30,0.12,26.4,7.39
9380,2026-08-21,Laptop Pro 14,Electronics,East,9,1200,0.05,10260.0,2872.8
9381,2026-08-21,Notebook Set,Office Supplies,East,1,18,0.18,14.76,4.13
9382,2026-08-21,USB-C Dock,Electronics,South,3,120,0.12,316.8,88.7
9383,2026-08-21,USB-C Dock,Electronics,East,6,120,0.08,662.4,185.47
9384,2026-08-21,Office Chair,Furniture,West,1,240,0.05,228.0,63.84
9385,2026-08-21,Smart Speaker,Electronics,West,10,95,0.08,874.0,244.72
9386,2026-08-21,Inkjet Printer,Office Supplies,South,10,180,0.05,1710.0,478.8
9387,2026-08-21,Standing Desk,Furniture,North,1,550,0.18,451.0,126.28
9388,2026-08-21,Desk Lamp,Home Decor,East,3,60,0.0,180.0,50.4
9389,2026-08-21,Notebook Set,Office Supplies,West,4,18,0.18,59.04,16.53
9390,2026-08-21,Standing Desk,Furniture,East,3,550,0.08,1518.0,425.04
9391,2026-08-21,Office Chair,Furniture,East,8,240,0.12,1689.6,473.09
9392,2026-08-22,Office Chair,Furniture,West,11,240,0.18,2164.8,606.14
9393,2026-08-22,Air Purifier,Home Decor,South,2,170,0.05,323.0,90.44
9394,2026-08-22,Notebook Set,Office Supplies,North,7,18,0.05,119.7,33.52
9395,2026-08-22,Projector,Office Supplies,North,8,680,0.18,4460.8,1249.02
9396,2026-08-22,Tablet Air,Electronics,East,7,680,0.0,4760.0,1332.8
9397,2026-08-22,Storage Cabinet,Furniture,North,9,280,0.12,2217.6,620.93
9398,2026-08-22,Plant Pot,Home Decor,East,7,30,0.12,184.8,51.74
9399,2026-08-22,Executive Desk,Furniture,North,9,910,0.08,7534.8,2109.74
9400,2026-08-22,Ergonomic Chair,Furniture,North,5,320,0.05,1520.0,425.6
9401,2026-08-22,Desk Lamp,Home Decor,North,1,60,0.2,48.0,13.44
9402,2026-08-22,Wireless Mouse,Electronics,North,3,45,0.0,135.0,37.8
9403,2026-08-22,Plant Pot,Home Decor,East,10,30,0.12,264.0,73.92
9404,2026-08-22,Wireless Headset,Electronics,South,5,120,0.05,570.0,159.6
9405,2026-08-22,Desk Lamp,Home Decor,North,5,60,0.18,246.0,68.88
9406,2026-08-22,Air Purifier,Home Decor,North,10,170,0.12,1496.0,418.88
9407,2026-08-22,Inkjet Printer,Office Supplies,East,3,180,0.12,475.2,133.06
9408,2026-08-22,"Monitor 27""",Electronics,South,10,390,0.12,3432.0,960.96
9409,2026-08-23,Ergonomic Chair,Furniture,South,9,320,0.05,2736.0,766.08
9410,2026-08-23,USB-C Dock,Electronics,West,9,120,0.18,885.6,247.97
9411,2026-08-23,Storage Cabinet,Furniture,East,1,280,0.2,224.0,62.72
9412,2026-08-23,Color Printer,Office Supplies,North,3,260,0.2,624.0,174.72
9413,2026-08-23,Wireless Mouse,Electronics,South,3,45,0.18,110.7,31.0
9414,2026-08-23,Tablet Air,Electronics,West,3,680,0.12,1795.2,502.66
9415,2026-08-23,Projector,Office Supplies,East,11,680,0.0,7480.0,2094.4
9416,2026-08-23,Projector,Office Supplies,North,3,680,0.0,2040.0,571.2
9417,2026-08-23,Air Purifier,Home Decor,North,3,170,0.08,469.2,131.38
9418,2026-08-23,Air Purifier,Home Decor,West,10,170,0.12,1496.0,418.88
9419,2026-08-23,Executive Desk,Furniture,South,11,910,0.08,9209.2,2578.58
9420,2026-08-23,Plant Pot,Home Decor,East,5,30,0.08,138.0,38.64
9421,2026-08-23,Desk Lamp,Home Decor,North,5,60,0.2,240.0,67.2
9422,2026-08-23,Desk Lamp,Home Decor,East,3,60,0.18,147.6,41.33
9423,2026-08-24,4K Monitor,Electronics,West,1,420,0.08,386.4,108.19
9424,2026-08-24,Color Printer,Office Supplies,North,1,260,0.2,208.0,58.24
9425,2026-08-24,Air Purifier,Home Decor,East,8,170,0.08,1251.2,350.34
9426,2026-08-24,Inkjet Printer,Office Supplies,North,4,180,0.05,684.0,191.52
9427,2026-08-24,Ergonomic Chair,Furniture,North,5,320,0.08,1472.0,412.16
9428,2026-08-24,"Monitor 27""",Electronics,East,5,390,0.0,1950.0,546.0
9429,2026-08-24,Color Printer,Office Supplies,South,1,260,0.0,260.0,72.8
9430,2026-08-24,Tablet Air,Electronics,South,5,680,0.18,2788.0,780.64
9431,2026-08-24,Notebook Set,Office Supplies,West,3,18,0.18,44.28,12.4
9432,2026-08-24,Desk Lamp,Home Decor,North,6,60,0.05,342.0,95.76
9433,2026-08-24,Air Purifier,Home Decor,West,10,170,0.05,1615.0,452.2
9434,2026-08-24,Wireless Headset,Electronics,East,10,120,0.12,1056.0,295.68
9435,2026-08-24,Desk Lamp,Home Decor,North,1,60,0.08,55.2,15.46
9436,2026-08-25,Inkjet Printer,Office Supplies,South,7,180,0.18,1033.2,289.3
9437,2026-08-25,"Monitor 27""",Electronics,West,4,390,0.18,1279.2,358.18
9438,2026-08-25,Storage Cabinet,Furniture,West,4,280,0.2,896.0,250.88
9439,2026-08-25,Projector,Office Supplies,West,11,680,0.12,6582.4,1843.07
9440,2026-08-25,Plant Pot,Home Decor,South,5,30,0.0,150.0,42.0
9441,2026-08-25,Air Purifier,Home Decor,East,7,170,0.12,1047.2,293.22
9442,2026-08-25,Executive Desk,Furniture,West,3,910,0.08,2511.6,703.25
9443,2026-08-25,4K Monitor,Electronics,East,7,420,0.05,2793.0,782.04
9444,2026-08-26,Air Purifier,Home Decor,South,9,170,0.12,1346.4,376.99
9445,2026-08-26,Notebook Set,Office Supplies,East,2,18,0.05,34.2,9.58
9446,2026-08-26,Storage Cabinet,Furniture,West,1,280,0.2,224.0,62.72
9447,2026-08-26,Tablet Air,Electronics,South,11,680,0.12,6582.4,1843.07
9448,2026-08-26,Standing Desk,Furniture,South,7,550,0.2,3080.0,862.4
9449,2026-08-26,Standing Desk,Furniture,South,3,550,0.2,1320.0,369.6
9450,2026-08-26,4K Monitor,Electronics,North,9,420,0.08,3477.6,973.73
9451,2026-08-26,USB-C Dock,Electronics,East,10,120,0.05,1140.0,319.2
9452,2026-08-27,Inkjet Printer,Office Supplies,West,5,180,0.08,828.0,231.84
9453,2026-08-27,Projector,Office Supplies,West,8,680,0.0,5440.0,1523.2
9454,2026-08-27,Standing Desk,Furniture,North,10,550,0.18,4510.0,1262.8
9455,2026-08-27,"Monitor 27""",Electronics,South,1,390,0.08,358.8,100.46
9456,2026-08-27,Wireless Headset,Electronics,West,5,120,0.05,570.0,159.6
9457,2026-08-27,Office Chair,Furniture,North,8,240,0.0,1920.0,537.6
9458,2026-08-27,Ergonomic Chair,Furniture,South,2,320,0.18,524.8,146.94
9459,2026-08-27,Inkjet Printer,Office Supplies,South,1,180,0.12,158.4,44.35
9460,2026-08-27,Laptop Pro 14,Electronics,West,8,1200,0.18,7872.0,2204.16
9461,2026-08-27,Ergonomic Chair,Furniture,North,3,320,0.18,787.2,220.42
9462,2026-08-27,Executive Desk,Furniture,West,11,910,0.0,10010.0,2802.8
9463,2026-08-27,Projector,Office Supplies,North,10,680,0.12,5984.0,1675.52
9464,2026-08-27,Executive Desk,Furniture,West,2,910,0.18,1492.4,417.87
9465,2026-08-27,Desk Lamp,Home Decor,East,2,60,0.08,110.4,30.91
9466,2026-08-28,Desk Lamp,Home Decor,South,9,60,0.2,432.0,120.96
9467,2026-08-28,Office Chair,Furniture,South,10,240,0.2,1920.0,537.6
9468,2026-08-28,Inkjet Printer,Office Supplies,South,1,180,0.0,180.0,50.4
9469,2026-08-28,Desk Lamp,Home Decor,North,7,60,0.2,336.0,94.08
9470,2026-08-28,Projector,Office Supplies,North,1,680,0.12,598.4,167.55
9471,2026-08-28,Color Printer,Office Supplies,West,2,260,0.2,416.0,116.48
9472,2026-08-28,USB-C Dock,Electronics,West,8,120,0.05,912.0,255.36
9473,2026-08-28,Projector,Office Supplies,North,11,680,0.12,6582.4,1843.07
9474,2026-08-28,Laptop Pro 14,Electronics,West,4,1200,0.2,3840.0,1075.2
9475,2026-08-28,Storage Cabinet,Furniture,West,9,280,0.05,2394.0,670.32
9476,2026-08-28,Plant Pot,Home Decor,West,1,30,0.12,26.4,7.39
9477,2026-08-28,Wireless Headset,Electronics,West,8,120,0.08,883.2,247.3
9478,2026-08-28,Plant Pot,Home Decor,East,11,30,0.08,303.6,85.01
9479,2026-08-28,"Monitor 27""",Electronics,South,9,390,0.18,2878.2,805.9
9480,2026-08-28,Executive Desk,Furniture,North,3,910,0.12,2402.4,672.67
9481,2026-08-28,Projector,Office Supplies,East,2,680,0.18,1115.2,312.26
9482,2026-08-28,Storage Cabinet,Furniture,South,9,280,0.05,2394.0,670.32
9483,2026-08-29,Wireless Headset,Electronics,North,11,120,0.2,1056.0,295.68
9484,2026-08-29,Desk Lamp,Home Decor,West,2,60,0.05,114.0,31.92
9485,2026-08-29,Wireless Mouse,Electronics,South,7,45,0.2,252.0,70.56
9486,2026-08-29,"Monitor 27""",Electronics,East,3,390,0.18,959.4,268.63
9487,2026-08-29,Color Printer,Office Supplies,North,2,260,0.2,416.0,116.48
9488,2026-08-29,Desk Lamp,Home Decor,East,6,60,0.12,316.8,88.7
9489,2026-08-29,Color Printer,Office Supplies,North,1,260,0.2,208.0,58.24
9490,2026-08-29,Notebook Set,Office Supplies,North,3,18,0.12,47.52,13.31
9491,2026-08-29,Notebook Set,Office Supplies,North,3,18,0.08,49.68,13.91
9492,2026-08-29,"Monitor 27""",Electronics,North,11,390,0.2,3432.0,960.96
9493,2026-08-29,Office Chair,Furniture,East,1,240,0.05,228.0,63.84
9494,2026-08-29,Wireless Headset,Electronics,West,7,120,0.0,840.0,235.2
9495,2026-08-29,"Monitor 27""",Electronics,North,2,390,0.05,741.0,207.48
9496,2026-08-30,4K Monitor,Electronics,South,2,420,0.0,840.0,235.2
9497,2026-08-30,Desk Lamp,Home Decor,West,9,60,0.2,432.0,120.96
9498,2026-08-30,Air Purifier,Home Decor,West,10,170,0.05,1615.0,452.2
9499,2026-08-30,Projector,Office Supplies,West,2,680,0.0,1360.0,380.8
9500,2026-08-30,Wireless Headset,Electronics,South,7,120,0.0,840.0,235.2
9501,2026-08-30,Tablet Air,Electronics,South,1,680,0.05,646.0,180.88
9502,2026-08-30,Ergonomic Chair,Furniture,West,3,320,0.12,844.8,236.54
9503,2026-08-30,Ergonomic Chair,Furniture,South,4,320,0.12,1126.4,315.39
9504,2026-08-30,Notebook Set,Office Supplies,North,3,18,0.2,43.2,12.1
9505,2026-08-30,Ergonomic Chair,Furniture,South,4,320,0.0,1280.0,358.4
9506,2026-08-30,Office Chair,Furniture,West,4,240,0.12,844.8,236.54
9507,2026-08-30,Office Chair,Furniture,East,11,240,0.2,2112.0,591.36
9508,2026-08-30,Ergonomic Chair,Furniture,East,3,320,0.18,787.2,220.42
9509,2026-08-31,"Monitor 27""",Electronics,West,5,390,0.18,1599.0,447.72
9510,2026-08-31,Desk Lamp,Home Decor,West,5,60,0.12,264.0,73.92
9511,2026-08-31,Plant Pot,Home Decor,East,7,30,0.12,184.8,51.74
9512,2026-08-31,Desk Lamp,Home Decor,West,7,60,0.05,399.0,111.72
9513,2026-08-31,Notebook Set,Office Supplies,West,2,18,0.08,33.12,9.27
9514,2026-08-31,Plant Pot,Home Decor,South,6,30,0.08,165.6,46.37
9515,2026-08-31,Inkjet Printer,Office Supplies,South,4,180,0.12,633.6,177.41
9516,2026-08-31,Plant Pot,Home Decor,South,3,30,0.05,85.5,23.94
9517,2026-08-31,Air Purifier,Home Decor,West,7,170,0.12,1047.2,293.22
9518,2026-08-31,Color Printer,Office Supplies,West,4,260,0.0,1040.0,291.2
9519,2026-08-31,Standing Desk,Furniture,North,1,550,0.0,550.0,154.0
9520,2026-08-31,Color Printer,Office Supplies,West,4,260,0.05,988.0,276.64
9521,2026-08-31,Executive Desk,Furniture,West,9,910,0.12,7207.2,2018.02
9522,2026-09-01,"Monitor 27""",Electronics,North,2,390,0.08,717.6,200.93
9523,2026-09-01,Plant Pot,Home Decor,West,7,30,0.18,172.2,48.22
9524,2026-09-01,Tablet Air,Electronics,North,5,680,0.18,2788.0,780.64
9525,2026-09-01,Inkjet Printer,Office Supplies,South,5,180,0.08,828.0,231.84
9526,2026-09-01,Smart Speaker,Electronics,North,2,95,0.08,174.8,48.94
9527,2026-09-01,Wireless Headset,Electronics,East,3,120,0.2,288.0,80.64
9528,2026-09-01,Inkjet Printer,Office Supplies,North,5,180,0.2,720.0,201.6
9529,2026-09-01,Wireless Mouse,Electronics,South,11,45,0.05,470.25,131.67
9530,2026-09-01,Color Printer,Office Supplies,North,10,260,0.0,2600.0,728.0
9531,2026-09-01,Color Printer,Office Supplies,East,10,260,0.18,2132.0,596.96
9532,2026-09-01,Notebook Set,Office Supplies,South,4,18,0.08,66.24,18.55
9533,2026-09-01,Wireless Mouse,Electronics,South,8,45,0.2,288.0,80.64
9534,2026-09-01,Desk Lamp,Home Decor,West,6,60,0.08,331.2,92.74
9535,2026-09-01,Wireless Headset,Electronics,South,6,120,0.2,576.0,161.28
9536,2026-09-01,Inkjet Printer,Office Supplies,East,9,180,0.12,1425.6,399.17
9537,2026-09-01,Smart Speaker,Electronics,North,11,95,0.05,992.75,277.97
9538,2026-09-01,Office Chair,Furniture,West,3,240,0.2,576.0,161.28
9539,2026-09-02,Notebook Set,Office Supplies,East,7,18,0.08,115.92,32.46
9540,2026-09-02,Notebook Set,Office Supplies,East,2,18,0.05,34.2,9.58
9541,2026-09-02,Standing Desk,Furniture,West,10,550,0.08,5060.0,1416.8
9542,2026-09-02,Inkjet Printer,Office Supplies,North,11,180,0.08,1821.6,510.05
9543,2026-09-02,Plant Pot,Home Decor,North,6,30,0.18,147.6,41.33
9544,2026-09-02,Office Chair,Furniture,North,10,240,0.08,2208.0,618.24
9545,2026-09-02,Executive Desk,Furniture,West,11,910,0.0,10010.0,2802.8
9546,2026-09-02,Inkjet Printer,Office Supplies,East,6,180,0.18,885.6,247.97
9547,2026-09-02,Storage Cabinet,Furniture,South,8,280,0.2,1792.0,501.76
9548,2026-09-02,USB-C Dock,Electronics,North,7,120,0.12,739.2,206.98
9549,2026-09-02,Plant Pot,Home Decor,West,8,30,0.12,211.2,59.14
9550,2026-09-02,Color Printer,Office Supplies,North,9,260,0.08,2152.8,602.78
9551,2026-09-02,USB-C Dock,Electronics,West,8,120,0.05,912.0,255.36
9552,2026-09-02,Air Purifier,Home Decor,South,6,170,0.2,816.0,228.48
9553,2026-09-02,Laptop Pro 14,Electronics,South,1,1200,0.05,1140.0,319.2
9554,2026-09-03,Storage Cabinet,Furniture,South,2,280,0.12,492.8,137.98
9555,2026-09-03,Executive Desk,Furniture,West,6,910,0.2,4368.0,1223.04
9556,2026-09-03,4K Monitor,Electronics,South,4,420,0.2,1344.0,376.32
9557,2026-09-03,Executive Desk,Furniture,West,5,910,0.05,4322.5,1210.3
9558,2026-09-03,Storage Cabinet,Furniture,South,3,280,0.2,672.0,188.16
9559,2026-09-03,Projector,Office Supplies,East,4,680,0.05,2584.0,723.52
9560,2026-09-03,Plant Pot,Home Decor,South,9,30,0.12,237.6,66.53
9561,2026-09-03,Notebook Set,Office Supplies,North,7,18,0.05,119.7,33.52
9562,2026-09-03,Office Chair,Furniture,East,7,240,0.05,1596.0,446.88
9563,2026-09-03,Projector,Office Supplies,East,9,680,0.2,4896.0,1370.88
9564,2026-09-03,Desk Lamp,Home Decor,South,4,60,0.18,196.8,55.1
9565,2026-09-03,Office Chair,Furniture,West,8,240,0.0,1920.0,537.6
9566,2026-09-03,Notebook Set,Office Supplies,East,3,18,0.0,54.0,15.12
9567,2026-09-03,Inkjet Printer,Office Supplies,East,6,180,0.08,993.6,278.21
9568,2026-09-04,Office Chair,Furniture,West,6,240,0.0,1440.0,403.2
9569,2026-09-04,Air Purifier,Home Decor,North,3,170,0.05,484.5,135.66
9570,2026-09-04,Air Purifier,Home Decor,South,2,170,0.12,299.2,83.78
9571,2026-09-04,Standing Desk,Furniture,South,3,550,0.0,1650.0,462.0
9572,2026-09-04,Inkjet Printer,Office Supplies,East,7,180,0.18,1033.2,289.3
9573,2026-09-04,Desk Lamp,Home Decor,West,7,60,0.0,420.0,117.6
9574,2026-09-04,Air Purifier,Home Decor,South,5,170,0.2,680.0,190.4
9575,2026-09-04,Storage Cabinet,Furniture,East,4,280,0.08,1030.4,288.51
9576,2026-09-05,Wireless Mouse,Electronics,South,2,45,0.08,82.8,23.18
9577,2026-09-05,USB-C Dock,Electronics,East,3,120,0.12,316.8,88.7
9578,2026-09-05,Wireless Mouse,Electronics,South,2,45,0.2,72.0,20.16
9579,2026-09-05,Ergonomic Chair,Furniture,South,5,320,0.0,1600.0,448.0
9580,2026-09-05,Plant Pot,Home Decor,South,10,30,0.08,276.0,77.28
9581,2026-09-05,Notebook Set,Office Supplies,South,9,18,0.05,153.9,43.09
9582,2026-09-05,Standing Desk,Furniture,East,4,550,0.2,1760.0,492.8
9583,2026-09-05,Office Chair,Furniture,West,10,240,0.18,1968.0,551.04
9584,2026-09-05,Inkjet Printer,Office Supplies,North,2,180,0.08,331.2,92.74
9585,2026-09-05,Notebook Set,Office Supplies,West,11,18,0.0,198.0,55.44
9586,2026-09-05,Tablet Air,Electronics,North,2,680,0.05,1292.0,361.76
9587,2026-09-05,Notebook Set,Office Supplies,North,5,18,0.12,79.2,22.18
9588,2026-09-05,Plant Pot,Home Decor,South,6,30,0.08,165.6,46.37
9589,2026-09-05,Notebook Set,Office Supplies,East,11,18,0.18,162.36,45.46
9590,2026-09-05,Notebook Set,Office Supplies,West,8,18,0.12,126.72,35.48
9591,2026-09-06,Color Printer,Office Supplies,East,2,260,0.0,520.0,145.6
9592,2026-09-06,Executive Desk,Furniture,South,8,910,0.2,5824.0,1630.72
9593,2026-09-06,Desk Lamp,Home Decor,East,1,60,0.0,60.0,16.8
9594,2026-09-06,Projector,Office Supplies,North,7,680,0.05,4522.0,1266.16
9595,2026-09-06,"Monitor 27""",Electronics,South,9,390,0.2,2808.0,786.24
9596,2026-09-06,Plant Pot,Home Decor,West,6,30,0.05,171.0,47.88
9597,2026-09-06,Notebook Set,Office Supplies,South,10,18,0.2,144.0,40.32
9598,2026-09-06,Standing Desk,Furniture,East,2,550,0.2,880.0,246.4
9599,2026-09-06,Standing Desk,Furniture,North,5,550,0.18,2255.0,631.4
9600,2026-09-07,Color Printer,Office Supplies,South,11,260,0.2,2288.0,640.64
9601,2026-09-07,Projector,Office Supplies,South,5,680,0.18,2788.0,780.64
9602,2026-09-07,Executive Desk,Furniture,West,11,910,0.05,9509.5,2662.66
9603,2026-09-07,Storage Cabinet,Furniture,East,9,280,0.05,2394.0,670.32
9604,2026-09-07,Laptop Pro 14,Electronics,West,11,1200,0.0,13200.0,3696.0
9605,2026-09-07,Plant Pot,Home Decor,East,2,30,0.2,48.0,13.44
9606,2026-09-07,Desk Lamp,Home Decor,East,10,60,0.05,570.0,159.6
9607,2026-09-07,Inkjet Printer,Office Supplies,East,7,180,0.18,1033.2,289.3
9608,2026-09-07,Color Printer,Office Supplies,North,10,260,0.05,2470.0,691.6
9609,2026-09-07,Ergonomic Chair,Furniture,West,7,320,0.05,2128.0,595.84
9610,2026-09-07,Standing Desk,Furniture,East,8,550,0.18,3608.0,1010.24
9611,2026-09-07,Air Purifier,Home Decor,West,10,170,0.05,1615.0,452.2
9612,2026-09-07,Standing Desk,Furniture,South,6,550,0.12,2904.0,813.12
9613,2026-09-07,Desk Lamp,Home Decor,West,7,60,0.2,336.0,94.08
9614,2026-09-07,Desk Lamp,Home Decor,West,10,60,0.05,570.0,159.6
9615,2026-09-07,Wireless Mouse,Electronics,West,5,45,0.12,198.0,55.44
9616,2026-09-08,Ergonomic Chair,Furniture,East,2,320,0.18,524.8,146.94
9617,2026-09-08,Storage Cabinet,Furniture,North,2,280,0.05,532.0,148.96
9618,2026-09-08,Projector,Office Supplies,West,4,680,0.12,2393.6,670.21
9619,2026-09-08,Standing Desk,Furniture,East,8,550,0.18,3608.0,1010.24
9620,2026-09-08,Wireless Headset,Electronics,South,4,120,0.0,480.0,134.4
9621,2026-09-08,"Monitor 27""",Electronics,North,4,390,0.12,1372.8,384.38
9622,2026-09-08,4K Monitor,Electronics,South,9,420,0.12,3326.4,931.39
9623,2026-09-08,Plant Pot,Home Decor,North,2,30,0.05,57.0,15.96
9624,2026-09-08,Color Printer,Office Supplies,West,11,260,0.18,2345.2,656.66
9625,2026-09-08,Ergonomic Chair,Furniture,West,8,320,0.08,2355.2,659.46
9626,2026-09-09,Wireless Headset,Electronics,West,6,120,0.12,633.6,177.41
9627,2026-09-09,USB-C Dock,Electronics,South,11,120,0.05,1254.0,351.12
9628,2026-09-09,Storage Cabinet,Furniture,East,11,280,0.08,2833.6,793.41
9629,2026-09-09,Tablet Air,Electronics,East,6,680,0.2,3264.0,913.92
9630,2026-09-09,Executive Desk,Furniture,West,3,910,0.2,2184.0,611.52
9631,2026-09-09,Desk Lamp,Home Decor,South,2,60,0.0,120.0,33.6
9632,2026-09-09,Desk Lamp,Home Decor,East,3,60,0.05,171.0,47.88
9633,2026-09-09,Desk Lamp,Home Decor,North,1,60,0.18,49.2,13.78
9634,2026-09-09,Wireless Mouse,Electronics,South,11,45,0.12,435.6,121.97
9635,2026-09-09,4K Monitor,Electronics,West,8,420,0.0,3360.0,940.8
9636,2026-09-09,Tablet Air,Electronics,West,10,680,0.08,6256.0,1751.68
9637,2026-09-09,Notebook Set,Office Supplies,North,3,18,0.12,47.52,13.31
9638,2026-09-09,Executive Desk,Furniture,South,7,910,0.2,5096.0,1426.88
9639,2026-09-09,Projector,Office Supplies,West,7,680,0.2,3808.0,1066.24
9640,2026-09-09,USB-C Dock,Electronics,North,2,120,0.0,240.0,67.2
9641,2026-09-09,"Monitor 27""",Electronics,East,11,390,0.2,3432.0,960.96
9642,2026-09-10,Ergonomic Chair,Furniture,North,1,320,0.08,294.4,82.43
9643,2026-09-10,Desk Lamp,Home Decor,South,11,60,0.08,607.2,170.02
9644,2026-09-10,Projector,Office Supplies,North,6,680,0.08,3753.6,1051.01
9645,2026-09-10,Wireless Mouse,Electronics,East,8,45,0.12,316.8,88.7
9646,2026-09-10,Color Printer,Office Supplies,North,1,260,0.08,239.2,66.98
9647,2026-09-10,Projector,Office Supplies,West,10,680,0.05,6460.0,1808.8
9648,2026-09-10,Notebook Set,Office Supplies,South,2,18,0.2,28.8,8.06
9649,2026-09-10,Executive Desk,Furniture,North,11,910,0.12,8808.8,2466.46
9650,2026-09-10,Laptop Pro 14,Electronics,North,1,1200,0.0,1200.0,336.0
9651,2026-09-11,Desk Lamp,Home Decor,East,1,60,0.05,57.0,15.96
9652,2026-09-11,4K Monitor,Electronics,East,11,420,0.2,3696.0,1034.88
9653,2026-09-11,USB-C Dock,Electronics,East,9,120,0.18,885.6,247.97
9654,2026-09-11,Standing Desk,Furniture,West,8,550,0.2,3520.0,985.6
9655,2026-09-11,Wireless Mouse,Electronics,West,9,45,0.2,324.0,90.72
9656,2026-09-11,Office Chair,Furniture,North,9,240,0.08,1987.2,556.42
9657,2026-09-11,Wireless Headset,Electronics,South,2,120,0.18,196.8,55.1
9658,2026-09-11,Plant Pot,Home Decor,West,8,30,0.0,240.0,67.2
9659,2026-09-11,Office Chair,Furniture,North,11,240,0.12,2323.2,650.5
9660,2026-09-11,Color Printer,Office Supplies,East,6,260,0.12,1372.8,384.38
9661,2026-09-11,Color Printer,Office Supplies,South,5,260,0.18,1066.0,298.48
9662,2026-09-11,Desk Lamp,Home Decor,South,7,60,0.12,369.6,103.49
9663,2026-09-11,Standing Desk,Furniture,East,5,550,0.0,2750.0,770.0
9664,2026-09-11,Air Purifier,Home Decor,North,3,170,0.12,448.8,125.66
9665,2026-09-11,Desk Lamp,Home Decor,West,2,60,0.12,105.6,29.57
9666,2026-09-12,Plant Pot,Home Decor,East,1,30,0.0,30.0,8.4
9667,2026-09-12,Air Purifier,Home Decor,North,11,170,0.2,1496.0,418.88
9668,2026-09-12,Wireless Mouse,Electronics,North,9,45,0.12,356.4,99.79
9669,2026-09-12,Inkjet Printer,Office Supplies,South,8,180,0.0,1440.0,403.2
9670,2026-09-12,Notebook Set,Office Supplies,West,3,18,0.0,54.0,15.12
9671,2026-09-12,Ergonomic Chair,Furniture,East,10,320,0.18,2624.0,734.72
9672,2026-09-12,Executive Desk,Furniture,East,3,910,0.0,2730.0,764.4
9673,2026-09-12,Smart Speaker,Electronics,West,6,95,0.08,524.4,146.83
9674,2026-09-12,Storage Cabinet,Furniture,East,1,280,0.12,246.4,68.99
9675,2026-09-12,Air Purifier,Home Decor,South,10,170,0.05,1615.0,452.2
9676,2026-09-12,Laptop Pro 14,Electronics,North,3,1200,0.2,2880.0,806.4
9677,2026-09-12,Plant Pot,Home Decor,South,4,30,0.0,120.0,33.6
9678,2026-09-12,4K Monitor,Electronics,East,8,420,0.05,3192.0,893.76
9679,2026-09-12,Plant Pot,Home Decor,West,6,30,0.05,171.0,47.88
9680,2026-09-12,Desk Lamp,Home Decor,South,8,60,0.18,393.6,110.21
9681,2026-09-12,Inkjet Printer,Office Supplies,South,5,180,0.2,720.0,201.6
9682,2026-09-13,Plant Pot,Home Decor,North,4,30,0.0,120.0,33.6
9683,2026-09-13,Desk Lamp,Home Decor,North,7,60,0.2,336.0,94.08
9684,2026-09-13,Plant Pot,Home Decor,West,4,30,0.2,96.0,26.88
9685,2026-09-13,Color Printer,Office Supplies,West,10,260,0.0,2600.0,728.0
9686,2026-09-13,Notebook Set,Office Supplies,West,7,18,0.05,119.7,33.52
9687,2026-09-13,Office Chair,Furniture,East,3,240,0.18,590.4,165.31
9688,2026-09-13,Notebook Set,Office Supplies,South,10,18,0.08,165.6,46.37
9689,2026-09-13,USB-C Dock,Electronics,West,7,120,0.2,672.0,188.16
9690,2026-09-13,Wireless Headset,Electronics,East,11,120,0.12,1161.6,325.25
9691,2026-09-13,Plant Pot,Home Decor,North,8,30,0.0,240.0,67.2
9692,2026-09-13,Plant Pot,Home Decor,East,5,30,0.12,132.0,36.96
9693,2026-09-14,Ergonomic Chair,Furniture,East,8,320,0.18,2099.2,587.78
9694,2026-09-14,Storage Cabinet,Furniture,North,9,280,0.05,2394.0,670.32
9695,2026-09-14,Office Chair,Furniture,West,4,240,0.08,883.2,247.3
9696,2026-09-14,Executive Desk,Furniture,North,11,910,0.2,8008.0,2242.24
9697,2026-09-14,Storage Cabinet,Furniture,East,8,280,0.12,1971.2,551.94
9698,2026-09-14,Wireless Headset,Electronics,North,4,120,0.18,393.6,110.21
9699,2026-09-14,Desk Lamp,Home Decor,North,8,60,0.0,480.0,134.4
9700,2026-09-14,Wireless Mouse,Electronics,West,5,45,0.12,198.0,55.44
9701,2026-09-14,Air Purifier,Home Decor,West,2,170,0.08,312.8,87.58
9702,2026-09-14,Executive Desk,Furniture,South,3,910,0.18,2238.6,626.81
9703,2026-09-14,Executive Desk,Furniture,South,6,910,0.0,5460.0,1528.8
9704,2026-09-14,Wireless Mouse,Electronics,North,4,45,0.0,180.0,50.4
9705,2026-09-14,Tablet Air,Electronics,West,4,680,0.2,2176.0,609.28
9706,2026-09-14,Wireless Mouse,Electronics,South,3,45,0.0,135.0,37.8
9707,2026-09-15,Plant Pot,Home Decor,South,8,30,0.2,192.0,53.76
9708,2026-09-15,Executive Desk,Furniture,North,7,910,0.2,5096.0,1426.88
9709,2026-09-15,Executive Desk,Furniture,East,7,910,0.18,5223.4,1462.55
9710,2026-09-15,Plant Pot,Home Decor,West,10,30,0.2,240.0,67.2
9711,2026-09-15,Ergonomic Chair,Furniture,South,10,320,0.08,2944.0,824.32
9712,2026-09-15,Executive Desk,Furniture,North,5,910,0.05,4322.5,1210.3
9713,2026-09-15,Ergonomic Chair,Furniture,North,10,320,0.08,2944.0,824.32
9714,2026-09-15,Standing Desk,Furniture,West,10,550,0.08,5060.0,1416.8
9715,2026-09-15,Ergonomic Chair,Furniture,West,3,320,0.18,787.2,220.42
9716,2026-09-15,Air Purifier,Home Decor,West,11,170,0.0,1870.0,523.6
9717,2026-09-15,Smart Speaker,Electronics,East,5,95,0.0,475.0,133.0
9718,2026-09-15,Notebook Set,Office Supplies,South,5,18,0.2,72.0,20.16
9719,2026-09-15,Color Printer,Office Supplies,West,2,260,0.05,494.0,138.32
9720,2026-09-15,Air Purifier,Home Decor,North,3,170,0.05,484.5,135.66
9721,2026-09-15,Wireless Headset,Electronics,North,10,120,0.12,1056.0,295.68
9722,2026-09-15,Desk Lamp,Home Decor,West,3,60,0.12,158.4,44.35
9723,2026-09-16,Desk Lamp,Home Decor,North,9,60,0.2,432.0,120.96
9724,2026-09-16,Tablet Air,Electronics,East,4,680,0.12,2393.6,670.21
9725,2026-09-16,Desk Lamp,Home Decor,East,1,60,0.2,48.0,13.44
9726,2026-09-16,Plant Pot,Home Decor,South,3,30,0.08,82.8,23.18
9727,2026-09-16,Office Chair,Furniture,East,10,240,0.18,1968.0,551.04
9728,2026-09-16,Notebook Set,Office Supplies,West,9,18,0.0,162.0,45.36
9729,2026-09-16,Tablet Air,Electronics,South,4,680,0.08,2502.4,700.67
9730,2026-09-16,Desk Lamp,Home Decor,South,5,60,0.0,300.0,84.0
9731,2026-09-17,Standing Desk,Furniture,West,5,550,0.12,2420.0,677.6
9732,2026-09-17,Executive Desk,Furniture,South,1,910,0.08,837.2,234.42
9733,2026-09-17,USB-C Dock,Electronics,East,6,120,0.08,662.4,185.47
9734,2026-09-17,Color Printer,Office Supplies,West,11,260,0.0,2860.0,800.8
9735,2026-09-17,Notebook Set,Office Supplies,South,9,18,0.12,142.56,39.92
9736,2026-09-17,Air Purifier,Home Decor,West,8,170,0.18,1115.2,312.26
9737,2026-09-17,Plant Pot,Home Decor,South,4,30,0.18,98.4,27.55
9738,2026-09-17,Standing Desk,Furniture,West,9,550,0.12,4356.0,1219.68
9739,2026-09-18,Air Purifier,Home Decor,South,2,170,0.08,312.8,87.58
9740,2026-09-18,Air Purifier,Home Decor,North,10,170,0.08,1564.0,437.92
9741,2026-09-18,Air Purifier,Home Decor,North,6,170,0.0,1020.0,285.6
9742,2026-09-18,Executive Desk,Furniture,East,8,910,0.12,6406.4,1793.79
9743,2026-09-18,USB-C Dock,Electronics,South,6,120,0.05,684.0,191.52
9744,2026-09-18,Color Printer,Office Supplies,South,1,260,0.0,260.0,72.8
9745,2026-09-18,Ergonomic Chair,Furniture,West,8,320,0.08,2355.2,659.46
9746,2026-09-18,Standing Desk,Furniture,North,1,550,0.2,440.0,123.2
9747,2026-09-18,Tablet Air,Electronics,East,7,680,0.2,3808.0,1066.24
9748,2026-09-18,Plant Pot,Home Decor,West,2,30,0.12,52.8,14.78
9749,2026-09-18,Notebook Set,Office Supplies,East,8,18,0.2,115.2,32.26
9750,2026-09-18,Desk Lamp,Home Decor,East,10,60,0.0,600.0,168.0
9751,2026-09-18,Projector,Office Supplies,North,9,680,0.0,6120.0,1713.6
9752,2026-09-18,Office Chair,Furniture,West,9,240,0.18,1771.2,495.94
9753,2026-09-18,Office Chair,Furniture,East,11,240,0.12,2323.2,650.5
9754,2026-09-18,USB-C Dock,Electronics,West,9,120,0.08,993.6,278.21
9755,2026-09-19,Air Purifier,Home Decor,West,8,170,0.18,1115.2,312.26
9756,2026-09-19,Executive Desk,Furniture,South,9,910,0.0,8190.0,2293.2
9757,2026-09-19,Storage Cabinet,Furniture,South,9,280,0.0,2520.0,705.6
9758,2026-09-19,Projector,Office Supplies,East,8,680,0.0,5440.0,1523.2
9759,2026-09-19,Notebook Set,Office Supplies,North,10,18,0.12,158.4,44.35
9760,2026-09-19,Desk Lamp,Home Decor,South,11,60,0.12,580.8,162.62
9761,2026-09-19,Plant Pot,Home Decor,East,9,30,0.18,221.4,61.99
9762,2026-09-19,Notebook Set,Office Supplies,East,2,18,0.18,29.52,8.27
9763,2026-09-19,Notebook Set,Office Supplies,East,8,18,0.0,144.0,40.32
9764,2026-09-20,Wireless Mouse,Electronics,East,10,45,0.0,450.0,126.0
9765,2026-09-20,Inkjet Printer,Office Supplies,West,6,180,0.18,885.6,247.97
9766,2026-09-20,Plant Pot,Home Decor,South,3,30,0.05,85.5,23.94
9767,2026-09-20,Notebook Set,Office Supplies,South,2,18,0.12,31.68,8.87
9768,2026-09-20,Desk Lamp,Home Decor,South,5,60,0.05,285.0,79.8
9769,2026-09-20,Office Chair,Furniture,North,9,240,0.0,2160.0,604.8
9770,2026-09-20,Laptop Pro 14,Electronics,South,4,1200,0.2,3840.0,1075.2
9771,2026-09-20,Air Purifier,Home Decor,North,11,170,0.2,1496.0,418.88
9772,2026-09-21,Executive Desk,Furniture,North,1,910,0.12,800.8,224.22
9773,2026-09-21,Ergonomic Chair,Furniture,West,6,320,0.18,1574.4,440.83
9774,2026-09-21,Wireless Mouse,Electronics,South,3,45,0.05,128.25,35.91
9775,2026-09-21,Plant Pot,Home Decor,North,3,30,0.05,85.5,23.94
9776,2026-09-21,Smart Speaker,Electronics,East,2,95,0.0,190.0,53.2
9777,2026-09-21,Plant Pot,Home Decor,North,1,30,0.12,26.4,7.39
9778,2026-09-21,Color Printer,Office Supplies,East,1,260,0.08,239.2,66.98
9779,2026-09-21,Color Printer,Office Supplies,South,10,260,0.2,2080.0,582.4
9780,2026-09-22,Air Purifier,Home Decor,West,7,170,0.08,1094.8,306.54
9781,2026-09-22,Office Chair,Furniture,South,7,240,0.12,1478.4,413.95
9782,2026-09-22,Ergonomic Chair,Furniture,North,8,320,0.0,2560.0,716.8
9783,2026-09-22,Laptop Pro 14,Electronics,East,4,1200,0.2,3840.0,1075.2
9784,2026-09-22,Desk Lamp,Home Decor,West,1,60,0.0,60.0,16.8
9785,2026-09-22,Office Chair,Furniture,East,8,240,0.12,1689.6,473.09
9786,2026-09-22,Office Chair,Furniture,West,5,240,0.18,984.0,275.52
9787,2026-09-22,Color Printer,Office Supplies,North,3,260,0.2,624.0,174.72
9788,2026-09-22,Wireless Headset,Electronics,West,7,120,0.05,798.0,223.44
9789,2026-09-22,Plant Pot,Home Decor,East,3,30,0.12,79.2,22.18
9790,2026-09-22,Ergonomic Chair,Furniture,South,6,320,0.2,1536.0,430.08
9791,2026-09-22,Desk Lamp,Home Decor,West,10,60,0.12,528.0,147.84
9792,2026-09-22,Notebook Set,Office Supplies,East,3,18,0.0,54.0,15.12
9793,2026-09-22,Plant Pot,Home Decor,East,10,30,0.12,264.0,73.92
9794,2026-09-22,Air Purifier,Home Decor,South,11,170,0.2,1496.0,418.88
9795,2026-09-23,Plant Pot,Home Decor,North,6,30,0.12,158.4,44.35
9796,2026-09-23,Projector,Office Supplies,South,9,680,0.2,4896.0,1370.88
9797,2026-09-23,"Monitor 27""",Electronics,North,8,390,0.08,2870.4,803.71
9798,2026-09-23,Storage Cabinet,Furniture,South,2,280,0.0,560.0,156.8
9799,2026-09-23,Projector,Office Supplies,East,11,680,0.0,7480.0,2094.4
9800,2026-09-23,Desk Lamp,Home Decor,East,1,60,0.12,52.8,14.78
9801,2026-09-23,Office Chair,Furniture,West,10,240,0.2,1920.0,537.6
9802,2026-09-23,Notebook Set,Office Supplies,South,10,18,0.12,158.4,44.35
9803,2026-09-23,Air Purifier,Home Decor,East,2,170,0.2,272.0,76.16
9804,2026-09-23,Smart Speaker,Electronics,North,1,95,0.08,87.4,24.47
9805,2026-09-23,Air Purifier,Home Decor,South,4,170,0.08,625.6,175.17
9806,2026-09-24,Wireless Mouse,Electronics,North,10,45,0.0,450.0,126.0
9807,2026-09-24,Plant Pot,Home Decor,East,11,30,0.0,330.0,92.4
9808,2026-09-24,Executive Desk,Furniture,West,10,910,0.0,9100.0,2548.0
9809,2026-09-24,Plant Pot,Home Decor,East,10,30,0.2,240.0,67.2
9810,2026-09-24,"Monitor 27""",Electronics,South,7,390,0.18,2238.6,626.81
9811,2026-09-24,Standing Desk,Furniture,North,1,550,0.08,506.0,141.68
9812,2026-09-24,Plant Pot,Home Decor,South,8,30,0.12,211.2,59.14
9813,2026-09-24,Standing Desk,Furniture,North,3,550,0.0,1650.0,462.0
9814,2026-09-24,Executive Desk,Furniture,East,10,910,0.05,8645.0,2420.6
9815,2026-09-24,Projector,Office Supplies,North,9,680,0.0,6120.0,1713.6
9816,2026-09-24,Projector,Office Supplies,South,7,680,0.12,4188.8,1172.86
9817,2026-09-24,Color Printer,Office Supplies,West,2,260,0.08,478.4,133.95
9818,2026-09-24,Desk Lamp,Home Decor,South,9,60,0.2,432.0,120.96
9819,2026-09-24,Office Chair,Furniture,East,1,240,0.2,192.0,53.76
9820,2026-09-24,Storage Cabinet,Furniture,East,7,280,0.12,1724.8,482.94
9821,2026-09-24,Tablet Air,Electronics,South,2,680,0.12,1196.8,335.1
9822,2026-09-24,Notebook Set,Office Supplies,West,7,18,0.2,100.8,28.22
9823,2026-09-25,Smart Speaker,Electronics,West,7,95,0.0,665.0,186.2
9824,2026-09-25,USB-C Dock,Electronics,East,3,120,0.05,342.0,95.76
9825,2026-09-25,Inkjet Printer,Office Supplies,North,1,180,0.05,171.0,47.88
9826,2026-09-25,Inkjet Printer,Office Supplies,North,11,180,0.18,1623.6,454.61
9827,2026-09-25,Notebook Set,Office Supplies,East,11,18,0.18,162.36,45.46
9828,2026-09-25,Storage Cabinet,Furniture,West,1,280,0.05,266.0,74.48
9829,2026-09-25,Wireless Headset,Electronics,South,2,120,0.2,192.0,53.76
9830,2026-09-25,Notebook Set,Office Supplies,West,8,18,0.0,144.0,40.32
9831,2026-09-25,Plant Pot,Home Decor,West,5,30,0.05,142.5,39.9
9832,2026-09-25,4K Monitor,Electronics,East,7,420,0.2,2352.0,658.56
9833,2026-09-25,Inkjet Printer,Office Supplies,West,6,180,0.05,1026.0,287.28
9834,2026-09-25,Air Purifier,Home Decor,North,8,170,0.2,1088.0,304.64
9835,2026-09-25,Plant Pot,Home Decor,West,1,30,0.12,26.4,7.39
9836,2026-09-25,Notebook Set,Office Supplies,East,4,18,0.2,57.6,16.13
9837,2026-09-26,Color Printer,Office Supplies,North,10,260,0.18,2132.0,596.96
9838,2026-09-26,Standing Desk,Furniture,East,10,550,0.2,4400.0,1232.0
9839,2026-09-26,Tablet Air,Electronics,North,5,680,0.08,3128.0,875.84
9840,2026-09-26,Smart Speaker,Electronics,West,7,95,0.18,545.3,152.68
9841,2026-09-26,Inkjet Printer,Office Supplies,North,7,180,0.18,1033.2,289.3
9842,2026-09-26,"Monitor 27""",Electronics,South,10,390,0.0,3900.0,1092.0
9843,2026-09-26,Smart Speaker,Electronics,North,10,95,0.05,902.5,252.7
9844,2026-09-26,Storage Cabinet,Furniture,West,8,280,0.08,2060.8,577.02
9845,2026-09-26,Plant Pot,Home Decor,East,4,30,0.08,110.4,30.91
9846,2026-09-26,Wireless Mouse,Electronics,East,10,45,0.2,360.0,100.8
9847,2026-09-26,Tablet Air,Electronics,North,9,680,0.12,5385.6,1507.97
9848,2026-09-26,Plant Pot,Home Decor,West,6,30,0.12,158.4,44.35
9849,2026-09-26,Color Printer,Office Supplies,East,5,260,0.08,1196.0,334.88
9850,2026-09-26,Wireless Headset,Electronics,East,7,120,0.18,688.8,192.86
9851,2026-09-26,Storage Cabinet,Furniture,West,11,280,0.2,2464.0,689.92
9852,2026-09-26,USB-C Dock,Electronics,East,1,120,0.2,96.0,26.88
9853,2026-09-27,Ergonomic Chair,Furniture,West,10,320,0.18,2624.0,734.72
9854,2026-09-27,Air Purifier,Home Decor,West,11,170,0.0,1870.0,523.6
9855,2026-09-27,Inkjet Printer,Office Supplies,South,2,180,0.18,295.2,82.66
9856,2026-09-27,Desk Lamp,Home Decor,East,4,60,0.18,196.8,55.1
9857,2026-09-27,4K Monitor,Electronics,South,6,420,0.18,2066.4,578.59
9858,2026-09-27,4K Monitor,Electronics,East,11,420,0.12,4065.6,1138.37
9859,2026-09-27,USB-C Dock,Electronics,East,11,120,0.12,1161.6,325.25
9860,2026-09-27,Standing Desk,Furniture,South,7,550,0.08,3542.0,991.76
9861,2026-09-27,Standing Desk,Furniture,West,10,550,0.05,5225.0,1463.0
9862,2026-09-27,Tablet Air,Electronics,West,10,680,0.12,5984.0,1675.52
9863,2026-09-27,Color Printer,Office Supplies,North,6,260,0.05,1482.0,414.96
9864,2026-09-27,Air Purifier,Home Decor,North,1,170,0.05,161.5,45.22
9865,2026-09-27,Wireless Mouse,Electronics,West,7,45,0.18,258.3,72.32
9866,2026-09-27,Color Printer,Office Supplies,East,2,260,0.0,520.0,145.6
9867,2026-09-27,Storage Cabinet,Furniture,West,4,280,0.05,1064.0,297.92
9868,2026-09-28,Tablet Air,Electronics,North,10,680,0.12,5984.0,1675.52
9869,2026-09-28,Plant Pot,Home Decor,West,10,30,0.08,276.0,77.28
9870,2026-09-28,Standing Desk,Furniture,North,7,550,0.2,3080.0,862.4
9871,2026-09-28,Projector,Office Supplies,West,8,680,0.18,4460.8,1249.02
9872,2026-09-28,Air Purifier,Home Decor,North,7,170,0.08,1094.8,306.54
9873,2026-09-28,Plant Pot,Home Decor,West,6,30,0.2,144.0,40.32
9874,2026-09-28,Desk Lamp,Home Decor,West,3,60,0.0,180.0,50.4
9875,2026-09-28,Inkjet Printer,Office Supplies,North,11,180,0.0,1980.0,554.4
9876,2026-09-28,Inkjet Printer,Office Supplies,South,3,180,0.08,496.8,139.1
9877,2026-09-28,Inkjet Printer,Office Supplies,East,5,180,0.18,738.0,206.64
9878,2026-09-28,Storage Cabinet,Furniture,East,8,280,0.08,2060.8,577.02
9879,2026-09-28,Desk Lamp,Home Decor,South,1,60,0.08,55.2,15.46
9880,2026-09-28,Wireless Mouse,Electronics,South,4,45,0.2,144.0,40.32
9881,2026-09-29,Desk Lamp,Home Decor,North,10,60,0.08,552.0,154.56
9882,2026-09-29,Executive Desk,Furniture,North,6,910,0.12,4804.8,1345.34
9883,2026-09-29,Color Printer,Office Supplies,West,11,260,0.0,2860.0,800.8
9884,2026-09-29,USB-C Dock,Electronics,West,6,120,0.05,684.0,191.52
9885,2026-09-29,Projector,Office Supplies,North,5,680,0.12,2992.0,837.76
9886,2026-09-29,Standing Desk,Furniture,East,9,550,0.12,4356.0,1219.68
9887,2026-09-29,Color Printer,Office Supplies,South,1,260,0.2,208.0,58.24
9888,2026-09-29,Tablet Air,Electronics,East,6,680,0.0,4080.0,1142.4
9889,2026-09-29,Desk Lamp,Home Decor,West,9,60,0.0,540.0,151.2
9890,2026-09-29,Desk Lamp,Home Decor,North,7,60,0.12,369.6,103.49
9891,2026-09-29,Inkjet Printer,Office Supplies,West,3,180,0.08,496.8,139.1
9892,2026-09-29,Plant Pot,Home Decor,South,6,30,0.18,147.6,41.33
9893,2026-09-29,Air Purifier,Home Decor,South,6,170,0.0,1020.0,285.6
9894,2026-09-29,Plant Pot,Home Decor,South,8,30,0.18,196.8,55.1
9895,2026-09-29,Tablet Air,Electronics,South,5,680,0.0,3400.0,952.0
9896,2026-09-30,Standing Desk,Furniture,North,8,550,0.0,4400.0,1232.0
9897,2026-09-30,Color Printer,Office Supplies,West,2,260,0.05,494.0,138.32
9898,2026-09-30,4K Monitor,Electronics,East,11,420,0.0,4620.0,1293.6
9899,2026-09-30,Notebook Set,Office Supplies,North,5,18,0.08,82.8,23.18
9900,2026-09-30,Standing Desk,Furniture,East,4,550,0.2,1760.0,492.8
9901,2026-09-30,Desk Lamp,Home Decor,West,7,60,0.08,386.4,108.19
9902,2026-09-30,Desk Lamp,Home Decor,South,7,60,0.18,344.4,96.43
9903,2026-09-30,Color Printer,Office Supplies,North,8,260,0.08,1913.6,535.81
9904,2026-09-30,Air Purifier,Home Decor,North,11,170,0.2,1496.0,418.88
9905,2026-09-30,Desk Lamp,Home Decor,South,7,60,0.2,336.0,94.08
9906,2026-09-30,Office Chair,Furniture,South,10,240,0.0,2400.0,672.0
9907,2026-09-30,Air Purifier,Home Decor,East,7,170,0.08,1094.8,306.54
9908,2026-09-30,Plant Pot,Home Decor,South,2,30,0.05,57.0,15.96
9909,2026-09-30,Inkjet Printer,Office Supplies,South,3,180,0.08,496.8,139.1
9910,2026-09-30,Storage Cabinet,Furniture,West,10,280,0.2,2240.0,627.2
9911,2026-10-01,Executive Desk,Furniture,South,3,910,0.12,2402.4,672.67
9912,2026-10-01,USB-C Dock,Electronics,South,8,120,0.18,787.2,220.42
9913,2026-10-01,Color Printer,Office Supplies,North,11,260,0.0,2860.0,800.8
9914,2026-10-01,Air Purifier,Home Decor,East,9,170,0.0,1530.0,428.4
9915,2026-10-01,Desk Lamp,Home Decor,South,8,60,0.12,422.4,118.27
9916,2026-10-01,Storage Cabinet,Furniture,North,10,280,0.12,2464.0,689.92
9917,2026-10-01,Executive Desk,Furniture,East,2,910,0.05,1729.0,484.12
9918,2026-10-01,Wireless Mouse,Electronics,West,2,45,0.18,73.8,20.66
9919,2026-10-02,Tablet Air,Electronics,North,11,680,0.0,7480.0,2094.4
9920,2026-10-02,Inkjet Printer,Office Supplies,East,10,180,0.18,1476.0,413.28
9921,2026-10-02,Standing Desk,Furniture,South,9,550,0.12,4356.0,1219.68
9922,2026-10-02,Desk Lamp,Home Decor,East,1,60,0.0,60.0,16.8
9923,2026-10-02,Notebook Set,Office Supplies,South,5,18,0.12,79.2,22.18
9924,2026-10-02,Air Purifier,Home Decor,East,10,170,0.12,1496.0,418.88
9925,2026-10-02,"Monitor 27""",Electronics,West,9,390,0.08,3229.2,904.18
9926,2026-10-02,Office Chair,Furniture,North,11,240,0.18,2164.8,606.14
9927,2026-10-02,Plant Pot,Home Decor,East,4,30,0.0,120.0,33.6
9928,2026-10-02,Office Chair,Furniture,North,2,240,0.2,384.0,107.52
9929,2026-10-02,Air Purifier,Home Decor,West,11,170,0.2,1496.0,418.88
9930,2026-10-02,Air Purifier,Home Decor,South,6,170,0.08,938.4,262.75
9931,2026-10-02,Color Printer,Office Supplies,North,1,260,0.12,228.8,64.06
9932,2026-10-03,Plant Pot,Home Decor,East,6,30,0.08,165.6,46.37
9933,2026-10-03,Inkjet Printer,Office Supplies,West,10,180,0.12,1584.0,443.52
9934,2026-10-03,Ergonomic Chair,Furniture,West,4,320,0.2,1024.0,286.72
9935,2026-10-03,Notebook Set,Office Supplies,East,3,18,0.12,47.52,13.31
9936,2026-10-03,Air Purifier,Home Decor,East,1,170,0.2,136.0,38.08
9937,2026-10-03,Standing Desk,Furniture,West,3,550,0.05,1567.5,438.9
9938,2026-10-03,USB-C Dock,Electronics,West,6,120,0.2,576.0,161.28
9939,2026-10-03,Air Purifier,Home Decor,North,3,170,0.05,484.5,135.66
9940,2026-10-03,Projector,Office Supplies,South,8,680,0.05,5168.0,1447.04
9941,2026-10-03,Projector,Office Supplies,South,2,680,0.08,1251.2,350.34
9942,2026-10-03,Air Purifier,Home Decor,East,8,170,0.08,1251.2,350.34
9943,2026-10-03,Air Purifier,Home Decor,West,10,170,0.12,1496.0,418.88
9944,2026-10-03,Desk Lamp,Home Decor,East,8,60,0.05,456.0,127.68
9945,2026-10-03,Desk Lamp,Home Decor,East,10,60,0.0,600.0,168.0
9946,2026-10-03,Office Chair,Furniture,South,8,240,0.12,1689.6,473.09
9947,2026-10-03,Desk Lamp,Home Decor,South,1,60,0.08,55.2,15.46
9948,2026-10-03,Color Printer,Office Supplies,West,9,260,0.08,2152.8,602.78
9949,2026-10-04,Ergonomic Chair,Furniture,West,9,320,0.2,2304.0,645.12
9950,2026-10-04,Plant Pot,Home Decor,North,7,30,0.05,199.5,55.86
9951,2026-10-04,Desk Lamp,Home Decor,North,3,60,0.08,165.6,46.37
9952,2026-10-04,Laptop Pro 14,Electronics,East,10,1200,0.12,10560.0,2956.8
9953,2026-10-04,"Monitor 27""",Electronics,West,5,390,0.12,1716.0,480.48
9954,2026-10-04,Plant Pot,Home Decor,South,7,30,0.18,172.2,48.22
9955,2026-10-04,Plant Pot,Home Decor,South,10,30,0.2,240.0,67.2
9956,2026-10-04,Air Purifier,Home Decor,South,5,170,0.12,748.0,209.44
9957,2026-10-05,Color Printer,Office Supplies,South,4,260,0.18,852.8,238.78
9958,2026-10-05,Storage Cabinet,Furniture,South,6,280,0.12,1478.4,413.95
9959,2026-10-05,Desk Lamp,Home Decor,North,11,60,0.0,660.0,184.8
9960,2026-10-05,Plant Pot,Home Decor,South,11,30,0.0,330.0,92.4
9961,2026-10-05,USB-C Dock,Electronics,North,1,120,0.18,98.4,27.55
9962,2026-10-05,Air Purifier,Home Decor,West,6,170,0.12,897.6,251.33
9963,2026-10-05,Desk Lamp,Home Decor,North,3,60,0.12,158.4,44.35
9964,2026-10-05,Desk Lamp,Home Decor,South,4,60,0.18,196.8,55.1
9965,2026-10-05,Plant Pot,Home Decor,East,5,30,0.05,142.5,39.9
9966,2026-10-05,Standing Desk,Furniture,East,2,550,0.08,1012.0,283.36
9967,2026-10-06,Laptop Pro 14,Electronics,East,10,1200,0.2,9600.0,2688.0
9968,2026-10-06,Smart Speaker,Electronics,West,6,95,0.2,456.0,127.68
9969,2026-10-06,Wireless Mouse,Electronics,North,1,45,0.2,36.0,10.08
9970,2026-10-06,Desk Lamp,Home Decor,North,2,60,0.05,114.0,31.92
9971,2026-10-06,Projector,Office Supplies,East,10,680,0.2,5440.0,1523.2
9972,2026-10-06,Plant Pot,Home Decor,West,10,30,0.12,264.0,73.92
9973,2026-10-06,Projector,Office Supplies,East,4,680,0.18,2230.4,624.51
9974,2026-10-06,Plant Pot,Home Decor,East,2,30,0.12,52.8,14.78
9975,2026-10-06,4K Monitor,Electronics,East,6,420,0.12,2217.6,620.93
9976,2026-10-06,Notebook Set,Office Supplies,East,8,18,0.05,136.8,38.3
9977,2026-10-06,Storage Cabinet,Furniture,North,11,280,0.12,2710.4,758.91
9978,2026-10-06,Storage Cabinet,Furniture,East,2,280,0.12,492.8,137.98
9979,2026-10-06,4K Monitor,Electronics,West,9,420,0.0,3780.0,1058.4
9980,2026-10-06,"Monitor 27""",Electronics,South,8,390,0.18,2558.4,716.35
9981,2026-10-06,Standing Desk,Furniture,South,6,550,0.05,3135.0,877.8
9982,2026-10-06,Storage Cabinet,Furniture,North,7,280,0.2,1568.0,439.04
9983,2026-10-07,Desk Lamp,Home Decor,East,1,60,0.05,57.0,15.96
9984,2026-10-07,Projector,Office Supplies,West,7,680,0.0,4760.0,1332.8
9985,2026-10-07,Plant Pot,Home Decor,North,9,30,0.05,256.5,71.82
9986,2026-10-07,Executive Desk,Furniture,West,10,910,0.0,9100.0,2548.0
9987,2026-10-07,Tablet Air,Electronics,South,1,680,0.12,598.4,167.55
9988,2026-10-07,Projector,Office Supplies,South,9,680,0.12,5385.6,1507.97
9989,2026-10-07,Desk Lamp,Home Decor,East,11,60,0.2,528.0,147.84
9990,2026-10-07,Ergonomic Chair,Furniture,East,2,320,0.05,608.0,170.24
9991,2026-10-07,Notebook Set,Office Supplies,East,6,18,0.08,99.36,27.82
9992,2026-10-07,Plant Pot,Home Decor,West,9,30,0.2,216.0,60.48
9993,2026-10-07,Desk Lamp,Home Decor,South,9,60,0.2,432.0,120.96
9994,2026-10-07,Storage Cabinet,Furniture,South,2,280,0.05,532.0,148.96
9995,2026-10-07,Tablet Air,Electronics,South,7,680,0.0,4760.0,1332.8
9996,2026-10-07,Color Printer,Office Supplies,East,9,260,0.0,2340.0,655.2
9997,2026-10-07,Inkjet Printer,Office Supplies,West,8,180,0.2,1152.0,322.56
9998,2026-10-07,"Monitor 27""",Electronics,East,1,390,0.12,343.2,96.1
9999,2026-10-07,Wireless Mouse,Electronics,East,5,45,0.08,207.0,57.96
10000,2026-10-08,Color Printer,Office Supplies,East,9,260,0.12,2059.2,576.58
10001,2026-10-08,Smart Speaker,Electronics,West,4,95,0.08,349.6,97.89
10002,2026-10-08,Office Chair,Furniture,West,6,240,0.18,1180.8,330.62
10003,2026-10-08,Color Printer,Office Supplies,West,8,260,0.0,2080.0,582.4
10004,2026-10-08,Projector,Office Supplies,North,4,680,0.05,2584.0,723.52
10005,2026-10-08,Notebook Set,Office Supplies,East,1,18,0.2,14.4,4.03
10006,2026-10-08,Ergonomic Chair,Furniture,West,5,320,0.0,1600.0,448.0
10007,2026-10-08,Plant Pot,Home Decor,South,2,30,0.18,49.2,13.78
10008,2026-10-08,Office Chair,Furniture,North,8,240,0.0,1920.0,537.6
10009,2026-10-08,Laptop Pro 14,Electronics,West,11,1200,0.12,11616.0,3252.48
10010,2026-10-08,Storage Cabinet,Furniture,North,4,280,0.08,1030.4,288.51
10011,2026-10-09,Wireless Mouse,Electronics,East,3,45,0.08,124.2,34.78
10012,2026-10-09,Projector,Office Supplies,East,11,680,0.05,7106.0,1989.68
10013,2026-10-09,Projector,Office Supplies,North,9,680,0.08,5630.4,1576.51
10014,2026-10-09,Plant Pot,Home Decor,West,9,30,0.18,221.4,61.99
10015,2026-10-09,Wireless Mouse,Electronics,East,6,45,0.05,256.5,71.82
10016,2026-10-09,Desk Lamp,Home Decor,South,4,60,0.2,192.0,53.76
10017,2026-10-09,Storage Cabinet,Furniture,East,1,280,0.12,246.4,68.99
10018,2026-10-09,Notebook Set,Office Supplies,West,1,18,0.2,14.4,4.03
10019,2026-10-09,Plant Pot,Home Decor,South,3,30,0.12,79.2,22.18
10020,2026-10-09,Ergonomic Chair,Furniture,West,7,320,0.2,1792.0,501.76
10021,2026-10-09,Inkjet Printer,Office Supplies,North,1,180,0.12,158.4,44.35
10022,2026-10-09,Color Printer,Office Supplies,West,2,260,0.12,457.6,128.13
10023,2026-10-09,Color Printer,Office Supplies,North,5,260,0.0,1300.0,364.0
10024,2026-10-09,Tablet Air,Electronics,East,10,680,0.18,5576.0,1561.28
10025,2026-10-10,Air Purifier,Home Decor,North,1,170,0.18,139.4,39.03
10026,2026-10-10,Notebook Set,Office Supplies,South,11,18,0.18,162.36,45.46
10027,2026-10-10,Desk Lamp,Home Decor,North,4,60,0.18,196.8,55.1
10028,2026-10-10,Desk Lamp,Home Decor,North,7,60,0.05,399.0,111.72
10029,2026-10-10,Inkjet Printer,Office Supplies,East,7,180,0.12,1108.8,310.46
10030,2026-10-10,4K Monitor,Electronics,East,6,420,0.08,2318.4,649.15
10031,2026-10-10,Wireless Headset,Electronics,South,10,120,0.12,1056.0,295.68
10032,2026-10-10,Standing Desk,Furniture,East,10,550,0.08,5060.0,1416.8
10033,2026-10-10,Notebook Set,Office Supplies,South,9,18,0.08,149.04,41.73
10034,2026-10-10,Desk Lamp,Home Decor,West,8,60,0.2,384.0,107.52
10035,2026-10-11,Storage Cabinet,Furniture,East,11,280,0.05,2926.0,819.28
10036,2026-10-11,Air Purifier,Home Decor,West,7,170,0.2,952.0,266.56
10037,2026-10-11,Executive Desk,Furniture,West,9,910,0.12,7207.2,2018.02
10038,2026-10-11,Office Chair,Furniture,East,9,240,0.12,1900.8,532.22
10039,2026-10-11,Desk Lamp,Home Decor,East,9,60,0.12,475.2,133.06
10040,2026-10-11,Tablet Air,Electronics,South,2,680,0.08,1251.2,350.34
10041,2026-10-11,4K Monitor,Electronics,West,3,420,0.2,1008.0,282.24
10042,2026-10-11,Projector,Office Supplies,North,1,680,0.2,544.0,152.32
10043,2026-10-11,Ergonomic Chair,Furniture,West,4,320,0.0,1280.0,358.4
10044,2026-10-11,Desk Lamp,Home Decor,North,4,60,0.12,211.2,59.14
10045,2026-10-11,Plant Pot,Home Decor,East,2,30,0.05,57.0,15.96
10046,2026-10-11,Ergonomic Chair,Furniture,East,2,320,0.0,640.0,179.2
10047,2026-10-11,Inkjet Printer,Office Supplies,East,1,180,0.12,158.4,44.35
10048,2026-10-12,Ergonomic Chair,Furniture,South,4,320,0.0,1280.0,358.4
10049,2026-10-12,Office Chair,Furniture,North,5,240,0.2,960.0,268.8
10050,2026-10-12,Executive Desk,Furniture,South,7,910,0.2,5096.0,1426.88
10051,2026-10-12,Projector,Office Supplies,East,2,680,0.0,1360.0,380.8
10052,2026-10-12,Inkjet Printer,Office Supplies,South,6,180,0.18,885.6,247.97
10053,2026-10-12,Air Purifier,Home Decor,North,9,170,0.18,1254.6,351.29
10054,2026-10-12,Desk Lamp,Home Decor,East,5,60,0.08,276.0,77.28
10055,2026-10-12,Wireless Headset,Electronics,North,9,120,0.2,864.0,241.92
10056,2026-10-12,Smart Speaker,Electronics,East,10,95,0.0,950.0,266.0
10057,2026-10-12,Storage Cabinet,Furniture,West,10,280,0.0,2800.0,784.0
10058,2026-10-12,Smart Speaker,Electronics,West,10,95,0.08,874.0,244.72
10059,2026-10-12,Wireless Headset,Electronics,West,11,120,0.08,1214.4,340.03
10060,2026-10-12,Air Purifier,Home Decor,West,6,170,0.05,969.0,271.32
10061,2026-10-12,Storage Cabinet,Furniture,West,9,280,0.2,2016.0,564.48
10062,2026-10-12,Desk Lamp,Home Decor,West,8,60,0.18,393.6,110.21
10063,2026-10-12,Storage Cabinet,Furniture,North,4,280,0.2,896.0,250.88
10064,2026-10-12,Plant Pot,Home Decor,East,11,30,0.18,270.6,75.77
10065,2026-10-13,Inkjet Printer,Office Supplies,West,1,180,0.2,144.0,40.32
10066,2026-10-13,Plant Pot,Home Decor,East,10,30,0.08,276.0,77.28
10067,2026-10-13,Standing Desk,Furniture,South,4,550,0.2,1760.0,492.8
10068,2026-10-13,Plant Pot,Home Decor,North,4,30,0.08,110.4,30.91
10069,2026-10-13,Notebook Set,Office Supplies,West,8,18,0.0,144.0,40.32
10070,2026-10-13,Executive Desk,Furniture,East,6,910,0.0,5460.0,1528.8
10071,2026-10-13,Executive Desk,Furniture,East,5,910,0.12,4004.0,1121.12
10072,2026-10-13,Tablet Air,Electronics,East,9,680,0.18,5018.4,1405.15
10073,2026-10-13,Air Purifier,Home Decor,West,4,170,0.0,680.0,190.4
10074,2026-10-13,Tablet Air,Electronics,West,8,680,0.18,4460.8,1249.02
10075,2026-10-13,USB-C Dock,Electronics,East,2,120,0.18,196.8,55.1
10076,2026-10-13,Standing Desk,Furniture,East,5,550,0.12,2420.0,677.6
10077,2026-10-13,Color Printer,Office Supplies,South,9,260,0.2,1872.0,524.16
10078,2026-10-13,Standing Desk,Furniture,South,9,550,0.05,4702.5,1316.7
10079,2026-10-14,Inkjet Printer,Office Supplies,North,6,180,0.18,885.6,247.97
10080,2026-10-14,Tablet Air,Electronics,North,5,680,0.12,2992.0,837.76
10081,2026-10-14,Notebook Set,Office Supplies,South,9,18,0.05,153.9,43.09
10082,2026-10-14,Inkjet Printer,Office Supplies,North,6,180,0.08,993.6,278.21
10083,2026-10-14,Office Chair,Furniture,West,4,240,0.12,844.8,236.54
10084,2026-10-14,Notebook Set,Office Supplies,North,6,18,0.2,86.4,24.19
10085,2026-10-14,Desk Lamp,Home Decor,East,6,60,0.2,288.0,80.64
10086,2026-10-14,Projector,Office Supplies,South,11,680,0.18,6133.6,1717.41
10087,2026-10-14,Plant Pot,Home Decor,West,2,30,0.2,48.0,13.44
10088,2026-10-14,Tablet Air,Electronics,East,5,680,0.2,2720.0,761.6
10089,2026-10-14,Standing Desk,Furniture,North,10,550,0.08,5060.0,1416.8
10090,2026-10-14,Plant Pot,Home Decor,North,11,30,0.0,330.0,92.4
10091,2026-10-14,Inkjet Printer,Office Supplies,East,2,180,0.05,342.0,95.76
10092,2026-10-14,Desk Lamp,Home Decor,East,11,60,0.08,607.2,170.02
10093,2026-10-14,Air Purifier,Home Decor,South,4,170,0.08,625.6,175.17
10094,2026-10-15,Executive Desk,Furniture,North,4,910,0.2,2912.0,815.36
10095,2026-10-15,Projector,Office Supplies,South,9,680,0.2,4896.0,1370.88
10096,2026-10-15,Desk Lamp,Home Decor,East,10,60,0.18,492.0,137.76
10097,2026-10-15,Plant Pot,Home Decor,East,9,30,0.18,221.4,61.99
10098,2026-10-15,USB-C Dock,Electronics,North,2,120,0.0,240.0,67.2
10099,2026-10-15,Plant Pot,Home Decor,South,3,30,0.2,72.0,20.16
10100,2026-10-15,Desk Lamp,Home Decor,West,2,60,0.2,96.0,26.88
10101,2026-10-15,Ergonomic Chair,Furniture,North,10,320,0.05,3040.0,851.2
10102,2026-10-15,Air Purifier,Home Decor,West,1,170,0.18,139.4,39.03
10103,2026-10-15,Desk Lamp,Home Decor,South,2,60,0.08,110.4,30.91
10104,2026-10-15,Inkjet Printer,Office Supplies,East,1,180,0.18,147.6,41.33
10105,2026-10-15,Notebook Set,Office Supplies,South,3,18,0.12,47.52,13.31
10106,2026-10-15,Color Printer,Office Supplies,North,3,260,0.18,639.6,179.09
10107,2026-10-15,Ergonomic Chair,Furniture,South,11,320,0.05,3344.0,936.32
10108,2026-10-15,Air Purifier,Home Decor,North,1,170,0.05,161.5,45.22
10109,2026-10-15,Executive Desk,Furniture,East,5,910,0.08,4186.0,1172.08
10110,2026-10-16,Plant Pot,Home Decor,West,4,30,0.18,98.4,27.55
10111,2026-10-16,Desk Lamp,Home Decor,East,5,60,0.0,300.0,84.0
10112,2026-10-16,Laptop Pro 14,Electronics,West,4,1200,0.08,4416.0,1236.48
10113,2026-10-16,Inkjet Printer,Office Supplies,South,7,180,0.2,1008.0,282.24
10114,2026-10-16,Air Purifier,Home Decor,East,8,170,0.0,1360.0,380.8
10115,2026-10-16,4K Monitor,Electronics,East,2,420,0.08,772.8,216.38
10116,2026-10-16,Plant Pot,Home Decor,South,10,30,0.2,240.0,67.2
10117,2026-10-16,Office Chair,Furniture,East,5,240,0.18,984.0,275.52
10118,2026-10-16,Plant Pot,Home Decor,North,9,30,0.0,270.0,75.6
10119,2026-10-16,Desk Lamp,Home Decor,East,7,60,0.0,420.0,117.6
10120,2026-10-16,Wireless Headset,Electronics,East,1,120,0.2,96.0,26.88
10121,2026-10-16,Tablet Air,Electronics,North,3,680,0.12,1795.2,502.66
10122,2026-10-16,Color Printer,Office Supplies,North,3,260,0.05,741.0,207.48
10123,2026-10-16,Office Chair,Furniture,South,11,240,0.05,2508.0,702.24
10124,2026-10-16,Wireless Mouse,Electronics,North,4,45,0.08,165.6,46.37
10125,2026-10-16,Inkjet Printer,Office Supplies,East,1,180,0.2,144.0,40.32
10126,2026-10-16,Wireless Mouse,Electronics,South,8,45,0.05,342.0,95.76
10127,2026-10-17,Air Purifier,Home Decor,West,3,170,0.12,448.8,125.66
10128,2026-10-17,Inkjet Printer,Office Supplies,North,10,180,0.2,1440.0,403.2
10129,2026-10-17,Wireless Headset,Electronics,West,6,120,0.0,720.0,201.6
10130,2026-10-17,Projector,Office Supplies,South,2,680,0.05,1292.0,361.76
10131,2026-10-17,Desk Lamp,Home Decor,North,7,60,0.18,344.4,96.43
10132,2026-10-17,USB-C Dock,Electronics,North,1,120,0.08,110.4,30.91
10133,2026-10-17,Air Purifier,Home Decor,North,3,170,0.12,448.8,125.66
10134,2026-10-17,Storage Cabinet,Furniture,South,9,280,0.12,2217.6,620.93
10135,2026-10-17,Plant Pot,Home Decor,South,7,30,0.18,172.2,48.22
10136,2026-10-18,Air Purifier,Home Decor,East,5,170,0.05,807.5,226.1
10137,2026-10-18,Inkjet Printer,Office Supplies,North,3,180,0.2,432.0,120.96
10138,2026-10-18,Office Chair,Furniture,North,11,240,0.18,2164.8,606.14
10139,2026-10-18,Executive Desk,Furniture,West,7,910,0.2,5096.0,1426.88
10140,2026-10-18,Smart Speaker,Electronics,North,4,95,0.18,311.6,87.25
10141,2026-10-18,Desk Lamp,Home Decor,South,11,60,0.12,580.8,162.62
10142,2026-10-18,Notebook Set,Office Supplies,North,8,18,0.18,118.08,33.06
10143,2026-10-18,Executive Desk,Furniture,East,1,910,0.2,728.0,203.84
10144,2026-10-18,Notebook Set,Office Supplies,North,11,18,0.05,188.1,52.67
10145,2026-10-18,Wireless Mouse,Electronics,North,7,45,0.08,289.8,81.14
10146,2026-10-18,Notebook Set,Office Supplies,North,5,18,0.18,73.8,20.66
10147,2026-10-18,Projector,Office Supplies,North,5,680,0.08,3128.0,875.84
10148,2026-10-18,Laptop Pro 14,Electronics,South,6,1200,0.0,7200.0,2016.0
10149,2026-10-19,Plant Pot,Home Decor,West,6,30,0.0,180.0,50.4
10150,2026-10-19,Ergonomic Chair,Furniture,South,3,320,0.18,787.2,220.42
10151,2026-10-19,4K Monitor,Electronics,South,5,420,0.0,2100.0,588.0
10152,2026-10-19,Plant Pot,Home Decor,West,4,30,0.0,120.0,33.6
10153,2026-10-19,Ergonomic Chair,Furniture,South,11,320,0.12,3097.6,867.33
10154,2026-10-19,Desk Lamp,Home Decor,North,6,60,0.12,316.8,88.7
10155,2026-10-19,Executive Desk,Furniture,West,1,910,0.0,910.0,254.8
10156,2026-10-19,Ergonomic Chair,Furniture,North,3,320,0.08,883.2,247.3
10157,2026-10-19,Office Chair,Furniture,East,10,240,0.18,1968.0,551.04
10158,2026-10-19,Office Chair,Furniture,West,6,240,0.2,1152.0,322.56
10159,2026-10-20,Tablet Air,Electronics,West,3,680,0.18,1672.8,468.38
10160,2026-10-20,Color Printer,Office Supplies,West,2,260,0.08,478.4,133.95
10161,2026-10-20,Ergonomic Chair,Furniture,North,2,320,0.18,524.8,146.94
10162,2026-10-20,"Monitor 27""",Electronics,West,11,390,0.05,4075.5,1141.14
10163,2026-10-20,Desk Lamp,Home Decor,North,6,60,0.08,331.2,92.74
10164,2026-10-20,Ergonomic Chair,Furniture,North,3,320,0.05,912.0,255.36
10165,2026-10-20,Desk Lamp,Home Decor,East,5,60,0.2,240.0,67.2
10166,2026-10-20,Air Purifier,Home Decor,South,4,170,0.2,544.0,152.32
10167,2026-10-20,Plant Pot,Home Decor,South,4,30,0.18,98.4,27.55
10168,2026-10-20,Air Purifier,Home Decor,West,4,170,0.05,646.0,180.88
10169,2026-10-21,Storage Cabinet,Furniture,West,6,280,0.0,1680.0,470.4
10170,2026-10-21,Plant Pot,Home Decor,South,6,30,0.05,171.0,47.88
10171,2026-10-21,Air Purifier,Home Decor,East,3,170,0.08,469.2,131.38
10172,2026-10-21,Office Chair,Furniture,West,2,240,0.12,422.4,118.27
10173,2026-10-21,Desk Lamp,Home Decor,North,2,60,0.18,98.4,27.55
10174,2026-10-21,Color Printer,Office Supplies,South,3,260,0.08,717.6,200.93
10175,2026-10-21,Inkjet Printer,Office Supplies,West,3,180,0.08,496.8,139.1
10176,2026-10-21,Wireless Mouse,Electronics,South,1,45,0.08,41.4,11.59
10177,2026-10-21,Inkjet Printer,Office Supplies,East,4,180,0.08,662.4,185.47
10178,2026-10-21,Plant Pot,Home Decor,East,8,30,0.08,220.8,61.82
10179,2026-10-21,Executive Desk,Furniture,North,3,910,0.08,2511.6,703.25
10180,2026-10-21,USB-C Dock,Electronics,East,11,120,0.12,1161.6,325.25
10181,2026-10-21,Color Printer,Office Supplies,North,6,260,0.18,1279.2,358.18
10182,2026-10-21,Laptop Pro 14,Electronics,North,11,1200,0.08,12144.0,3400.32
10183,2026-10-21,Office Chair,Furniture,West,1,240,0.2,192.0,53.76
10184,2026-10-21,Projector,Office Supplies,North,1,680,0.08,625.6,175.17
10185,2026-10-22,Executive Desk,Furniture,North,4,910,0.2,2912.0,815.36
10186,2026-10-22,Executive Desk,Furniture,East,2,910,0.2,1456.0,407.68
10187,2026-10-22,Air Purifier,Home Decor,South,5,170,0.05,807.5,226.1
10188,2026-10-22,Inkjet Printer,Office Supplies,North,1,180,0.08,165.6,46.37
10189,2026-10-22,Air Purifier,Home Decor,West,7,170,0.2,952.0,266.56
10190,2026-10-22,Air Purifier,Home Decor,East,1,170,0.08,156.4,43.79
10191,2026-10-22,Air Purifier,Home Decor,North,2,170,0.12,299.2,83.78
10192,2026-10-22,Air Purifier,Home Decor,West,1,170,0.2,136.0,38.08
10193,2026-10-22,4K Monitor,Electronics,West,6,420,0.12,2217.6,620.93
10194,2026-10-22,Ergonomic Chair,Furniture,West,4,320,0.05,1216.0,340.48
10195,2026-10-22,Air Purifier,Home Decor,East,3,170,0.2,408.0,114.24
10196,2026-10-22,Plant Pot,Home Decor,East,5,30,0.2,120.0,33.6
10197,2026-10-22,Inkjet Printer,Office Supplies,West,7,180,0.08,1159.2,324.58
10198,2026-10-22,Desk Lamp,Home Decor,South,5,60,0.05,285.0,79.8
10199,2026-10-22,Standing Desk,Furniture,East,7,550,0.2,3080.0,862.4
10200,2026-10-22,Notebook Set,Office Supplies,East,2,18,0.0,36.0,10.08
10201,2026-10-23,"Monitor 27""",Electronics,West,3,390,0.18,959.4,268.63
10202,2026-10-23,Standing Desk,Furniture,North,1,550,0.0,550.0,154.0
10203,2026-10-23,4K Monitor,Electronics,West,4,420,0.18,1377.6,385.73
10204,2026-10-23,Wireless Headset,Electronics,North,8,120,0.08,883.2,247.3
10205,2026-10-23,Air Purifier,Home Decor,South,1,170,0.05,161.5,45.22
10206,2026-10-23,Ergonomic Chair,Furniture,East,11,320,0.0,3520.0,985.6
10207,2026-10-23,Notebook Set,Office Supplies,East,8,18,0.18,118.08,33.06
10208,2026-10-23,Notebook Set,Office Supplies,West,5,18,0.08,82.8,23.18
10209,2026-10-23,Inkjet Printer,Office Supplies,West,1,180,0.0,180.0,50.4
10210,2026-10-23,Desk Lamp,Home Decor,West,10,60,0.2,480.0,134.4
10211,2026-10-23,Color Printer,Office Supplies,East,8,260,0.05,1976.0,553.28
10212,2026-10-23,Plant Pot,Home Decor,South,5,30,0.18,123.0,34.44
10213,2026-10-23,Storage Cabinet,Furniture,West,6,280,0.18,1377.6,385.73
10214,2026-10-23,Air Purifier,Home Decor,South,2,170,0.2,272.0,76.16
10215,2026-10-24,Air Purifier,Home Decor,South,2,170,0.08,312.8,87.58
10216,2026-10-24,Laptop Pro 14,Electronics,South,6,1200,0.05,6840.0,1915.2
10217,2026-10-24,Plant Pot,Home Decor,West,4,30,0.08,110.4,30.91
10218,2026-10-24,Desk Lamp,Home Decor,North,7,60,0.12,369.6,103.49
10219,2026-10-24,Desk Lamp,Home Decor,West,6,60,0.05,342.0,95.76
10220,2026-10-24,Projector,Office Supplies,North,5,680,0.0,3400.0,952.0
10221,2026-10-24,Desk Lamp,Home Decor,East,11,60,0.18,541.2,151.54
10222,2026-10-24,Office Chair,Furniture,South,11,240,0.2,2112.0,591.36
10223,2026-10-24,Tablet Air,Electronics,East,9,680,0.05,5814.0,1627.92
10224,2026-10-24,Notebook Set,Office Supplies,West,10,18,0.12,158.4,44.35
10225,2026-10-24,Wireless Headset,Electronics,South,9,120,0.0,1080.0,302.4
10226,2026-10-25,Office Chair,Furniture,South,11,240,0.2,2112.0,591.36
10227,2026-10-25,Notebook Set,Office Supplies,North,1,18,0.18,14.76,4.13
10228,2026-10-25,Inkjet Printer,Office Supplies,East,7,180,0.18,1033.2,289.3
10229,2026-10-25,Smart Speaker,Electronics,West,5,95,0.2,380.0,106.4
10230,2026-10-25,Plant Pot,Home Decor,South,9,30,0.0,270.0,75.6
10231,2026-10-25,Plant Pot,Home Decor,North,6,30,0.05,171.0,47.88
10232,2026-10-25,Inkjet Printer,Office Supplies,South,10,180,0.0,1800.0,504.0
10233,2026-10-25,Standing Desk,Furniture,North,3,550,0.05,1567.5,438.9
10234,2026-10-25,Ergonomic Chair,Furniture,North,1,320,0.0,320.0,89.6
10235,2026-10-25,Projector,Office Supplies,North,1,680,0.18,557.6,156.13
10236,2026-10-25,Color Printer,Office Supplies,North,10,260,0.12,2288.0,640.64
10237,2026-10-25,Wireless Mouse,Electronics,East,9,45,0.18,332.1,92.99
10238,2026-10-26,Color Printer,Office Supplies,North,5,260,0.0,1300.0,364.0
10239,2026-10-26,Desk Lamp,Home Decor,West,6,60,0.2,288.0,80.64
10240,2026-10-26,Desk Lamp,Home Decor,West,8,60,0.18,393.6,110.21
10241,2026-10-26,4K Monitor,Electronics,North,8,420,0.12,2956.8,827.9
10242,2026-10-26,Tablet Air,Electronics,North,6,680,0.18,3345.6,936.77
10243,2026-10-26,Laptop Pro 14,Electronics,East,11,1200,0.08,12144.0,3400.32
10244,2026-10-26,Smart Speaker,Electronics,North,10,95,0.18,779.0,218.12
10245,2026-10-26,Office Chair,Furniture,West,10,240,0.0,2400.0,672.0
10246,2026-10-26,Wireless Headset,Electronics,South,2,120,0.12,211.2,59.14
10247,2026-10-26,Office Chair,Furniture,East,3,240,0.2,576.0,161.28
10248,2026-10-26,Inkjet Printer,Office Supplies,North,7,180,0.18,1033.2,289.3
10249,2026-10-26,Plant Pot,Home Decor,South,11,30,0.12,290.4,81.31
10250,2026-10-26,4K Monitor,Electronics,East,6,420,0.18,2066.4,578.59
10251,2026-10-27,Executive Desk,Furniture,South,3,910,0.12,2402.4,672.67
10252,2026-10-27,Wireless Headset,Electronics,East,8,120,0.0,960.0,268.8
10253,2026-10-27,Inkjet Printer,Office Supplies,North,5,180,0.2,720.0,201.6
10254,2026-10-27,Plant Pot,Home Decor,West,7,30,0.0,210.0,58.8
10255,2026-10-27,Desk Lamp,Home Decor,West,2,60,0.05,114.0,31.92
10256,2026-10-27,Plant Pot,Home Decor,East,7,30,0.2,168.0,47.04
10257,2026-10-27,Executive Desk,Furniture,East,8,910,0.12,6406.4,1793.79
10258,2026-10-27,Laptop Pro 14,Electronics,East,5,1200,0.05,5700.0,1596.0
10259,2026-10-27,Inkjet Printer,Office Supplies,West,7,180,0.08,1159.2,324.58
10260,2026-10-27,Wireless Mouse,Electronics,East,4,45,0.18,147.6,41.33
10261,2026-10-27,Inkjet Printer,Office Supplies,West,7,180,0.2,1008.0,282.24
10262,2026-10-27,Air Purifier,Home Decor,North,6,170,0.0,1020.0,285.6
10263,2026-10-27,Air Purifier,Home Decor,South,7,170,0.12,1047.2,293.22
10264,2026-10-27,Color Printer,Office Supplies,West,9,260,0.08,2152.8,602.78
10265,2026-10-28,Laptop Pro 14,Electronics,North,10,1200,0.0,12000.0,3360.0
10266,2026-10-28,Air Purifier,Home Decor,West,9,170,0.08,1407.6,394.13
10267,2026-10-28,Air Purifier,Home Decor,West,9,170,0.18,1254.6,351.29
10268,2026-10-28,Projector,Office Supplies,South,6,680,0.2,3264.0,913.92
10269,2026-10-28,Executive Desk,Furniture,North,7,910,0.0,6370.0,1783.6
10270,2026-10-28,Air Purifier,Home Decor,North,2,170,0.12,299.2,83.78
10271,2026-10-28,Plant Pot,Home Decor,West,6,30,0.08,165.6,46.37
10272,2026-10-28,Storage Cabinet,Furniture,South,2,280,0.08,515.2,144.26
10273,2026-10-28,Standing Desk,Furniture,South,1,550,0.05,522.5,146.3
10274,2026-10-28,Notebook Set,Office Supplies,South,8,18,0.0,144.0,40.32
10275,2026-10-28,Notebook Set,Office Supplies,North,3,18,0.2,43.2,12.1
10276,2026-10-28,Wireless Mouse,Electronics,West,7,45,0.12,277.2,77.62
10277,2026-10-28,"Monitor 27""",Electronics,East,6,390,0.12,2059.2,576.58
10278,2026-10-28,4K Monitor,Electronics,East,3,420,0.2,1008.0,282.24
10279,2026-10-28,Standing Desk,Furniture,West,2,550,0.0,1100.0,308.0
10280,2026-10-29,Standing Desk,Furniture,North,2,550,0.2,880.0,246.4
10281,2026-10-29,Projector,Office Supplies,East,6,680,0.05,3876.0,1085.28
10282,2026-10-29,Air Purifier,Home Decor,East,2,170,0.18,278.8,78.06
10283,2026-10-29,Storage Cabinet,Furniture,East,10,280,0.12,2464.0,689.92
10284,2026-10-29,USB-C Dock,Electronics,West,8,120,0.05,912.0,255.36
10285,2026-10-29,Notebook Set,Office Supplies,West,10,18,0.12,158.4,44.35
10286,2026-10-29,"Monitor 27""",Electronics,North,9,390,0.18,2878.2,805.9
10287,2026-10-29,Office Chair,Furniture,West,11,240,0.05,2508.0,702.24
10288,2026-10-29,"Monitor 27""",Electronics,South,9,390,0.08,3229.2,904.18
10289,2026-10-29,Notebook Set,Office Supplies,North,11,18,0.08,182.16,51.0
10290,2026-10-29,Tablet Air,Electronics,North,11,680,0.08,6881.6,1926.85
10291,2026-10-29,Storage Cabinet,Furniture,North,5,280,0.08,1288.0,360.64
10292,2026-10-29,Ergonomic Chair,Furniture,East,1,320,0.08,294.4,82.43
10293,2026-10-29,Air Purifier,Home Decor,East,5,170,0.08,782.0,218.96
10294,2026-10-30,Office Chair,Furniture,North,7,240,0.12,1478.4,413.95
10295,2026-10-30,Ergonomic Chair,Furniture,North,4,320,0.08,1177.6,329.73
10296,2026-10-30,Color Printer,Office Supplies,South,6,260,0.12,1372.8,384.38
10297,2026-10-30,4K Monitor,Electronics,West,5,420,0.18,1722.0,482.16
10298,2026-10-30,Standing Desk,Furniture,West,3,550,0.08,1518.0,425.04
10299,2026-10-30,Inkjet Printer,Office Supplies,South,9,180,0.08,1490.4,417.31
10300,2026-10-30,Color Printer,Office Supplies,West,6,260,0.08,1435.2,401.86
10301,2026-10-30,Desk Lamp,Home Decor,South,1,60,0.05,57.0,15.96
10302,2026-10-30,Laptop Pro 14,Electronics,East,6,1200,0.05,6840.0,1915.2
10303,2026-10-30,Ergonomic Chair,Furniture,North,4,320,0.18,1049.6,293.89
10304,2026-10-30,Laptop Pro 14,Electronics,South,2,1200,0.12,2112.0,591.36
10305,2026-10-30,Inkjet Printer,Office Supplies,North,9,180,0.05,1539.0,430.92
10306,2026-10-30,Wireless Mouse,Electronics,North,10,45,0.2,360.0,100.8
10307,2026-10-30,Projector,Office Supplies,East,5,680,0.18,2788.0,780.64
10308,2026-10-30,Office Chair,Furniture,West,10,240,0.12,2112.0,591.36
10309,2026-10-31,Wireless Headset,Electronics,North,6,120,0.0,720.0,201.6
10310,2026-10-31,Executive Desk,Furniture,South,7,910,0.05,6051.5,1694.42
10311,2026-10-31,Standing Desk,Furniture,North,5,550,0.0,2750.0,770.0
10312,2026-10-31,Air Purifier,Home Decor,North,10,170,0.08,1564.0,437.92
10313,2026-10-31,Color Printer,Office Supplies,West,1,260,0.05,247.0,69.16
10314,2026-10-31,Ergonomic Chair,Furniture,West,5,320,0.08,1472.0,412.16
10315,2026-10-31,USB-C Dock,Electronics,South,8,120,0.2,768.0,215.04
10316,2026-10-31,Notebook Set,Office Supplies,West,6,18,0.08,99.36,27.82
10317,2026-10-31,Desk Lamp,Home Decor,West,10,60,0.08,552.0,154.56
10318,2026-10-31,Plant Pot,Home Decor,West,10,30,0.0,300.0,84.0
10319,2026-10-31,Wireless Mouse,Electronics,South,11,45,0.0,495.0,138.6
10320,2026-10-31,"Monitor 27""",Electronics,South,7,390,0.12,2402.4,672.67
10321,2026-10-31,Desk Lamp,Home Decor,South,1,60,0.2,48.0,13.44
10322,2026-11-01,Projector,Office Supplies,East,7,680,0.05,4522.0,1266.16
10323,2026-11-01,Notebook Set,Office Supplies,East,7,18,0.08,115.92,32.46
10324,2026-11-01,Color Printer,Office Supplies,North,5,260,0.08,1196.0,334.88
10325,2026-11-01,Laptop Pro 14,Electronics,North,5,1200,0.05,5700.0,1596.0
10326,2026-11-01,Tablet Air,Electronics,North,2,680,0.05,1292.0,361.76
10327,2026-11-01,Tablet Air,Electronics,West,9,680,0.18,5018.4,1405.15
10328,2026-11-01,USB-C Dock,Electronics,North,4,120,0.08,441.6,123.65
10329,2026-11-01,Inkjet Printer,Office Supplies,South,10,180,0.05,1710.0,478.8
10330,2026-11-01,Storage Cabinet,Furniture,West,6,280,0.0,1680.0,470.4
10331,2026-11-01,4K Monitor,Electronics,West,9,420,0.0,3780.0,1058.4
10332,2026-11-02,Projector,Office Supplies,South,6,680,0.12,3590.4,1005.31
10333,2026-11-02,Wireless Headset,Electronics,South,3,120,0.18,295.2,82.66
10334,2026-11-02,Office Chair,Furniture,South,6,240,0.08,1324.8,370.94
10335,2026-11-02,Notebook Set,Office Supplies,North,3,18,0.05,51.3,14.36
10336,2026-11-02,Ergonomic Chair,Furniture,West,5,320,0.08,1472.0,412.16
10337,2026-11-02,Wireless Mouse,Electronics,West,7,45,0.12,277.2,77.62
10338,2026-11-02,Ergonomic Chair,Furniture,West,3,320,0.08,883.2,247.3
10339,2026-11-02,Wireless Mouse,Electronics,East,8,45,0.2,288.0,80.64
10340,2026-11-02,Smart Speaker,Electronics,East,9,95,0.2,684.0,191.52
10341,2026-11-02,Air Purifier,Home Decor,West,4,170,0.12,598.4,167.55
10342,2026-11-02,Inkjet Printer,Office Supplies,West,9,180,0.12,1425.6,399.17
10343,2026-11-02,Executive Desk,Furniture,North,3,910,0.08,2511.6,703.25
10344,2026-11-02,"Monitor 27""",Electronics,South,6,390,0.08,2152.8,602.78
10345,2026-11-02,Plant Pot,Home Decor,South,9,30,0.05,256.5,71.82
10346,2026-11-02,Projector,Office Supplies,South,3,680,0.05,1938.0,542.64
10347,2026-11-03,Office Chair,Furniture,South,11,240,0.2,2112.0,591.36
10348,2026-11-03,Projector,Office Supplies,South,11,680,0.12,6582.4,1843.07
10349,2026-11-03,Tablet Air,Electronics,West,10,680,0.08,6256.0,1751.68
10350,2026-11-03,USB-C Dock,Electronics,West,10,120,0.12,1056.0,295.68
10351,2026-11-03,Plant Pot,Home Decor,East,2,30,0.18,49.2,13.78
10352,2026-11-03,USB-C Dock,Electronics,West,2,120,0.08,220.8,61.82
10353,2026-11-03,Wireless Headset,Electronics,West,1,120,0.12,105.6,29.57
10354,2026-11-03,Plant Pot,Home Decor,South,2,30,0.2,48.0,13.44
10355,2026-11-04,Projector,Office Supplies,West,4,680,0.12,2393.6,670.21
10356,2026-11-04,Ergonomic Chair,Furniture,West,11,320,0.2,2816.0,788.48
10357,2026-11-04,Office Chair,Furniture,West,7,240,0.0,1680.0,470.4
10358,2026-11-04,Wireless Headset,Electronics,West,11,120,0.05,1254.0,351.12
10359,2026-11-04,Air Purifier,Home Decor,South,5,170,0.08,782.0,218.96
10360,2026-11-04,Projector,Office Supplies,North,4,680,0.0,2720.0,761.6
10361,2026-11-04,Desk Lamp,Home Decor,South,3,60,0.0,180.0,50.4
10362,2026-11-04,Executive Desk,Furniture,South,5,910,0.12,4004.0,1121.12
10363,2026-11-04,Executive Desk,Furniture,South,5,910,0.2,3640.0,1019.2
10364,2026-11-04,Desk Lamp,Home Decor,South,11,60,0.08,607.2,170.02
10365,2026-11-04,Ergonomic Chair,Furniture,South,10,320,0.05,3040.0,851.2
10366,2026-11-04,"Monitor 27""",Electronics,West,1,390,0.18,319.8,89.54
10367,2026-11-04,USB-C Dock,Electronics,South,2,120,0.18,196.8,55.1
10368,2026-11-05,Ergonomic Chair,Furniture,East,1,320,0.08,294.4,82.43
10369,2026-11-05,Color Printer,Office Supplies,East,9,260,0.05,2223.0,622.44
10370,2026-11-05,Air Purifier,Home Decor,West,10,170,0.05,1615.0,452.2
10371,2026-11-05,Inkjet Printer,Office Supplies,West,10,180,0.0,1800.0,504.0
10372,2026-11-05,Air Purifier,Home Decor,East,5,170,0.08,782.0,218.96
10373,2026-11-05,Air Purifier,Home Decor,East,11,170,0.05,1776.5,497.42
10374,2026-11-05,Ergonomic Chair,Furniture,North,6,320,0.2,1536.0,430.08
10375,2026-11-05,Color Printer,Office Supplies,North,2,260,0.08,478.4,133.95
10376,2026-11-05,Standing Desk,Furniture,East,9,550,0.18,4059.0,1136.52
10377,2026-11-06,Desk Lamp,Home Decor,North,6,60,0.05,342.0,95.76
10378,2026-11-06,Color Printer,Office Supplies,East,2,260,0.08,478.4,133.95
10379,2026-11-06,Office Chair,Furniture,East,8,240,0.08,1766.4,494.59
10380,2026-11-06,Executive Desk,Furniture,West,1,910,0.12,800.8,224.22
10381,2026-11-06,Plant Pot,Home Decor,East,6,30,0.12,158.4,44.35
10382,2026-11-06,Projector,Office Supplies,North,3,680,0.08,1876.8,525.5
10383,2026-11-06,Desk Lamp,Home Decor,North,1,60,0.2,48.0,13.44
10384,2026-11-06,Wireless Mouse,Electronics,South,7,45,0.05,299.25,83.79
10385,2026-11-06,Wireless Mouse,Electronics,South,11,45,0.0,495.0,138.6
10386,2026-11-07,Wireless Headset,Electronics,North,3,120,0.0,360.0,100.8
10387,2026-11-07,Color Printer,Office Supplies,North,5,260,0.05,1235.0,345.8
10388,2026-11-07,Wireless Mouse,Electronics,West,8,45,0.12,316.8,88.7
10389,2026-11-07,Storage Cabinet,Furniture,West,5,280,0.0,1400.0,392.0
10390,2026-11-07,Ergonomic Chair,Furniture,East,6,320,0.2,1536.0,430.08
10391,2026-11-07,USB-C Dock,Electronics,West,11,120,0.2,1056.0,295.68
10392,2026-11-07,Notebook Set,Office Supplies,West,1,18,0.12,15.84,4.44
10393,2026-11-07,Executive Desk,Furniture,West,9,910,0.05,7780.5,2178.54
10394,2026-11-07,Air Purifier,Home Decor,North,8,170,0.0,1360.0,380.8
10395,2026-11-07,Notebook Set,Office Supplies,South,3,18,0.2,43.2,12.1
10396,2026-11-07,Air Purifier,Home Decor,East,4,170,0.0,680.0,190.4
10397,2026-11-07,Inkjet Printer,Office Supplies,South,3,180,0.0,540.0,151.2
10398,2026-11-07,Plant Pot,Home Decor,West,8,30,0.0,240.0,67.2
10399,2026-11-08,Standing Desk,Furniture,West,10,550,0.12,4840.0,1355.2
10400,2026-11-08,Office Chair,Furniture,East,4,240,0.2,768.0,215.04
10401,2026-11-08,USB-C Dock,Electronics,East,10,120,0.0,1200.0,336.0
10402,2026-11-08,Office Chair,Furniture,South,9,240,0.18,1771.2,495.94
10403,2026-11-08,Storage Cabinet,Furniture,South,1,280,0.18,229.6,64.29
10404,2026-11-08,4K Monitor,Electronics,West,4,420,0.0,1680.0,470.4
10405,2026-11-08,Desk Lamp,Home Decor,North,5,60,0.2,240.0,67.2
10406,2026-11-08,Color Printer,Office Supplies,East,2,260,0.2,416.0,116.48
10407,2026-11-09,Color Printer,Office Supplies,South,9,260,0.2,1872.0,524.16
10408,2026-11-09,Standing Desk,Furniture,East,10,550,0.18,4510.0,1262.8
10409,2026-11-09,Desk Lamp,Home Decor,West,3,60,0.12,158.4,44.35
10410,2026-11-09,Air Purifier,Home Decor,East,7,170,0.08,1094.8,306.54
10411,2026-11-09,Air Purifier,Home Decor,North,2,170,0.18,278.8,78.06
10412,2026-11-09,Plant Pot,Home Decor,South,6,30,0.0,180.0,50.4
10413,2026-11-09,Projector,Office Supplies,North,9,680,0.0,6120.0,1713.6
10414,2026-11-09,USB-C Dock,Electronics,West,10,120,0.2,960.0,268.8
10415,2026-11-09,Air Purifier,Home Decor,South,2,170,0.18,278.8,78.06
10416,2026-11-09,USB-C Dock,Electronics,West,1,120,0.2,96.0,26.88
10417,2026-11-09,Storage Cabinet,Furniture,South,6,280,0.08,1545.6,432.77
10418,2026-11-09,Smart Speaker,Electronics,South,3,95,0.12,250.8,70.22
10419,2026-11-09,Plant Pot,Home Decor,North,8,30,0.0,240.0,67.2
10420,2026-11-09,Inkjet Printer,Office Supplies,South,7,180,0.2,1008.0,282.24
10421,2026-11-09,Smart Speaker,Electronics,East,1,95,0.08,87.4,24.47
10422,2026-11-10,Ergonomic Chair,Furniture,North,3,320,0.0,960.0,268.8
10423,2026-11-10,Air Purifier,Home Decor,South,1,170,0.05,161.5,45.22
10424,2026-11-10,Air Purifier,Home Decor,East,11,170,0.05,1776.5,497.42
10425,2026-11-10,Projector,Office Supplies,North,5,680,0.08,3128.0,875.84
10426,2026-11-10,Smart Speaker,Electronics,West,6,95,0.0,570.0,159.6
10427,2026-11-10,Color Printer,Office Supplies,South,5,260,0.12,1144.0,320.32
10428,2026-11-10,Air Purifier,Home Decor,South,3,170,0.0,510.0,142.8
10429,2026-11-10,Smart Speaker,Electronics,West,7,95,0.0,665.0,186.2
10430,2026-11-10,Plant Pot,Home Decor,East,1,30,0.12,26.4,7.39
10431,2026-11-10,Projector,Office Supplies,East,6,680,0.12,3590.4,1005.31
10432,2026-11-10,Inkjet Printer,Office Supplies,East,6,180,0.2,864.0,241.92
10433,2026-11-10,Wireless Headset,Electronics,West,8,120,0.2,768.0,215.04
10434,2026-11-11,Notebook Set,Office Supplies,South,2,18,0.18,29.52,8.27
10435,2026-11-11,Plant Pot,Home Decor,West,4,30,0.18,98.4,27.55
10436,2026-11-11,Air Purifier,Home Decor,North,2,170,0.0,340.0,95.2
10437,2026-11-11,Desk Lamp,Home Decor,North,7,60,0.12,369.6,103.49
10438,2026-11-11,Color Printer,Office Supplies,North,5,260,0.18,1066.0,298.48
10439,2026-11-11,Plant Pot,Home Decor,East,11,30,0.12,290.4,81.31
10440,2026-11-11,USB-C Dock,Electronics,North,6,120,0.12,633.6,177.41
10441,2026-11-11,Smart Speaker,Electronics,West,7,95,0.08,611.8,171.3
10442,2026-11-11,Wireless Mouse,Electronics,South,7,45,0.05,299.25,83.79
10443,2026-11-11,Desk Lamp,Home Decor,North,2,60,0.2,96.0,26.88
10444,2026-11-11,Storage Cabinet,Furniture,North,9,280,0.18,2066.4,578.59
10445,2026-11-11,Wireless Headset,Electronics,South,2,120,0.18,196.8,55.1
10446,2026-11-12,Plant Pot,Home Decor,South,3,30,0.05,85.5,23.94
10447,2026-11-12,Executive Desk,Furniture,South,6,910,0.2,4368.0,1223.04
10448,2026-11-12,Executive Desk,Furniture,South,1,910,0.05,864.5,242.06
10449,2026-11-12,4K Monitor,Electronics,North,10,420,0.0,4200.0,1176.0
10450,2026-11-12,USB-C Dock,Electronics,North,1,120,0.18,98.4,27.55
10451,2026-11-12,USB-C Dock,Electronics,North,1,120,0.18,98.4,27.55
10452,2026-11-12,Standing Desk,Furniture,East,11,550,0.12,5324.0,1490.72
10453,2026-11-12,Office Chair,Furniture,South,7,240,0.08,1545.6,432.77
10454,2026-11-13,Inkjet Printer,Office Supplies,South,4,180,0.08,662.4,185.47
10455,2026-11-13,Laptop Pro 14,Electronics,North,4,1200,0.08,4416.0,1236.48
10456,2026-11-13,Laptop Pro 14,Electronics,East,11,1200,0.12,11616.0,3252.48
10457,2026-11-13,Color Printer,Office Supplies,West,11,260,0.0,2860.0,800.8
10458,2026-11-13,Office Chair,Furniture,West,6,240,0.08,1324.8,370.94
10459,2026-11-13,"Monitor 27""",Electronics,East,7,390,0.12,2402.4,672.67
10460,2026-11-13,4K Monitor,Electronics,North,5,420,0.12,1848.0,517.44
10461,2026-11-13,Standing Desk,Furniture,East,3,550,0.2,1320.0,369.6
10462,2026-11-13,Desk Lamp,Home Decor,South,11,60,0.0,660.0,184.8
10463,2026-11-13,Standing Desk,Furniture,North,11,550,0.0,6050.0,1694.0
10464,2026-11-13,Air Purifier,Home Decor,East,9,170,0.05,1453.5,406.98
10465,2026-11-13,Laptop Pro 14,Electronics,West,4,1200,0.05,4560.0,1276.8
10466,2026-11-13,Desk Lamp,Home Decor,East,5,60,0.18,246.0,68.88
10467,2026-11-13,Inkjet Printer,Office Supplies,North,10,180,0.0,1800.0,504.0
10468,2026-11-13,Office Chair,Furniture,South,10,240,0.08,2208.0,618.24
10469,2026-11-14,Inkjet Printer,Office Supplies,West,6,180,0.08,993.6,278.21
10470,2026-11-14,Projector,Office Supplies,West,5,680,0.05,3230.0,904.4
10471,2026-11-14,Storage Cabinet,Furniture,South,5,280,0.0,1400.0,392.0
10472,2026-11-14,Projector,Office Supplies,South,1,680,0.08,625.6,175.17
10473,2026-11-14,Ergonomic Chair,Furniture,South,4,320,0.18,1049.6,293.89
10474,2026-11-14,4K Monitor,Electronics,South,9,420,0.0,3780.0,1058.4
10475,2026-11-14,Storage Cabinet,Furniture,South,2,280,0.05,532.0,148.96
10476,2026-11-14,Air Purifier,Home Decor,South,2,170,0.05,323.0,90.44
10477,2026-11-14,Air Purifier,Home Decor,West,10,170,0.18,1394.0,390.32
10478,2026-11-14,Projector,Office Supplies,East,4,680,0.12,2393.6,670.21
10479,2026-11-14,Executive Desk,Furniture,South,6,910,0.05,5187.0,1452.36
10480,2026-11-14,Air Purifier,Home Decor,North,6,170,0.08,938.4,262.75
10481,2026-11-14,Air Purifier,Home Decor,West,6,170,0.0,1020.0,285.6
10482,2026-11-14,Notebook Set,Office Supplies,East,5,18,0.08,82.8,23.18
10483,2026-11-14,Tablet Air,Electronics,East,4,680,0.18,2230.4,624.51
10484,2026-11-15,Projector,Office Supplies,South,5,680,0.2,2720.0,761.6
10485,2026-11-15,Color Printer,Office Supplies,East,11,260,0.18,2345.2,656.66
10486,2026-11-15,Plant Pot,Home Decor,East,4,30,0.0,120.0,33.6
10487,2026-11-15,Office Chair,Furniture,West,4,240,0.05,912.0,255.36
10488,2026-11-15,Storage Cabinet,Furniture,South,9,280,0.05,2394.0,670.32
10489,2026-11-15,Wireless Mouse,Electronics,East,3,45,0.05,128.25,35.91
10490,2026-11-15,Plant Pot,Home Decor,East,1,30,0.2,24.0,6.72
10491,2026-11-15,Projector,Office Supplies,East,5,680,0.2,2720.0,761.6
10492,2026-11-15,Plant Pot,Home Decor,East,6,30,0.05,171.0,47.88
10493,2026-11-15,Office Chair,Furniture,North,11,240,0.18,2164.8,606.14
10494,2026-11-15,Laptop Pro 14,Electronics,West,8,1200,0.0,9600.0,2688.0
10495,2026-11-15,4K Monitor,Electronics,North,7,420,0.2,2352.0,658.56
10496,2026-11-15,Wireless Mouse,Electronics,West,11,45,0.12,435.6,121.97
10497,2026-11-15,Wireless Mouse,Electronics,West,9,45,0.2,324.0,90.72
10498,2026-11-15,Desk Lamp,Home Decor,South,5,60,0.18,246.0,68.88
10499,2026-11-15,Wireless Mouse,Electronics,West,4,45,0.0,180.0,50.4
10500,2026-11-15,Inkjet Printer,Office Supplies,North,5,180,0.08,828.0,231.84
10501,2026-11-16,Air Purifier,Home Decor,West,6,170,0.12,897.6,251.33
10502,2026-11-16,USB-C Dock,Electronics,East,10,120,0.0,1200.0,336.0
10503,2026-11-16,Desk Lamp,Home Decor,North,11,60,0.08,607.2,170.02
10504,2026-11-16,Standing Desk,Furniture,North,1,550,0.05,522.5,146.3
10505,2026-11-16,Ergonomic Chair,Furniture,East,11,320,0.18,2886.4,808.19
10506,2026-11-16,Office Chair,Furniture,East,5,240,0.05,1140.0,319.2
10507,2026-11-16,Standing Desk,Furniture,North,11,550,0.05,5747.5,1609.3
10508,2026-11-16,Notebook Set,Office Supplies,East,11,18,0.08,182.16,51.0
10509,2026-11-16,Wireless Mouse,Electronics,West,2,45,0.05,85.5,23.94
10510,2026-11-16,Desk Lamp,Home Decor,West,10,60,0.12,528.0,147.84
10511,2026-11-16,Plant Pot,Home Decor,North,4,30,0.2,96.0,26.88
10512,2026-11-16,Inkjet Printer,Office Supplies,North,9,180,0.2,1296.0,362.88
10513,2026-11-16,Laptop Pro 14,Electronics,East,3,1200,0.18,2952.0,826.56
10514,2026-11-16,Air Purifier,Home Decor,West,10,170,0.08,1564.0,437.92
10515,2026-11-17,Office Chair,Furniture,East,4,240,0.18,787.2,220.42
10516,2026-11-17,Laptop Pro 14,Electronics,North,11,1200,0.05,12540.0,3511.2
10517,2026-11-17,Plant Pot,Home Decor,North,8,30,0.0,240.0,67.2
10518,2026-11-17,Laptop Pro 14,Electronics,East,1,1200,0.0,1200.0,336.0
10519,2026-11-17,Executive Desk,Furniture,North,4,910,0.05,3458.0,968.24
10520,2026-11-17,Storage Cabinet,Furniture,East,1,280,0.2,224.0,62.72
10521,2026-11-17,4K Monitor,Electronics,East,4,420,0.05,1596.0,446.88
10522,2026-11-17,Air Purifier,Home Decor,East,1,170,0.2,136.0,38.08
10523,2026-11-17,Standing Desk,Furniture,West,1,550,0.08,506.0,141.68
10524,2026-11-17,"Monitor 27""",Electronics,West,2,390,0.0,780.0,218.4
10525,2026-11-18,Wireless Mouse,Electronics,East,4,45,0.2,144.0,40.32
10526,2026-11-18,USB-C Dock,Electronics,West,9,120,0.0,1080.0,302.4
10527,2026-11-18,Smart Speaker,Electronics,West,3,95,0.0,285.0,79.8
10528,2026-11-18,Storage Cabinet,Furniture,North,5,280,0.2,1120.0,313.6
10529,2026-11-18,4K Monitor,Electronics,East,5,420,0.18,1722.0,482.16
10530,2026-11-18,Storage Cabinet,Furniture,North,1,280,0.12,246.4,68.99
10531,2026-11-18,Smart Speaker,Electronics,North,1,95,0.2,76.0,21.28
10532,2026-11-18,USB-C Dock,Electronics,South,2,120,0.05,228.0,63.84
10533,2026-11-18,Laptop Pro 14,Electronics,West,7,1200,0.18,6888.0,1928.64
10534,2026-11-18,Projector,Office Supplies,North,2,680,0.08,1251.2,350.34
10535,2026-11-18,Projector,Office Supplies,North,2,680,0.18,1115.2,312.26
10536,2026-11-18,Inkjet Printer,Office Supplies,North,8,180,0.18,1180.8,330.62
10537,2026-11-18,Wireless Mouse,Electronics,West,10,45,0.05,427.5,119.7
10538,2026-11-18,Projector,Office Supplies,North,3,680,0.0,2040.0,571.2
10539,2026-11-18,Air Purifier,Home Decor,North,2,170,0.12,299.2,83.78
10540,2026-11-18,Air Purifier,Home Decor,North,5,170,0.0,850.0,238.0
10541,2026-11-18,USB-C Dock,Electronics,South,7,120,0.05,798.0,223.44
10542,2026-11-19,Notebook Set,Office Supplies,North,4,18,0.0,72.0,20.16
10543,2026-11-19,Laptop Pro 14,Electronics,South,4,1200,0.0,4800.0,1344.0
10544,2026-11-19,4K Monitor,Electronics,East,5,420,0.0,2100.0,588.0
10545,2026-11-19,Office Chair,Furniture,West,9,240,0.05,2052.0,574.56
10546,2026-11-19,Standing Desk,Furniture,West,2,550,0.12,968.0,271.04
10547,2026-11-19,Ergonomic Chair,Furniture,West,4,320,0.0,1280.0,358.4
10548,2026-11-19,Color Printer,Office Supplies,North,1,260,0.12,228.8,64.06
10549,2026-11-19,Notebook Set,Office Supplies,East,5,18,0.0,90.0,25.2
10550,2026-11-19,Color Printer,Office Supplies,North,8,260,0.05,1976.0,553.28
10551,2026-11-19,Projector,Office Supplies,West,3,680,0.08,1876.8,525.5
10552,2026-11-19,4K Monitor,Electronics,South,9,420,0.2,3024.0,846.72
10553,2026-11-19,Executive Desk,Furniture,South,7,910,0.05,6051.5,1694.42
10554,2026-11-19,Plant Pot,Home Decor,East,11,30,0.18,270.6,75.77
10555,2026-11-20,Projector,Office Supplies,West,4,680,0.12,2393.6,670.21
10556,2026-11-20,Storage Cabinet,Furniture,West,1,280,0.0,280.0,78.4
10557,2026-11-20,Smart Speaker,Electronics,East,11,95,0.2,836.0,234.08
10558,2026-11-20,Air Purifier,Home Decor,South,9,170,0.05,1453.5,406.98
10559,2026-11-20,Notebook Set,Office Supplies,West,11,18,0.18,162.36,45.46
10560,2026-11-20,Laptop Pro 14,Electronics,East,6,1200,0.12,6336.0,1774.08
10561,2026-11-20,Office Chair,Furniture,North,5,240,0.05,1140.0,319.2
10562,2026-11-20,Inkjet Printer,Office Supplies,South,2,180,0.2,288.0,80.64
10563,2026-11-20,Tablet Air,Electronics,West,11,680,0.08,6881.6,1926.85
10564,2026-11-20,Projector,Office Supplies,North,1,680,0.05,646.0,180.88
10565,2026-11-20,Plant Pot,Home Decor,West,10,30,0.2,240.0,67.2
10566,2026-11-20,Color Printer,Office Supplies,East,7,260,0.18,1492.4,417.87
10567,2026-11-20,Office Chair,Furniture,South,3,240,0.18,590.4,165.31
10568,2026-11-20,Notebook Set,Office Supplies,North,1,18,0.12,15.84,4.44
10569,2026-11-20,Plant Pot,Home Decor,North,10,30,0.18,246.0,68.88
10570,2026-11-21,Wireless Headset,Electronics,South,3,120,0.05,342.0,95.76
10571,2026-11-21,"Monitor 27""",Electronics,West,10,390,0.18,3198.0,895.44
10572,2026-11-21,Air Purifier,Home Decor,North,5,170,0.08,782.0,218.96
10573,2026-11-21,Projector,Office Supplies,West,1,680,0.12,598.4,167.55
10574,2026-11-21,Laptop Pro 14,Electronics,South,7,1200,0.18,6888.0,1928.64
10575,2026-11-21,Desk Lamp,Home Decor,East,1,60,0.0,60.0,16.8
10576,2026-11-21,Air Purifier,Home Decor,West,3,170,0.12,448.8,125.66
10577,2026-11-21,Wireless Headset,Electronics,South,11,120,0.08,1214.4,340.03
10578,2026-11-21,Color Printer,Office Supplies,West,1,260,0.08,239.2,66.98
10579,2026-11-21,Storage Cabinet,Furniture,West,10,280,0.0,2800.0,784.0
10580,2026-11-21,Projector,Office Supplies,South,7,680,0.12,4188.8,1172.86
10581,2026-11-21,Tablet Air,Electronics,West,3,680,0.05,1938.0,542.64
10582,2026-11-21,Air Purifier,Home Decor,North,4,170,0.12,598.4,167.55
10583,2026-11-22,Plant Pot,Home Decor,West,1,30,0.2,24.0,6.72
10584,2026-11-22,Wireless Headset,Electronics,South,6,120,0.0,720.0,201.6
10585,2026-11-22,Color Printer,Office Supplies,South,6,260,0.12,1372.8,384.38
10586,2026-11-22,Color Printer,Office Supplies,North,6,260,0.08,1435.2,401.86
10587,2026-11-22,Storage Cabinet,Furniture,South,3,280,0.05,798.0,223.44
10588,2026-11-22,Notebook Set,Office Supplies,West,5,18,0.12,79.2,22.18
10589,2026-11-22,Smart Speaker,Electronics,West,10,95,0.0,950.0,266.0
10590,2026-11-22,Air Purifier,Home Decor,North,3,170,0.05,484.5,135.66
10591,2026-11-22,Air Purifier,Home Decor,East,3,170,0.2,408.0,114.24
10592,2026-11-23,Desk Lamp,Home Decor,East,8,60,0.0,480.0,134.4
10593,2026-11-23,Color Printer,Office Supplies,East,4,260,0.18,852.8,238.78
10594,2026-11-23,Desk Lamp,Home Decor,West,9,60,0.05,513.0,143.64
10595,2026-11-23,Color Printer,Office Supplies,West,4,260,0.0,1040.0,291.2
10596,2026-11-23,Color Printer,Office Supplies,East,9,260,0.12,2059.2,576.58
10597,2026-11-23,4K Monitor,Electronics,South,3,420,0.18,1033.2,289.3
10598,2026-11-23,Desk Lamp,Home Decor,East,1,60,0.05,57.0,15.96
10599,2026-11-23,"Monitor 27""",Electronics,South,1,390,0.18,319.8,89.54
10600,2026-11-23,Inkjet Printer,Office Supplies,West,4,180,0.0,720.0,201.6
10601,2026-11-23,Plant Pot,Home Decor,North,6,30,0.12,158.4,44.35
10602,2026-11-23,Office Chair,Furniture,South,11,240,0.12,2323.2,650.5
10603,2026-11-23,"Monitor 27""",Electronics,North,10,390,0.12,3432.0,960.96
10604,2026-11-23,Executive Desk,Furniture,East,7,910,0.08,5860.4,1640.91
10605,2026-11-23,Storage Cabinet,Furniture,West,6,280,0.08,1545.6,432.77
10606,2026-11-23,Color Printer,Office Supplies,West,3,260,0.0,780.0,218.4
10607,2026-11-23,Ergonomic Chair,Furniture,West,7,320,0.2,1792.0,501.76
10608,2026-11-24,Projector,Office Supplies,East,4,680,0.18,2230.4,624.51
10609,2026-11-24,Plant Pot,Home Decor,East,9,30,0.0,270.0,75.6
10610,2026-11-24,Wireless Headset,Electronics,West,2,120,0.12,211.2,59.14
10611,2026-11-24,Projector,Office Supplies,West,3,680,0.12,1795.2,502.66
10612,2026-11-24,Inkjet Printer,Office Supplies,North,5,180,0.18,738.0,206.64
10613,2026-11-24,Color Printer,Office Supplies,East,11,260,0.12,2516.8,704.7
10614,2026-11-24,"Monitor 27""",Electronics,North,9,390,0.2,2808.0,786.24
10615,2026-11-24,Plant Pot,Home Decor,East,1,30,0.05,28.5,7.98
10616,2026-11-25,Storage Cabinet,Furniture,South,1,280,0.18,229.6,64.29
10617,2026-11-25,Office Chair,Furniture,North,10,240,0.12,2112.0,591.36
10618,2026-11-25,Tablet Air,Electronics,East,8,680,0.2,4352.0,1218.56
10619,2026-11-25,Plant Pot,Home Decor,South,1,30,0.0,30.0,8.4
10620,2026-11-25,Wireless Headset,Electronics,East,1,120,0.08,110.4,30.91
10621,2026-11-25,Smart Speaker,Electronics,North,6,95,0.0,570.0,159.6
10622,2026-11-25,Air Purifier,Home Decor,West,10,170,0.18,1394.0,390.32
10623,2026-11-25,Air Purifier,Home Decor,North,7,170,0.05,1130.5,316.54
10624,2026-11-25,Plant Pot,Home Decor,South,5,30,0.2,120.0,33.6
10625,2026-11-25,Office Chair,Furniture,South,8,240,0.12,1689.6,473.09
10626,2026-11-25,Storage Cabinet,Furniture,South,8,280,0.05,2128.0,595.84
10627,2026-11-26,Smart Speaker,Electronics,North,10,95,0.08,874.0,244.72
10628,2026-11-26,Wireless Mouse,Electronics,West,10,45,0.05,427.5,119.7
10629,2026-11-26,Inkjet Printer,Office Supplies,West,8,180,0.08,1324.8,370.94
10630,2026-11-26,Plant Pot,Home Decor,West,4,30,0.2,96.0,26.88
10631,2026-11-26,Desk Lamp,Home Decor,North,9,60,0.18,442.8,123.98
10632,2026-11-26,Plant Pot,Home Decor,North,4,30,0.08,110.4,30.91
10633,2026-11-26,Smart Speaker,Electronics,South,11,95,0.0,1045.0,292.6
10634,2026-11-26,Tablet Air,Electronics,North,2,680,0.2,1088.0,304.64
10635,2026-11-26,Storage Cabinet,Furniture,North,5,280,0.2,1120.0,313.6
10636,2026-11-26,Desk Lamp,Home Decor,East,8,60,0.18,393.6,110.21
10637,2026-11-26,Notebook Set,Office Supplies,West,10,18,0.0,180.0,50.4
10638,2026-11-26,Tablet Air,Electronics,North,9,680,0.2,4896.0,1370.88
10639,2026-11-26,Tablet Air,Electronics,North,4,680,0.12,2393.6,670.21
10640,2026-11-26,Notebook Set,Office Supplies,North,4,18,0.18,59.04,16.53
10641,2026-11-26,Storage Cabinet,Furniture,North,11,280,0.18,2525.6,707.17
10642,2026-11-26,Desk Lamp,Home Decor,West,8,60,0.12,422.4,118.27
10643,2026-11-27,Inkjet Printer,Office Supplies,East,6,180,0.2,864.0,241.92
10644,2026-11-27,Desk Lamp,Home Decor,South,9,60,0.12,475.2,133.06
10645,2026-11-27,Tablet Air,Electronics,East,7,680,0.18,3903.2,1092.9
10646,2026-11-27,Tablet Air,Electronics,North,9,680,0.12,5385.6,1507.97
10647,2026-11-27,Color Printer,Office Supplies,South,9,260,0.0,2340.0,655.2
10648,2026-11-27,Projector,Office Supplies,North,8,680,0.18,4460.8,1249.02
10649,2026-11-27,Color Printer,Office Supplies,North,11,260,0.2,2288.0,640.64
10650,2026-11-27,Plant Pot,Home Decor,South,9,30,0.18,221.4,61.99
10651,2026-11-27,Desk Lamp,Home Decor,East,4,60,0.18,196.8,55.1
10652,2026-11-27,Projector,Office Supplies,North,3,680,0.0,2040.0,571.2
10653,2026-11-27,Color Printer,Office Supplies,South,5,260,0.12,1144.0,320.32
10654,2026-11-27,Plant Pot,Home Decor,South,3,30,0.18,73.8,20.66
10655,2026-11-28,Projector,Office Supplies,West,10,680,0.08,6256.0,1751.68
10656,2026-11-28,4K Monitor,Electronics,North,5,420,0.18,1722.0,482.16
10657,2026-11-28,Air Purifier,Home Decor,South,11,170,0.05,1776.5,497.42
10658,2026-11-28,Wireless Headset,Electronics,South,6,120,0.08,662.4,185.47
10659,2026-11-28,Office Chair,Furniture,South,8,240,0.0,1920.0,537.6
10660,2026-11-28,Air Purifier,Home Decor,North,8,170,0.12,1196.8,335.1
10661,2026-11-28,Tablet Air,Electronics,West,10,680,0.12,5984.0,1675.52
10662,2026-11-28,Color Printer,Office Supplies,West,7,260,0.18,1492.4,417.87
10663,2026-11-28,USB-C Dock,Electronics,North,5,120,0.18,492.0,137.76
10664,2026-11-28,Tablet Air,Electronics,South,9,680,0.18,5018.4,1405.15
10665,2026-11-28,Smart Speaker,Electronics,West,4,95,0.08,349.6,97.89
10666,2026-11-28,Wireless Headset,Electronics,North,3,120,0.08,331.2,92.74
10667,2026-11-28,Desk Lamp,Home Decor,West,6,60,0.05,342.0,95.76
10668,2026-11-28,Tablet Air,Electronics,South,7,680,0.08,4379.2,1226.18
10669,2026-11-28,Ergonomic Chair,Furniture,South,11,320,0.18,2886.4,808.19
10670,2026-11-28,Plant Pot,Home Decor,North,1,30,0.2,24.0,6.72
10671,2026-11-29,Color Printer,Office Supplies,North,9,260,0.12,2059.2,576.58
10672,2026-11-29,Notebook Set,Office Supplies,East,8,18,0.18,118.08,33.06
10673,2026-11-29,Wireless Mouse,Electronics,West,4,45,0.08,165.6,46.37
10674,2026-11-29,Inkjet Printer,Office Supplies,West,10,180,0.08,1656.0,463.68
10675,2026-11-29,4K Monitor,Electronics,East,9,420,0.08,3477.6,973.73
10676,2026-11-29,Standing Desk,Furniture,South,6,550,0.0,3300.0,924.0
10677,2026-11-29,Color Printer,Office Supplies,West,1,260,0.05,247.0,69.16
10678,2026-11-29,Office Chair,Furniture,North,11,240,0.2,2112.0,591.36
10679,2026-11-29,Laptop Pro 14,Electronics,South,6,1200,0.2,5760.0,1612.8
10680,2026-11-29,Executive Desk,Furniture,North,7,910,0.08,5860.4,1640.91
10681,2026-11-29,Air Purifier,Home Decor,North,7,170,0.08,1094.8,306.54
10682,2026-11-29,Ergonomic Chair,Furniture,West,4,320,0.0,1280.0,358.4
10683,2026-11-29,Tablet Air,Electronics,South,1,680,0.08,625.6,175.17
10684,2026-11-29,Air Purifier,Home Decor,West,8,170,0.18,1115.2,312.26
10685,2026-11-29,Plant Pot,Home Decor,South,6,30,0.08,165.6,46.37
10686,2026-11-29,Air Purifier,Home Decor,East,2,170,0.08,312.8,87.58
10687,2026-11-30,Storage Cabinet,Furniture,North,2,280,0.08,515.2,144.26
10688,2026-11-30,Wireless Mouse,Electronics,South,8,45,0.12,316.8,88.7
10689,2026-11-30,Executive Desk,Furniture,North,8,910,0.0,7280.0,2038.4
10690,2026-11-30,4K Monitor,Electronics,South,7,420,0.08,2704.8,757.34
10691,2026-11-30,Color Printer,Office Supplies,West,3,260,0.12,686.4,192.19
10692,2026-11-30,Desk Lamp,Home Decor,South,7,60,0.12,369.6,103.49
10693,2026-11-30,Office Chair,Furniture,East,7,240,0.05,1596.0,446.88
10694,2026-11-30,Projector,Office Supplies,East,6,680,0.12,3590.4,1005.31
10695,2026-11-30,Wireless Mouse,Electronics,East,2,45,0.0,90.0,25.2
10696,2026-12-01,Office Chair,Furniture,West,2,240,0.18,393.6,110.21
10697,2026-12-01,Executive Desk,Furniture,North,6,910,0.12,4804.8,1345.34
10698,2026-12-01,Ergonomic Chair,Furniture,North,1,320,0.12,281.6,78.85
10699,2026-12-01,Ergonomic Chair,Furniture,South,1,320,0.18,262.4,73.47
10700,2026-12-01,Tablet Air,Electronics,North,11,680,0.05,7106.0,1989.68
10701,2026-12-01,Plant Pot,Home Decor,South,5,30,0.0,150.0,42.0
10702,2026-12-01,Storage Cabinet,Furniture,South,5,280,0.05,1330.0,372.4
10703,2026-12-01,Desk Lamp,Home Decor,West,9,60,0.05,513.0,143.64
10704,2026-12-01,Office Chair,Furniture,South,2,240,0.12,422.4,118.27
10705,2026-12-01,Plant Pot,Home Decor,East,4,30,0.08,110.4,30.91
10706,2026-12-01,Standing Desk,Furniture,South,4,550,0.18,1804.0,505.12
10707,2026-12-01,Tablet Air,Electronics,North,5,680,0.05,3230.0,904.4
10708,2026-12-01,Executive Desk,Furniture,West,9,910,0.12,7207.2,2018.02
10709,2026-12-01,Projector,Office Supplies,West,9,680,0.0,6120.0,1713.6
10710,2026-12-01,Storage Cabinet,Furniture,North,11,280,0.0,3080.0,862.4
10711,2026-12-02,Desk Lamp,Home Decor,South,3,60,0.18,147.6,41.33
10712,2026-12-02,Color Printer,Office Supplies,East,10,260,0.18,2132.0,596.96
10713,2026-12-02,Plant Pot,Home Decor,North,6,30,0.08,165.6,46.37
10714,2026-12-02,Ergonomic Chair,Furniture,West,9,320,0.18,2361.6,661.25
10715,2026-12-02,Inkjet Printer,Office Supplies,East,5,180,0.18,738.0,206.64
10716,2026-12-02,Desk Lamp,Home Decor,East,1,60,0.08,55.2,15.46
10717,2026-12-02,Air Purifier,Home Decor,East,3,170,0.18,418.2,117.1
10718,2026-12-02,Desk Lamp,Home Decor,West,7,60,0.08,386.4,108.19
10719,2026-12-02,Ergonomic Chair,Furniture,South,7,320,0.0,2240.0,627.2
10720,2026-12-02,Executive Desk,Furniture,West,4,910,0.12,3203.2,896.9
10721,2026-12-02,Executive Desk,Furniture,South,8,910,0.08,6697.6,1875.33
10722,2026-12-02,Ergonomic Chair,Furniture,East,8,320,0.18,2099.2,587.78
10723,2026-12-02,Projector,Office Supplies,South,6,680,0.08,3753.6,1051.01
10724,2026-12-02,Notebook Set,Office Supplies,West,6,18,0.12,95.04,26.61
10725,2026-12-02,Desk Lamp,Home Decor,South,7,60,0.2,336.0,94.08
10726,2026-12-02,Standing Desk,Furniture,North,9,550,0.0,4950.0,1386.0
10727,2026-12-03,Air Purifier,Home Decor,North,8,170,0.08,1251.2,350.34
10728,2026-12-03,Smart Speaker,Electronics,East,7,95,0.08,611.8,171.3
10729,2026-12-03,Desk Lamp,Home Decor,West,1,60,0.05,57.0,15.96
10730,2026-12-03,"Monitor 27""",Electronics,West,5,390,0.05,1852.5,518.7
10731,2026-12-03,"Monitor 27""",Electronics,North,3,390,0.0,1170.0,327.6
10732,2026-12-03,Color Printer,Office Supplies,East,1,260,0.2,208.0,58.24
10733,2026-12-03,Color Printer,Office Supplies,West,4,260,0.12,915.2,256.26
10734,2026-12-03,"Monitor 27""",Electronics,South,3,390,0.12,1029.6,288.29
10735,2026-12-03,4K Monitor,Electronics,North,1,420,0.08,386.4,108.19
10736,2026-12-03,Executive Desk,Furniture,East,7,910,0.12,5605.6,1569.57
10737,2026-12-03,Desk Lamp,Home Decor,North,6,60,0.18,295.2,82.66
10738,2026-12-03,Office Chair,Furniture,South,4,240,0.08,883.2,247.3
10739,2026-12-03,Color Printer,Office Supplies,South,2,260,0.0,520.0,145.6
10740,2026-12-03,Office Chair,Furniture,West,7,240,0.12,1478.4,413.95
10741,2026-12-03,Notebook Set,Office Supplies,South,11,18,0.12,174.24,48.79
10742,2026-12-04,Tablet Air,Electronics,West,2,680,0.08,1251.2,350.34
10743,2026-12-04,Plant Pot,Home Decor,North,5,30,0.08,138.0,38.64
10744,2026-12-04,Office Chair,Furniture,West,7,240,0.0,1680.0,470.4
10745,2026-12-04,Standing Desk,Furniture,North,5,550,0.0,2750.0,770.0
10746,2026-12-04,Inkjet Printer,Office Supplies,East,6,180,0.2,864.0,241.92
10747,2026-12-04,Standing Desk,Furniture,West,4,550,0.18,1804.0,505.12
10748,2026-12-04,Air Purifier,Home Decor,East,6,170,0.08,938.4,262.75
10749,2026-12-04,Executive Desk,Furniture,East,1,910,0.08,837.2,234.42
10750,2026-12-04,Plant Pot,Home Decor,South,10,30,0.05,285.0,79.8
10751,2026-12-04,Projector,Office Supplies,South,10,680,0.08,6256.0,1751.68
10752,2026-12-05,Laptop Pro 14,Electronics,East,3,1200,0.08,3312.0,927.36
10753,2026-12-05,Projector,Office Supplies,East,6,680,0.18,3345.6,936.77
10754,2026-12-05,Storage Cabinet,Furniture,East,2,280,0.2,448.0,125.44
10755,2026-12-05,Office Chair,Furniture,North,6,240,0.08,1324.8,370.94
10756,2026-12-05,Ergonomic Chair,Furniture,East,11,320,0.18,2886.4,808.19
10757,2026-12-05,4K Monitor,Electronics,South,6,420,0.0,2520.0,705.6
10758,2026-12-05,Projector,Office Supplies,South,10,680,0.0,6800.0,1904.0
10759,2026-12-05,Plant Pot,Home Decor,South,1,30,0.2,24.0,6.72
10760,2026-12-05,Projector,Office Supplies,South,1,680,0.18,557.6,156.13
10761,2026-12-05,USB-C Dock,Electronics,North,2,120,0.12,211.2,59.14
10762,2026-12-06,Smart Speaker,Electronics,West,1,95,0.05,90.25,25.27
10763,2026-12-06,Desk Lamp,Home Decor,North,10,60,0.08,552.0,154.56
10764,2026-12-06,Color Printer,Office Supplies,South,5,260,0.12,1144.0,320.32
10765,2026-12-06,Standing Desk,Furniture,East,8,550,0.12,3872.0,1084.16
10766,2026-12-06,Color Printer,Office Supplies,West,10,260,0.2,2080.0,582.4
10767,2026-12-06,Wireless Mouse,Electronics,South,8,45,0.05,342.0,95.76
10768,2026-12-06,Wireless Mouse,Electronics,East,11,45,0.08,455.4,127.51
10769,2026-12-06,Notebook Set,Office Supplies,North,8,18,0.08,132.48,37.09
10770,2026-12-06,Smart Speaker,Electronics,West,8,95,0.18,623.2,174.5
10771,2026-12-06,Office Chair,Furniture,West,5,240,0.05,1140.0,319.2
10772,2026-12-06,Desk Lamp,Home Decor,South,11,60,0.05,627.0,175.56
10773,2026-12-06,Plant Pot,Home Decor,South,5,30,0.08,138.0,38.64
10774,2026-12-06,4K Monitor,Electronics,East,8,420,0.18,2755.2,771.46
10775,2026-12-06,Color Printer,Office Supplies,East,8,260,0.2,1664.0,465.92
10776,2026-12-07,Notebook Set,Office Supplies,North,11,18,0.08,182.16,51.0
10777,2026-12-07,Color Printer,Office Supplies,North,6,260,0.05,1482.0,414.96
10778,2026-12-07,Standing Desk,Furniture,East,2,550,0.08,1012.0,283.36
10779,2026-12-07,Office Chair,Furniture,West,4,240,0.05,912.0,255.36
10780,2026-12-07,Color Printer,Office Supplies,East,1,260,0.0,260.0,72.8
10781,2026-12-07,Inkjet Printer,Office Supplies,West,1,180,0.05,171.0,47.88
10782,2026-12-07,Air Purifier,Home Decor,East,1,170,0.0,170.0,47.6
10783,2026-12-07,Desk Lamp,Home Decor,South,11,60,0.05,627.0,175.56
10784,2026-12-07,Executive Desk,Furniture,West,5,910,0.0,4550.0,1274.0
10785,2026-12-08,Laptop Pro 14,Electronics,East,6,1200,0.05,6840.0,1915.2
10786,2026-12-08,Projector,Office Supplies,North,8,680,0.12,4787.2,1340.42
10787,2026-12-08,Notebook Set,Office Supplies,East,9,18,0.18,132.84,37.2
10788,2026-12-08,Air Purifier,Home Decor,West,8,170,0.08,1251.2,350.34
10789,2026-12-08,Air Purifier,Home Decor,East,7,170,0.08,1094.8,306.54
10790,2026-12-08,Inkjet Printer,Office Supplies,North,5,180,0.2,720.0,201.6
10791,2026-12-08,Executive Desk,Furniture,South,4,910,0.08,3348.8,937.66
10792,2026-12-08,Plant Pot,Home Decor,East,10,30,0.05,285.0,79.8
10793,2026-12-09,Inkjet Printer,Office Supplies,North,11,180,0.05,1881.0,526.68
10794,2026-12-09,Desk Lamp,Home Decor,West,4,60,0.0,240.0,67.2
10795,2026-12-09,Inkjet Printer,Office Supplies,East,6,180,0.05,1026.0,287.28
10796,2026-12-09,Color Printer,Office Supplies,East,8,260,0.18,1705.6,477.57
10797,2026-12-09,Executive Desk,Furniture,North,11,910,0.18,8208.2,2298.3
10798,2026-12-09,Notebook Set,Office Supplies,West,7,18,0.18,103.32,28.93
10799,2026-12-09,Laptop Pro 14,Electronics,South,9,1200,0.08,9936.0,2782.08
10800,2026-12-09,USB-C Dock,Electronics,North,5,120,0.2,480.0,134.4
10801,2026-12-09,Ergonomic Chair,Furniture,North,6,320,0.2,1536.0,430.08
10802,2026-12-09,Air Purifier,Home Decor,South,1,170,0.05,161.5,45.22
10803,2026-12-09,Wireless Mouse,Electronics,East,6,45,0.18,221.4,61.99
10804,2026-12-09,Wireless Headset,Electronics,North,8,120,0.18,787.2,220.42
10805,2026-12-09,Storage Cabinet,Furniture,South,7,280,0.12,1724.8,482.94
10806,2026-12-09,"Monitor 27""",Electronics,East,7,390,0.12,2402.4,672.67
10807,2026-12-09,Inkjet Printer,Office Supplies,East,4,180,0.05,684.0,191.52
10808,2026-12-10,Standing Desk,Furniture,North,2,550,0.08,1012.0,283.36
10809,2026-12-10,Standing Desk,Furniture,North,6,550,0.05,3135.0,877.8
10810,2026-12-10,Plant Pot,Home Decor,South,9,30,0.0,270.0,75.6
10811,2026-12-10,Ergonomic Chair,Furniture,East,10,320,0.12,2816.0,788.48
10812,2026-12-10,Storage Cabinet,Furniture,East,4,280,0.18,918.4,257.15
10813,2026-12-10,Standing Desk,Furniture,East,3,550,0.08,1518.0,425.04
10814,2026-12-10,Standing Desk,Furniture,South,11,550,0.05,5747.5,1609.3
10815,2026-12-10,Inkjet Printer,Office Supplies,North,10,180,0.2,1440.0,403.2
10816,2026-12-10,Smart Speaker,Electronics,West,2,95,0.2,152.0,42.56
10817,2026-12-10,Tablet Air,Electronics,West,3,680,0.05,1938.0,542.64
10818,2026-12-10,Tablet Air,Electronics,South,8,680,0.12,4787.2,1340.42
10819,2026-12-11,Laptop Pro 14,Electronics,East,2,1200,0.08,2208.0,618.24
10820,2026-12-11,Inkjet Printer,Office Supplies,South,10,180,0.12,1584.0,443.52
10821,2026-12-11,Notebook Set,Office Supplies,West,9,18,0.18,132.84,37.2
10822,2026-12-11,Color Printer,Office Supplies,East,7,260,0.08,1674.4,468.83
10823,2026-12-11,Inkjet Printer,Office Supplies,West,4,180,0.08,662.4,185.47
10824,2026-12-11,4K Monitor,Electronics,East,3,420,0.0,1260.0,352.8
10825,2026-12-11,Plant Pot,Home Decor,South,1,30,0.18,24.6,6.89
10826,2026-12-11,"Monitor 27""",Electronics,East,5,390,0.18,1599.0,447.72
10827,2026-12-11,Inkjet Printer,Office Supplies,South,5,180,0.05,855.0,239.4
10828,2026-12-11,Projector,Office Supplies,East,1,680,0.2,544.0,152.32
10829,2026-12-11,Air Purifier,Home Decor,North,10,170,0.08,1564.0,437.92
10830,2026-12-11,Air Purifier,Home Decor,West,2,170,0.12,299.2,83.78
10831,2026-12-11,Color Printer,Office Supplies,West,8,260,0.0,2080.0,582.4
10832,2026-12-12,Inkjet Printer,Office Supplies,South,11,180,0.0,1980.0,554.4
10833,2026-12-12,Inkjet Printer,Office Supplies,North,5,180,0.08,828.0,231.84
10834,2026-12-12,Standing Desk,Furniture,East,4,550,0.12,1936.0,542.08
10835,2026-12-12,Color Printer,Office Supplies,East,4,260,0.08,956.8,267.9
10836,2026-12-12,Notebook Set,Office Supplies,East,5,18,0.05,85.5,23.94
10837,2026-12-12,Laptop Pro 14,Electronics,South,10,1200,0.12,10560.0,2956.8
10838,2026-12-12,Standing Desk,Furniture,South,11,550,0.0,6050.0,1694.0
10839,2026-12-12,Color Printer,Office Supplies,North,10,260,0.08,2392.0,669.76
10840,2026-12-12,Notebook Set,Office Supplies,West,1,18,0.05,17.1,4.79
10841,2026-12-13,Color Printer,Office Supplies,South,9,260,0.2,1872.0,524.16
10842,2026-12-13,Notebook Set,Office Supplies,West,1,18,0.2,14.4,4.03
10843,2026-12-13,Wireless Mouse,Electronics,North,3,45,0.18,110.7,31.0
10844,2026-12-13,Standing Desk,Furniture,South,11,550,0.12,5324.0,1490.72
10845,2026-12-13,Inkjet Printer,Office Supplies,East,9,180,0.18,1328.4,371.95
10846,2026-12-13,USB-C Dock,Electronics,West,2,120,0.08,220.8,61.82
10847,2026-12-13,Notebook Set,Office Supplies,East,10,18,0.12,158.4,44.35
10848,2026-12-13,Standing Desk,Furniture,East,11,550,0.2,4840.0,1355.2
10849,2026-12-13,Notebook Set,Office Supplies,South,3,18,0.0,54.0,15.12
10850,2026-12-13,USB-C Dock,Electronics,North,1,120,0.2,96.0,26.88
10851,2026-12-13,Projector,Office Supplies,North,5,680,0.12,2992.0,837.76
10852,2026-12-13,Inkjet Printer,Office Supplies,West,8,180,0.05,1368.0,383.04
10853,2026-12-13,Wireless Mouse,Electronics,West,10,45,0.08,414.0,115.92
10854,2026-12-13,Projector,Office Supplies,North,11,680,0.08,6881.6,1926.85
10855,2026-12-13,Standing Desk,Furniture,East,7,550,0.0,3850.0,1078.0
10856,2026-12-13,Notebook Set,Office Supplies,South,7,18,0.18,103.32,28.93
10857,2026-12-13,"Monitor 27""",Electronics,South,8,390,0.18,2558.4,716.35
10858,2026-12-14,Desk Lamp,Home Decor,East,4,60,0.2,192.0,53.76
10859,2026-12-14,4K Monitor,Electronics,East,11,420,0.12,4065.6,1138.37
10860,2026-12-14,Storage Cabinet,Furniture,North,11,280,0.0,3080.0,862.4
10861,2026-12-14,Air Purifier,Home Decor,North,11,170,0.0,1870.0,523.6
10862,2026-12-14,USB-C Dock,Electronics,North,2,120,0.12,211.2,59.14
10863,2026-12-14,Plant Pot,Home Decor,East,7,30,0.0,210.0,58.8
10864,2026-12-14,"Monitor 27""",Electronics,East,3,390,0.08,1076.4,301.39
10865,2026-12-14,Executive Desk,Furniture,North,8,910,0.18,5969.6,1671.49
10866,2026-12-14,Color Printer,Office Supplies,North,10,260,0.05,2470.0,691.6
10867,2026-12-14,USB-C Dock,Electronics,South,6,120,0.18,590.4,165.31
10868,2026-12-14,Inkjet Printer,Office Supplies,West,5,180,0.2,720.0,201.6
10869,2026-12-14,Desk Lamp,Home Decor,West,8,60,0.2,384.0,107.52
10870,2026-12-14,Ergonomic Chair,Furniture,South,7,320,0.12,1971.2,551.94
10871,2026-12-14,Storage Cabinet,Furniture,South,6,280,0.0,1680.0,470.4
10872,2026-12-15,Plant Pot,Home Decor,South,2,30,0.12,52.8,14.78
10873,2026-12-15,Office Chair,Furniture,West,9,240,0.05,2052.0,574.56
10874,2026-12-15,"Monitor 27""",Electronics,East,1,390,0.08,358.8,100.46
10875,2026-12-15,Laptop Pro 14,Electronics,South,1,1200,0.05,1140.0,319.2
10876,2026-12-15,Projector,Office Supplies,West,4,680,0.2,2176.0,609.28
10877,2026-12-15,Storage Cabinet,Furniture,West,5,280,0.18,1148.0,321.44
10878,2026-12-15,Laptop Pro 14,Electronics,West,3,1200,0.2,2880.0,806.4
10879,2026-12-15,Office Chair,Furniture,South,6,240,0.08,1324.8,370.94
10880,2026-12-15,Tablet Air,Electronics,East,6,680,0.08,3753.6,1051.01
10881,2026-12-15,Desk Lamp,Home Decor,North,1,60,0.2,48.0,13.44
10882,2026-12-15,Tablet Air,Electronics,South,1,680,0.2,544.0,152.32
10883,2026-12-15,Color Printer,Office Supplies,East,9,260,0.0,2340.0,655.2
10884,2026-12-15,USB-C Dock,Electronics,East,7,120,0.08,772.8,216.38
10885,2026-12-15,Notebook Set,Office Supplies,East,5,18,0.08,82.8,23.18
10886,2026-12-16,Air Purifier,Home Decor,West,10,170,0.12,1496.0,418.88
10887,2026-12-16,Standing Desk,Furniture,East,11,550,0.08,5566.0,1558.48
10888,2026-12-16,Plant Pot,Home Decor,South,8,30,0.08,220.8,61.82
10889,2026-12-16,Desk Lamp,Home Decor,West,4,60,0.0,240.0,67.2
10890,2026-12-16,Color Printer,Office Supplies,East,1,260,0.08,239.2,66.98
10891,2026-12-16,Tablet Air,Electronics,North,11,680,0.0,7480.0,2094.4
10892,2026-12-16,Inkjet Printer,Office Supplies,North,4,180,0.0,720.0,201.6
10893,2026-12-16,Projector,Office Supplies,South,5,680,0.0,3400.0,952.0
10894,2026-12-16,Office Chair,Furniture,East,10,240,0.18,1968.0,551.04
10895,2026-12-17,Laptop Pro 14,Electronics,West,2,1200,0.0,2400.0,672.0
10896,2026-12-17,Plant Pot,Home Decor,South,9,30,0.0,270.0,75.6
10897,2026-12-17,Wireless Headset,Electronics,North,8,120,0.12,844.8,236.54
10898,2026-12-17,USB-C Dock,Electronics,South,11,120,0.08,1214.4,340.03
10899,2026-12-17,Inkjet Printer,Office Supplies,West,4,180,0.12,633.6,177.41
10900,2026-12-17,Air Purifier,Home Decor,West,8,170,0.18,1115.2,312.26
10901,2026-12-17,Executive Desk,Furniture,East,6,910,0.05,5187.0,1452.36
10902,2026-12-17,Standing Desk,Furniture,East,1,550,0.0,550.0,154.0
10903,2026-12-17,Standing Desk,Furniture,East,2,550,0.08,1012.0,283.36
10904,2026-12-18,Color Printer,Office Supplies,South,5,260,0.18,1066.0,298.48
10905,2026-12-18,Executive Desk,Furniture,West,3,910,0.0,2730.0,764.4
10906,2026-12-18,Storage Cabinet,Furniture,North,9,280,0.12,2217.6,620.93
10907,2026-12-18,Color Printer,Office Supplies,South,6,260,0.05,1482.0,414.96
10908,2026-12-18,Projector,Office Supplies,West,5,680,0.0,3400.0,952.0
10909,2026-12-18,Desk Lamp,Home Decor,West,4,60,0.2,192.0,53.76
10910,2026-12-18,Plant Pot,Home Decor,East,6,30,0.12,158.4,44.35
10911,2026-12-18,Standing Desk,Furniture,South,6,550,0.05,3135.0,877.8
10912,2026-12-18,Storage Cabinet,Furniture,East,5,280,0.0,1400.0,392.0
10913,2026-12-18,Notebook Set,Office Supplies,South,8,18,0.05,136.8,38.3
10914,2026-12-18,Laptop Pro 14,Electronics,South,8,1200,0.18,7872.0,2204.16
10915,2026-12-18,Tablet Air,Electronics,East,2,680,0.08,1251.2,350.34
10916,2026-12-18,Desk Lamp,Home Decor,South,9,60,0.12,475.2,133.06
10917,2026-12-18,Notebook Set,Office Supplies,East,2,18,0.2,28.8,8.06
10918,2026-12-18,Wireless Mouse,Electronics,South,4,45,0.08,165.6,46.37
10919,2026-12-19,Office Chair,Furniture,North,7,240,0.0,1680.0,470.4
10920,2026-12-19,Smart Speaker,Electronics,South,6,95,0.2,456.0,127.68
10921,2026-12-19,Air Purifier,Home Decor,South,4,170,0.05,646.0,180.88
10922,2026-12-19,Wireless Headset,Electronics,West,7,120,0.12,739.2,206.98
10923,2026-12-19,Office Chair,Furniture,West,5,240,0.18,984.0,275.52
10924,2026-12-19,Standing Desk,Furniture,South,10,550,0.08,5060.0,1416.8
10925,2026-12-19,Plant Pot,Home Decor,South,1,30,0.18,24.6,6.89
10926,2026-12-19,Standing Desk,Furniture,North,8,550,0.18,3608.0,1010.24
10927,2026-12-19,Plant Pot,Home Decor,East,6,30,0.18,147.6,41.33
10928,2026-12-19,Notebook Set,Office Supplies,North,7,18,0.12,110.88,31.05
10929,2026-12-19,Air Purifier,Home Decor,North,7,170,0.08,1094.8,306.54
10930,2026-12-19,Standing Desk,Furniture,West,2,550,0.2,880.0,246.4
10931,2026-12-19,Air Purifier,Home Decor,North,5,170,0.0,850.0,238.0
10932,2026-12-19,Projector,Office Supplies,East,1,680,0.05,646.0,180.88
10933,2026-12-19,"Monitor 27""",Electronics,South,10,390,0.05,3705.0,1037.4
10934,2026-12-19,Storage Cabinet,Furniture,West,4,280,0.2,896.0,250.88
10935,2026-12-19,Inkjet Printer,Office Supplies,East,2,180,0.2,288.0,80.64
10936,2026-12-20,Standing Desk,Furniture,South,9,550,0.12,4356.0,1219.68
10937,2026-12-20,Wireless Mouse,Electronics,North,9,45,0.05,384.75,107.73
10938,2026-12-20,Plant Pot,Home Decor,West,11,30,0.18,270.6,75.77
10939,2026-12-20,Wireless Mouse,Electronics,North,7,45,0.18,258.3,72.32
10940,2026-12-20,Air Purifier,Home Decor,South,5,170,0.18,697.0,195.16
10941,2026-12-20,Plant Pot,Home Decor,North,2,30,0.18,49.2,13.78
10942,2026-12-20,Executive Desk,Furniture,West,10,910,0.08,8372.0,2344.16
10943,2026-12-20,Notebook Set,Office Supplies,West,10,18,0.08,165.6,46.37
10944,2026-12-20,Executive Desk,Furniture,South,8,910,0.0,7280.0,2038.4
10945,2026-12-20,Executive Desk,Furniture,West,1,910,0.18,746.2,208.94
10946,2026-12-20,Tablet Air,Electronics,South,4,680,0.18,2230.4,624.51
10947,2026-12-20,Desk Lamp,Home Decor,South,11,60,0.2,528.0,147.84
10948,2026-12-20,Notebook Set,Office Supplies,West,7,18,0.12,110.88,31.05
10949,2026-12-20,4K Monitor,Electronics,East,3,420,0.08,1159.2,324.58
10950,2026-12-20,Office Chair,Furniture,South,10,240,0.18,1968.0,551.04
10951,2026-12-20,Ergonomic Chair,Furniture,West,6,320,0.18,1574.4,440.83
10952,2026-12-20,"Monitor 27""",Electronics,East,4,390,0.2,1248.0,349.44
10953,2026-12-21,Plant Pot,Home Decor,South,6,30,0.05,171.0,47.88
10954,2026-12-21,Projector,Office Supplies,South,6,680,0.2,3264.0,913.92
10955,2026-12-21,Plant Pot,Home Decor,East,10,30,0.2,240.0,67.2
10956,2026-12-21,Plant Pot,Home Decor,West,10,30,0.12,264.0,73.92
10957,2026-12-21,Smart Speaker,Electronics,South,10,95,0.0,950.0,266.0
10958,2026-12-21,Notebook Set,Office Supplies,West,1,18,0.05,17.1,4.79
10959,2026-12-21,USB-C Dock,Electronics,West,5,120,0.12,528.0,147.84
10960,2026-12-21,Inkjet Printer,Office Supplies,West,4,180,0.05,684.0,191.52
10961,2026-12-21,Smart Speaker,Electronics,North,1,95,0.0,95.0,26.6
10962,2026-12-21,Wireless Headset,Electronics,North,7,120,0.0,840.0,235.2
10963,2026-12-22,Ergonomic Chair,Furniture,East,11,320,0.18,2886.4,808.19
10964,2026-12-22,Storage Cabinet,Furniture,South,1,280,0.08,257.6,72.13
10965,2026-12-22,Plant Pot,Home Decor,South,1,30,0.05,28.5,7.98
10966,2026-12-22,"Monitor 27""",Electronics,South,11,390,0.12,3775.2,1057.06
10967,2026-12-22,Ergonomic Chair,Furniture,West,2,320,0.05,608.0,170.24
10968,2026-12-22,Notebook Set,Office Supplies,East,2,18,0.2,28.8,8.06
10969,2026-12-22,Plant Pot,Home Decor,East,3,30,0.12,79.2,22.18
10970,2026-12-22,Projector,Office Supplies,North,6,680,0.2,3264.0,913.92
10971,2026-12-22,Laptop Pro 14,Electronics,East,2,1200,0.05,2280.0,638.4
10972,2026-12-22,Desk Lamp,Home Decor,North,10,60,0.12,528.0,147.84
10973,2026-12-22,Office Chair,Furniture,South,5,240,0.12,1056.0,295.68
10974,2026-12-22,Smart Speaker,Electronics,North,4,95,0.0,380.0,106.4
10975,2026-12-22,Projector,Office Supplies,South,1,680,0.0,680.0,190.4
10976,2026-12-22,USB-C Dock,Electronics,South,5,120,0.18,492.0,137.76
10977,2026-12-22,Executive Desk,Furniture,West,2,910,0.0,1820.0,509.6
10978,2026-12-22,Smart Speaker,Electronics,West,10,95,0.12,836.0,234.08
10979,2026-12-23,Air Purifier,Home Decor,South,8,170,0.12,1196.8,335.1
10980,2026-12-23,Inkjet Printer,Office Supplies,South,4,180,0.08,662.4,185.47
10981,2026-12-23,Air Purifier,Home Decor,North,1,170,0.08,156.4,43.79
10982,2026-12-23,Desk Lamp,Home Decor,West,8,60,0.18,393.6,110.21
10983,2026-12-23,Notebook Set,Office Supplies,North,9,18,0.05,153.9,43.09
10984,2026-12-23,Inkjet Printer,Office Supplies,North,8,180,0.2,1152.0,322.56
10985,2026-12-23,Standing Desk,Furniture,South,11,550,0.05,5747.5,1609.3
10986,2026-12-23,Tablet Air,Electronics,North,1,680,0.18,557.6,156.13
10987,2026-12-23,Standing Desk,Furniture,North,3,550,0.0,1650.0,462.0
10988,2026-12-24,Office Chair,Furniture,South,1,240,0.2,192.0,53.76
10989,2026-12-24,Projector,Office Supplies,East,6,680,0.12,3590.4,1005.31
10990,2026-12-24,"Monitor 27""",Electronics,South,4,390,0.2,1248.0,349.44
10991,2026-12-24,Desk Lamp,Home Decor,West,3,60,0.2,144.0,40.32
10992,2026-12-24,Color Printer,Office Supplies,East,10,260,0.12,2288.0,640.64
10993,2026-12-24,Desk Lamp,Home Decor,South,3,60,0.2,144.0,40.32
10994,2026-12-24,Wireless Mouse,Electronics,North,2,45,0.05,85.5,23.94
10995,2026-12-24,Storage Cabinet,Furniture,South,5,280,0.08,1288.0,360.64
10996,2026-12-25,Inkjet Printer,Office Supplies,East,1,180,0.2,144.0,40.32
10997,2026-12-25,Inkjet Printer,Office Supplies,South,4,180,0.2,576.0,161.28
10998,2026-12-25,Inkjet Printer,Office Supplies,East,1,180,0.18,147.6,41.33
10999,2026-12-25,Inkjet Printer,Office Supplies,East,1,180,0.08,165.6,46.37
11000,2026-12-25,Air Purifier,Home Decor,North,7,170,0.18,975.8,273.22
11001,2026-12-25,Inkjet Printer,Office Supplies,East,5,180,0.2,720.0,201.6
11002,2026-12-25,Air Purifier,Home Decor,South,8,170,0.0,1360.0,380.8
11003,2026-12-25,Air Purifier,Home Decor,West,1,170,0.08,156.4,43.79
11004,2026-12-26,Desk Lamp,Home Decor,East,5,60,0.0,300.0,84.0
11005,2026-12-26,Color Printer,Office Supplies,South,7,260,0.08,1674.4,468.83
11006,2026-12-26,Inkjet Printer,Office Supplies,West,10,180,0.08,1656.0,463.68
11007,2026-12-26,Wireless Headset,Electronics,West,8,120,0.08,883.2,247.3
11008,2026-12-26,Inkjet Printer,Office Supplies,West,8,180,0.12,1267.2,354.82
11009,2026-12-26,Standing Desk,Furniture,East,4,550,0.2,1760.0,492.8
11010,2026-12-26,Tablet Air,Electronics,West,6,680,0.2,3264.0,913.92
11011,2026-12-26,Notebook Set,Office Supplies,South,10,18,0.18,147.6,41.33
11012,2026-12-26,Smart Speaker,Electronics,West,1,95,0.2,76.0,21.28
11013,2026-12-26,Projector,Office Supplies,North,4,680,0.18,2230.4,624.51
11014,2026-12-27,USB-C Dock,Electronics,North,11,120,0.18,1082.4,303.07
11015,2026-12-27,Color Printer,Office Supplies,East,11,260,0.0,2860.0,800.8
11016,2026-12-27,Wireless Headset,Electronics,North,3,120,0.0,360.0,100.8
11017,2026-12-27,"Monitor 27""",Electronics,East,2,390,0.2,624.0,174.72
11018,2026-12-27,Desk Lamp,Home Decor,North,6,60,0.2,288.0,80.64
11019,2026-12-27,USB-C Dock,Electronics,East,8,120,0.2,768.0,215.04
11020,2026-12-27,Wireless Mouse,Electronics,North,3,45,0.08,124.2,34.78
11021,2026-12-27,Desk Lamp,Home Decor,East,7,60,0.2,336.0,94.08
11022,2026-12-27,Executive Desk,Furniture,South,3,910,0.2,2184.0,611.52
11023,2026-12-28,Storage Cabinet,Furniture,North,9,280,0.08,2318.4,649.15
11024,2026-12-28,Storage Cabinet,Furniture,West,5,280,0.18,1148.0,321.44
11025,2026-12-28,Projector,Office Supplies,East,11,680,0.18,6133.6,1717.41
11026,2026-12-28,Smart Speaker,Electronics,West,1,95,0.05,90.25,25.27
11027,2026-12-28,Desk Lamp,Home Decor,North,3,60,0.05,171.0,47.88
11028,2026-12-28,Desk Lamp,Home Decor,West,8,60,0.05,456.0,127.68
11029,2026-12-28,4K Monitor,Electronics,West,2,420,0.05,798.0,223.44
11030,2026-12-28,Projector,Office Supplies,West,4,680,0.2,2176.0,609.28
11031,2026-12-29,Storage Cabinet,Furniture,West,10,280,0.2,2240.0,627.2
11032,2026-12-29,Storage Cabinet,Furniture,West,4,280,0.18,918.4,257.15
11033,2026-12-29,Color Printer,Office Supplies,North,3,260,0.12,686.4,192.19
11034,2026-12-29,Executive Desk,Furniture,West,1,910,0.2,728.0,203.84
11035,2026-12-29,Smart Speaker,Electronics,West,3,95,0.12,250.8,70.22
11036,2026-12-29,Wireless Mouse,Electronics,North,6,45,0.05,256.5,71.82
11037,2026-12-29,Tablet Air,Electronics,North,2,680,0.0,1360.0,380.8
11038,2026-12-29,Desk Lamp,Home Decor,West,9,60,0.05,513.0,143.64
11039,2026-12-29,Desk Lamp,Home Decor,East,6,60,0.18,295.2,82.66
11040,2026-12-29,Wireless Mouse,Electronics,East,11,45,0.12,435.6,121.97
11041,2026-12-29,Wireless Mouse,Electronics,East,10,45,0.12,396.0,110.88
11042,2026-12-29,Executive Desk,Furniture,North,6,910,0.2,4368.0,1223.04
11043,2026-12-29,Notebook Set,Office Supplies,North,1,18,0.08,16.56,4.64
11044,2026-12-29,4K Monitor,Electronics,South,1,420,0.08,386.4,108.19
11045,2026-12-29,Color Printer,Office Supplies,West,5,260,0.12,1144.0,320.32
11046,2026-12-30,Wireless Mouse,Electronics,West,5,45,0.18,184.5,51.66
11047,2026-12-30,Plant Pot,Home Decor,West,3,30,0.18,73.8,20.66
11048,2026-12-30,Laptop Pro 14,Electronics,South,6,1200,0.0,7200.0,2016.0
11049,2026-12-30,Plant Pot,Home Decor,West,3,30,0.18,73.8,20.66
11050,2026-12-30,Inkjet Printer,Office Supplies,East,1,180,0.2,144.0,40.32
11051,2026-12-30,Wireless Headset,Electronics,North,9,120,0.08,993.6,278.21
11052,2026-12-30,Standing Desk,Furniture,North,5,550,0.18,2255.0,631.4
11053,2026-12-30,Inkjet Printer,Office Supplies,East,3,180,0.12,475.2,133.06
11054,2026-12-30,Notebook Set,Office Supplies,North,6,18,0.12,95.04,26.61
11055,2026-12-30,Desk Lamp,Home Decor,South,6,60,0.2,288.0,80.64
11056,2026-12-30,Storage Cabinet,Furniture,South,7,280,0.18,1607.2,450.02
11057,2026-12-30,Storage Cabinet,Furniture,East,4,280,0.2,896.0,250.88
11058,2026-12-30,Inkjet Printer,Office Supplies,North,9,180,0.12,1425.6,399.17
11059,2026-12-31,Projector,Office Supplies,North,1,680,0.12,598.4,167.55
11060,2026-12-31,4K Monitor,Electronics,West,7,420,0.18,2410.8,675.02
11061,2026-12-31,Office Chair,Furniture,North,4,240,0.18,787.2,220.42
11062,2026-12-31,Plant Pot,Home Decor,West,6,30,0.2,144.0,40.32
11063,2026-12-31,Executive Desk,Furniture,North,2,910,0.18,1492.4,417.87
11064,2026-12-31,Inkjet Printer,Office Supplies,East,11,180,0.08,1821.6,510.05
11065,2026-12-31,Notebook Set,Office Supplies,East,10,18,0.12,158.4,44.35
11066,2026-12-31,Wireless Headset,Electronics,South,1,120,0.12,105.6,29.57
11067,2026-12-31,Office Chair,Furniture,West,8,240,0.12,1689.6,473.09
11068,2026-12-31,Standing Desk,Furniture,North,6,550,0.05,3135.0,877.8
11069,2026-12-31,Plant Pot,Home Decor,North,10,30,0.2,240.0,67.2
11070,2026-12-31,Standing Desk,Furniture,North,6,550,0.2,2640.0,739.2
11071,2026-12-31,Standing Desk,Furniture,South,1,550,0.08,506.0,141.68
11072,2026-12-31,Executive Desk,Furniture,North,6,910,0.05,5187.0,1452.36
11073,2026-12-31,Office Chair,Furniture,East,10,240,0.0,2400.0,672.0
11074,2026-12-31,Air Purifier,Home Decor,East,9,170,0.0,1530.0,428.4
